{
  "Top": "top",
  "RtlTop": "top",
  "RtlPrefix": "",
  "SourceLanguage": "cpp",
  "ResetStyle": "control",
  "GenerateBdFiles": "0",
  "HostMachineBits": "64",
  "Target": {
    "Family": "zynq",
    "Device": "xc7z020",
    "Package": "-clg400",
    "Speed": "-1"
  },
  "HlsSolution": {
    
  },
  "Args": {
    "val": {
      "index": "0",
      "type": {
        "dataType": "ap_int",
        "dataWidth": "8",
        "interfaceRef": "val_V"
      }
    },
    "mode": {
      "index": "1",
      "type": {
        "dataType": "int",
        "dataWidth": "32",
        "interfaceRef": "mode"
      }
    }
  },
  "Return": {
    "dataType": "ap_int",
    "dataWidth": "8",
    "interfaceRef": "ap_return"
  },
  "ClockInfo": {
    "ClockName": "ap_clk",
    "ClockPeriod": "5",
    "IsCombLogic": "1",
    "II": "x",
    "Latency": "0",
    "Uncertainty": "0.625"
  },
  "Xdc": {
    
  },
  "Ipx": {
    "Vendor": "xilinx.com",
    "Library": "hls",
    "Name": "top",
    "Version": "1.0",
    "DisplayName": "Top",
    "Revision": "",
    "Description": "An IP generated by Vivado HLS",
    "Taxonomy": "\/VIVADO_HLS_IP",
    "AutoFamilySupport": ""
  },
  "Files": {
    "CSource": [
      "..\/Top.cpp",
      "..\/Abs.cpp"
    ],
    "Vhdl": ["impl\/vhdl\/top.vhd"],
    "Verilog": ["impl\/verilog\/top.v"],
    "Misc": ["impl\/misc\/logo.png"],
    "DesignXml": "C:\/data\/ACA\/LabA\/LabA-HLS\/solution1\/.autopilot\/db\/top.design.xml",
    "DebugDir": "C:\/data\/ACA\/LabA\/LabA-HLS\/solution1\/.debug",
    "ProtoInst": [
      "C:\/data\/ACA\/LabA\/LabA-HLS\/solution1\/.debug\/abs_algorithmic.protoinst",
      "C:\/data\/ACA\/LabA\/LabA-HLS\/solution1\/.debug\/top.protoinst"
    ]
  },
  "SubcoreInfo": {
    "HasXpmMemory": false,
    "HasClockedDsp": false,
    "IP": []
  },
  "Interfaces": {
    "ap_ctrl": {
      "type": "ap_ctrl",
      "ctrl_ports": "ap_start ap_done ap_idle ap_ready",
      "ctype": {
        "start": {"Type": "bool"},
        "done": {"Type": "bool"},
        "idle": {"Type": "bool"},
        "ready": {"Type": "bool"}
      }
    },
    "ap_return": {
      "type": "data",
      "dir": "out",
      "width": "8",
      "ctype": {"DATA": {
          "Type": "integer signed",
          "Width": "8"
        }},
      "bundle_name": "ap_return",
      "bundle_role": "default"
    },
    "mode": {
      "type": "data",
      "dir": "in",
      "width": "32",
      "ctype": {"DATA": {
          "Type": "integer signed",
          "Width": "32"
        }},
      "bundle_name": "mode",
      "bundle_role": "default"
    },
    "val_V": {
      "type": "data",
      "dir": "in",
      "width": "8",
      "ctype": {"DATA": {
          "Type": "integer signed",
          "Width": "8"
        }},
      "bundle_name": "val_V",
      "bundle_role": "default"
    }
  },
  "RtlPorts": {
    "ap_start": {
      "dir": "in",
      "width": "1"
    },
    "ap_done": {
      "dir": "out",
      "width": "1"
    },
    "ap_idle": {
      "dir": "out",
      "width": "1"
    },
    "ap_ready": {
      "dir": "out",
      "width": "1"
    },
    "ap_return": {
      "dir": "out",
      "width": "8"
    },
    "val_V": {
      "dir": "in",
      "width": "8"
    },
    "mode": {
      "dir": "in",
      "width": "32"
    }
  },
  "ModuleInfo": {
    "Hierarchy": {"ModuleName": "top"},
    "Info": {"top": {
        "FunctionProtocol": "ap_ctrl_hs",
        "isTaskLevelControl": "1",
        "isPipelined": "0",
        "isCombinational": "1",
        "isOneStateSeq": "0"
      }},
    "Metrics": {"top": {
        "Latency": {
          "LatencyBest": "0",
          "LatencyAvg": "0",
          "LatencyWorst": "0",
          "PipelineII": "1",
          "PipelineDepth": "",
          "PipelineType": "none"
        },
        "Timing": {
          "Target": "5.00",
          "Uncertainty": "0.63",
          "Estimate": "3.163"
        },
        "Area": {
          "FF": "0",
          "LUT": "23",
          "BRAM_18K": "0",
          "DSP48E": "0",
          "URAM": "0"
        }
      }}
  },
  "Sdx": {
    "Target": "none",
    "ProfileOption": "0",
    "ProfileType": "none",
    "XO": "",
    "KernelName": "top",
    "EnableXoSwEmu": "1"
  },
  "GenData": {
    "DataVersion": "0.2",
    "Time": "2021-04-13 11:46:48 +0800",
    "ToolName": "vivado_hls",
    "ToolVersion": "2019.2"
  }
}
