<?xml version="1.0" encoding="UTF-8"?>
<vivadoHLSLog:LogRoot xmlns:vivadoHLSLog="www.xilinx.com/vivadoHLSLog">
  <errorLogs>
    <logs>
      <synLog/>
      <simLog/>
      <mgLog/>
      <packageLog/>
      <csimLog/>
    </logs>
  </errorLogs>
  <warningLogs>
    <logs>
      <synLog>
        <logs message="WARNING: [RTGEN 206-101] Register 'regs_0' is power-on initialization." projectName="Shift_Register" solutionName="solution1" date="2021-04-08T07:05:22.665+0800" type="Warning"/>
        <logs message="WARNING: [RTGEN 206-101] Register 'regs_1' is power-on initialization." projectName="Shift_Register" solutionName="solution1" date="2021-04-08T07:05:22.649+0800" type="Warning"/>
        <logs message="WARNING: [RTGEN 206-101] Register 'regs_2' is power-on initialization." projectName="Shift_Register" solutionName="solution1" date="2021-04-08T07:05:22.645+0800" type="Warning"/>
        <logs message="WARNING: [RTGEN 206-101] Register 'regs_9_0' is power-on initialization." projectName="Shift_Register" solutionName="solution1" date="2021-04-08T07:05:22.630+0800" type="Warning"/>
        <logs message="WARNING: [RTGEN 206-101] Register 'regs_9_1' is power-on initialization." projectName="Shift_Register" solutionName="solution1" date="2021-04-08T07:05:22.626+0800" type="Warning"/>
        <logs message="WARNING: [RTGEN 206-101] Register 'regs_9_2' is power-on initialization." projectName="Shift_Register" solutionName="solution1" date="2021-04-08T07:05:22.618+0800" type="Warning"/>
        <logs message="WARNING: [RTGEN 206-101] Register 'regs_9_3' is power-on initialization." projectName="Shift_Register" solutionName="solution1" date="2021-04-08T07:05:22.613+0800" type="Warning"/>
        <logs message="WARNING: [RTGEN 206-101] Register 'regs_9_4' is power-on initialization." projectName="Shift_Register" solutionName="solution1" date="2021-04-08T07:05:22.609+0800" type="Warning"/>
        <logs message="WARNING: [RTGEN 206-101] Register 'regs_9_5' is power-on initialization." projectName="Shift_Register" solutionName="solution1" date="2021-04-08T07:05:22.605+0800" type="Warning"/>
        <logs message="WARNING: [RTGEN 206-101] Register 'regs_9_6' is power-on initialization." projectName="Shift_Register" solutionName="solution1" date="2021-04-08T07:05:22.601+0800" type="Warning"/>
        <logs message="WARNING: [RTGEN 206-101] Register 'regs_5_0' is power-on initialization." projectName="Shift_Register" solutionName="solution1" date="2021-04-08T07:05:22.487+0800" type="Warning"/>
        <logs message="WARNING: [RTGEN 206-101] Register 'regs_5_1' is power-on initialization." projectName="Shift_Register" solutionName="solution1" date="2021-04-08T07:05:22.475+0800" type="Warning"/>
        <logs message="WARNING: [RTGEN 206-101] Register 'regs_5_2' is power-on initialization." projectName="Shift_Register" solutionName="solution1" date="2021-04-08T07:05:22.470+0800" type="Warning"/>
        <logs message="WARNING: [RTGEN 206-101] Register 'regs_5_3' is power-on initialization." projectName="Shift_Register" solutionName="solution1" date="2021-04-08T07:05:22.467+0800" type="Warning"/>
        <logs message="WARNING: [RTGEN 206-101] Register 'regs_5_4' is power-on initialization." projectName="Shift_Register" solutionName="solution1" date="2021-04-08T07:05:22.463+0800" type="Warning"/>
        <logs message="WARNING: [RTGEN 206-101] Register 'regs_5_5' is power-on initialization." projectName="Shift_Register" solutionName="solution1" date="2021-04-08T07:05:22.460+0800" type="Warning"/>
        <logs message="WARNING: [RTGEN 206-101] Register 'regs_5_6' is power-on initialization." projectName="Shift_Register" solutionName="solution1" date="2021-04-08T07:05:22.456+0800" type="Warning"/>
        <logs message="WARNING: [RTGEN 206-101] Register 'regs_5_7' is power-on initialization." projectName="Shift_Register" solutionName="solution1" date="2021-04-08T07:05:22.453+0800" type="Warning"/>
        <logs message="WARNING: [RTGEN 206-101] Register 'regs_5_8' is power-on initialization." projectName="Shift_Register" solutionName="solution1" date="2021-04-08T07:05:22.449+0800" type="Warning"/>
        <logs message="WARNING: [RTGEN 206-101] Register 'regs_5_9' is power-on initialization." projectName="Shift_Register" solutionName="solution1" date="2021-04-08T07:05:22.445+0800" type="Warning"/>
        <logs message="WARNING: [RTGEN 206-101] Register 'regs_5_10' is power-on initialization." projectName="Shift_Register" solutionName="solution1" date="2021-04-08T07:05:22.442+0800" type="Warning"/>
        <logs message="WARNING: [RTGEN 206-101] Register 'regs_6_11' is power-on initialization." projectName="Shift_Register" solutionName="solution1" date="2021-04-08T07:05:22.310+0800" type="Warning"/>
        <logs message="WARNING: [RTGEN 206-101] Register 'regs_6_0' is power-on initialization." projectName="Shift_Register" solutionName="solution1" date="2021-04-08T07:05:22.293+0800" type="Warning"/>
        <logs message="WARNING: [RTGEN 206-101] Register 'regs_6_1' is power-on initialization." projectName="Shift_Register" solutionName="solution1" date="2021-04-08T07:05:22.290+0800" type="Warning"/>
        <logs message="WARNING: [RTGEN 206-101] Register 'regs_6_2' is power-on initialization." projectName="Shift_Register" solutionName="solution1" date="2021-04-08T07:05:22.286+0800" type="Warning"/>
        <logs message="WARNING: [RTGEN 206-101] Register 'regs_6_3' is power-on initialization." projectName="Shift_Register" solutionName="solution1" date="2021-04-08T07:05:22.283+0800" type="Warning"/>
        <logs message="WARNING: [RTGEN 206-101] Register 'regs_6_4' is power-on initialization." projectName="Shift_Register" solutionName="solution1" date="2021-04-08T07:05:22.279+0800" type="Warning"/>
        <logs message="WARNING: [RTGEN 206-101] Register 'regs_6_5' is power-on initialization." projectName="Shift_Register" solutionName="solution1" date="2021-04-08T07:05:22.274+0800" type="Warning"/>
        <logs message="WARNING: [RTGEN 206-101] Register 'regs_6_6' is power-on initialization." projectName="Shift_Register" solutionName="solution1" date="2021-04-08T07:05:22.271+0800" type="Warning"/>
        <logs message="WARNING: [RTGEN 206-101] Register 'regs_6_7' is power-on initialization." projectName="Shift_Register" solutionName="solution1" date="2021-04-08T07:05:22.267+0800" type="Warning"/>
        <logs message="WARNING: [RTGEN 206-101] Register 'regs_6_8' is power-on initialization." projectName="Shift_Register" solutionName="solution1" date="2021-04-08T07:05:22.264+0800" type="Warning"/>
        <logs message="WARNING: [RTGEN 206-101] Register 'regs_6_9' is power-on initialization." projectName="Shift_Register" solutionName="solution1" date="2021-04-08T07:05:22.261+0800" type="Warning"/>
        <logs message="WARNING: [RTGEN 206-101] Register 'regs_6_10' is power-on initialization." projectName="Shift_Register" solutionName="solution1" date="2021-04-08T07:05:22.258+0800" type="Warning"/>
        <logs message="WARNING: [RTGEN 206-101] Register 'regs_7_0' is power-on initialization." projectName="Shift_Register" solutionName="solution1" date="2021-04-08T07:05:22.093+0800" type="Warning"/>
        <logs message="WARNING: [RTGEN 206-101] Register 'regs_7_1' is power-on initialization." projectName="Shift_Register" solutionName="solution1" date="2021-04-08T07:05:22.076+0800" type="Warning"/>
        <logs message="WARNING: [RTGEN 206-101] Register 'regs_7_2' is power-on initialization." projectName="Shift_Register" solutionName="solution1" date="2021-04-08T07:05:22.071+0800" type="Warning"/>
        <logs message="WARNING: [RTGEN 206-101] Register 'regs_7_3' is power-on initialization." projectName="Shift_Register" solutionName="solution1" date="2021-04-08T07:05:22.067+0800" type="Warning"/>
        <logs message="WARNING: [RTGEN 206-101] Register 'regs_7_4' is power-on initialization." projectName="Shift_Register" solutionName="solution1" date="2021-04-08T07:05:22.063+0800" type="Warning"/>
        <logs message="WARNING: [RTGEN 206-101] Register 'regs_7_5' is power-on initialization." projectName="Shift_Register" solutionName="solution1" date="2021-04-08T07:05:22.060+0800" type="Warning"/>
        <logs message="WARNING: [RTGEN 206-101] Register 'regs_7_6' is power-on initialization." projectName="Shift_Register" solutionName="solution1" date="2021-04-08T07:05:22.053+0800" type="Warning"/>
        <logs message="WARNING: [RTGEN 206-101] Register 'regs_7_7' is power-on initialization." projectName="Shift_Register" solutionName="solution1" date="2021-04-08T07:05:22.049+0800" type="Warning"/>
        <logs message="WARNING: [RTGEN 206-101] Register 'regs_7_8' is power-on initialization." projectName="Shift_Register" solutionName="solution1" date="2021-04-08T07:05:22.044+0800" type="Warning"/>
        <logs message="WARNING: [RTGEN 206-101] Register 'regs_7_9' is power-on initialization." projectName="Shift_Register" solutionName="solution1" date="2021-04-08T07:05:22.038+0800" type="Warning"/>
        <logs message="WARNING: [RTGEN 206-101] Register 'regs_7_10' is power-on initialization." projectName="Shift_Register" solutionName="solution1" date="2021-04-08T07:05:22.033+0800" type="Warning"/>
        <logs message="WARNING: [RTGEN 206-101] Register 'regs_8_0' is power-on initialization." projectName="Shift_Register" solutionName="solution1" date="2021-04-08T07:05:21.880+0800" type="Warning"/>
        <logs message="WARNING: [RTGEN 206-101] Register 'regs_8_1' is power-on initialization." projectName="Shift_Register" solutionName="solution1" date="2021-04-08T07:05:21.875+0800" type="Warning"/>
        <logs message="WARNING: [RTGEN 206-101] Register 'regs_8_2' is power-on initialization." projectName="Shift_Register" solutionName="solution1" date="2021-04-08T07:05:21.871+0800" type="Warning"/>
        <logs message="WARNING: [RTGEN 206-101] Register 'regs_8_3' is power-on initialization." projectName="Shift_Register" solutionName="solution1" date="2021-04-08T07:05:21.866+0800" type="Warning"/>
        <logs message="WARNING: [RTGEN 206-101] Register 'regs_8_4' is power-on initialization." projectName="Shift_Register" solutionName="solution1" date="2021-04-08T07:05:21.862+0800" type="Warning"/>
        <logs message="WARNING: [RTGEN 206-101] Register 'regs_8_5' is power-on initialization." projectName="Shift_Register" solutionName="solution1" date="2021-04-08T07:05:21.838+0800" type="Warning"/>
        <logs message="WARNING: [RTGEN 206-101] Register 'regs_8_6' is power-on initialization." projectName="Shift_Register" solutionName="solution1" date="2021-04-08T07:05:21.832+0800" type="Warning"/>
        <logs message="WARNING: [RTGEN 206-101] Register 'regs_8_7' is power-on initialization." projectName="Shift_Register" solutionName="solution1" date="2021-04-08T07:05:21.826+0800" type="Warning"/>
        <logs message="WARNING: [RTGEN 206-101] Register 'regs_8_8' is power-on initialization." projectName="Shift_Register" solutionName="solution1" date="2021-04-08T07:05:21.821+0800" type="Warning"/>
        <logs message="WARNING: [RTGEN 206-101] Register 'regs_8_9' is power-on initialization." projectName="Shift_Register" solutionName="solution1" date="2021-04-08T07:05:21.818+0800" type="Warning"/>
        <logs message="WARNING: [RTGEN 206-101] Register 'regs_8_10' is power-on initialization." projectName="Shift_Register" solutionName="solution1" date="2021-04-08T07:05:21.815+0800" type="Warning"/>
        <logs message="WARNING: [RTGEN 206-101] Register 'shift_reg1_regs_3' is power-on initialization." projectName="Shift_Register" solutionName="solution1" date="2021-04-08T07:05:21.621+0800" type="Warning"/>
        <logs message="WARNING: [RTGEN 206-101] Register 'shift_reg0_regs_0' is power-on initialization." projectName="Shift_Register" solutionName="solution1" date="2021-04-08T07:05:21.598+0800" type="Warning"/>
        <logs message="WARNING: [RTGEN 206-101] Register 'shift_reg0_regs_1' is power-on initialization." projectName="Shift_Register" solutionName="solution1" date="2021-04-08T07:05:21.596+0800" type="Warning"/>
        <logs message="WARNING: [RTGEN 206-101] Register 'shift_reg0_regs_2' is power-on initialization." projectName="Shift_Register" solutionName="solution1" date="2021-04-08T07:05:21.594+0800" type="Warning"/>
        <logs message="WARNING: [RTGEN 206-101] Register 'shift_reg0_regs_3' is power-on initialization." projectName="Shift_Register" solutionName="solution1" date="2021-04-08T07:05:21.586+0800" type="Warning"/>
        <logs message="WARNING: [RTGEN 206-101] Register 'shift_reg0_regs_4' is power-on initialization." projectName="Shift_Register" solutionName="solution1" date="2021-04-08T07:05:21.583+0800" type="Warning"/>
        <logs message="WARNING: [RTGEN 206-101] Register 'shift_reg0_regs_5' is power-on initialization." projectName="Shift_Register" solutionName="solution1" date="2021-04-08T07:05:21.576+0800" type="Warning"/>
        <logs message="WARNING: [RTGEN 206-101] Register 'shift_reg0_regs_6' is power-on initialization." projectName="Shift_Register" solutionName="solution1" date="2021-04-08T07:05:21.571+0800" type="Warning"/>
        <logs message="WARNING: [RTGEN 206-101] Register 'shift_reg1_regs_0' is power-on initialization." projectName="Shift_Register" solutionName="solution1" date="2021-04-08T07:05:21.568+0800" type="Warning"/>
        <logs message="WARNING: [RTGEN 206-101] Register 'shift_reg1_regs_1' is power-on initialization." projectName="Shift_Register" solutionName="solution1" date="2021-04-08T07:05:21.565+0800" type="Warning"/>
        <logs message="WARNING: [RTGEN 206-101] Register 'shift_reg1_regs_2' is power-on initialization." projectName="Shift_Register" solutionName="solution1" date="2021-04-08T07:05:21.562+0800" type="Warning"/>
        <logs message="WARNING: [RTGEN 206-101] Register 'shift_reg0_regs_7' is power-on initialization." projectName="Shift_Register" solutionName="solution1" date="2021-04-08T07:05:21.559+0800" type="Warning"/>
        <logs message="WARNING: [HLS 200-484] The 'config_sdx -optimization_level' command is deprecated and will be removed in a future release." projectName="Shift_Register" solutionName="solution1" date="2021-04-08T07:04:16.105+0800" type="Warning"/>
        <logs message="WARNING: [HLS 200-483] The 'config_sdx -optimization_level' command is deprecated and will be removed in a future release. Use 'config_export -vivado_optimization_level' as its replacement." projectName="Shift_Register" solutionName="solution1" date="2021-04-08T07:04:16.084+0800" type="Warning"/>
      </synLog>
      <simLog>
        <logs message="WARNING: [Simtcl 6-197] One or more HDL objects could not be logged because of object type or size limitations.  To see details please rerun the command with -verbose (-v).&#xD;&#xA;## set designtopgroup [add_wave_group &quot;Design Top Signals&quot;]&#xD;&#xA;## set coutputgroup [add_wave_group &quot;C Outputs&quot; -into $designtopgroup]&#xD;&#xA;## set dout1_group [add_wave_group dout1(wire) -into $coutputgroup]&#xD;&#xA;## add_wave /apatb_shift_reg_top/AESL_inst_shift_reg/dout1_3_ap_vld -into $dout1_group -color #ffff00 -radix hex&#xD;&#xA;## add_wave /apatb_shift_reg_top/AESL_inst_shift_reg/dout1_3 -into $dout1_group -radix hex&#xD;&#xA;## add_wave /apatb_shift_reg_top/AESL_inst_shift_reg/dout1_2_ap_vld -into $dout1_group -color #ffff00 -radix hex&#xD;&#xA;## add_wave /apatb_shift_reg_top/AESL_inst_shift_reg/dout1_2 -into $dout1_group -radix hex&#xD;&#xA;## add_wave /apatb_shift_reg_top/AESL_inst_shift_reg/dout1_1_ap_vld -into $dout1_group -color #ffff00 -radix hex&#xD;&#xA;## add_wave /apatb_shift_reg_top/AESL_inst_shift_reg/dout1_1 -into $dout1_group -radix hex&#xD;&#xA;## add_wave /apatb_shift_reg_top/AESL_inst_shift_reg/dout1_0_ap_vld -into $dout1_group -color #ffff00 -radix hex&#xD;&#xA;## add_wave /apatb_shift_reg_top/AESL_inst_shift_reg/dout1_0 -into $dout1_group -radix hex&#xD;&#xA;## set dout0_group [add_wave_group dout0(wire) -into $coutputgroup]&#xD;&#xA;## add_wave /apatb_shift_reg_top/AESL_inst_shift_reg/dout0_11_ap_vld -into $dout0_group -color #ffff00 -radix hex&#xD;&#xA;## add_wave /apatb_shift_reg_top/AESL_inst_shift_reg/dout0_11 -into $dout0_group -radix hex&#xD;&#xA;## add_wave /apatb_shift_reg_top/AESL_inst_shift_reg/dout0_10_ap_vld -into $dout0_group -color #ffff00 -radix hex&#xD;&#xA;## add_wave /apatb_shift_reg_top/AESL_inst_shift_reg/dout0_10 -into $dout0_group -radix hex&#xD;&#xA;## add_wave /apatb_shift_reg_top/AESL_inst_shift_reg/dout0_9_ap_vld -into $dout0_group -color #ffff00 -radix hex&#xD;&#xA;## add_wave /apatb_shift_reg_top/AESL_inst_shift_reg/dout0_9 -into $dout0_group -radix hex&#xD;&#xA;## add_wave /apatb_shift_reg_top/AESL_inst_shift_reg/dout0_8_ap_vld -into $dout0_group -color #ffff00 -radix hex&#xD;&#xA;## add_wave /apatb_shift_reg_top/AESL_inst_shift_reg/dout0_8 -into $dout0_group -radix hex&#xD;&#xA;## add_wave /apatb_shift_reg_top/AESL_inst_shift_reg/dout0_7_ap_vld -into $dout0_group -color #ffff00 -radix hex&#xD;&#xA;## add_wave /apatb_shift_reg_top/AESL_inst_shift_reg/dout0_7 -into $dout0_group -radix hex&#xD;&#xA;## add_wave /apatb_shift_reg_top/AESL_inst_shift_reg/dout0_6_ap_vld -into $dout0_group -color #ffff00 -radix hex&#xD;&#xA;## add_wave /apatb_shift_reg_top/AESL_inst_shift_reg/dout0_6 -into $dout0_group -radix hex&#xD;&#xA;## add_wave /apatb_shift_reg_top/AESL_inst_shift_reg/dout0_5_ap_vld -into $dout0_group -color #ffff00 -radix hex&#xD;&#xA;## add_wave /apatb_shift_reg_top/AESL_inst_shift_reg/dout0_5 -into $dout0_group -radix hex&#xD;&#xA;## add_wave /apatb_shift_reg_top/AESL_inst_shift_reg/dout0_4_ap_vld -into $dout0_group -color #ffff00 -radix hex&#xD;&#xA;## add_wave /apatb_shift_reg_top/AESL_inst_shift_reg/dout0_4 -into $dout0_group -radix hex&#xD;&#xA;## add_wave /apatb_shift_reg_top/AESL_inst_shift_reg/dout0_3_ap_vld -into $dout0_group -color #ffff00 -radix hex&#xD;&#xA;## add_wave /apatb_shift_reg_top/AESL_inst_shift_reg/dout0_3 -into $dout0_group -radix hex&#xD;&#xA;## add_wave /apatb_shift_reg_top/AESL_inst_shift_reg/dout0_2_ap_vld -into $dout0_group -color #ffff00 -radix hex&#xD;&#xA;## add_wave /apatb_shift_reg_top/AESL_inst_shift_reg/dout0_2 -into $dout0_group -radix hex&#xD;&#xA;## add_wave /apatb_shift_reg_top/AESL_inst_shift_reg/dout0_1_ap_vld -into $dout0_group -color #ffff00 -radix hex&#xD;&#xA;## add_wave /apatb_shift_reg_top/AESL_inst_shift_reg/dout0_1 -into $dout0_group -radix hex&#xD;&#xA;## add_wave /apatb_shift_reg_top/AESL_inst_shift_reg/dout0_0_ap_vld -into $dout0_group -color #ffff00 -radix hex&#xD;&#xA;## add_wave /apatb_shift_reg_top/AESL_inst_shift_reg/dout0_0 -into $dout0_group -radix hex&#xD;&#xA;## set cinputgroup [add_wave_group &quot;C Inputs&quot; -into $designtopgroup]&#xD;&#xA;## set select_group [add_wave_group select(wire) -into $cinputgroup]&#xD;&#xA;## add_wave /apatb_shift_reg_top/AESL_inst_shift_reg/select_V -into $select_group -radix hex&#xD;&#xA;## set en_group [add_wave_group en(wire) -into $cinputgroup]&#xD;&#xA;## add_wave /apatb_shift_reg_top/AESL_inst_shift_reg/en -into $en_group -radix hex&#xD;&#xA;## set load_group [add_wave_group load(wire) -into $cinputgroup]&#xD;&#xA;## add_wave /apatb_shift_reg_top/AESL_inst_shift_reg/load -into $load_group -radix hex&#xD;&#xA;## set srst_group [add_wave_group srst(wire) -into $cinputgroup]&#xD;&#xA;## add_wave /apatb_shift_reg_top/AESL_inst_shift_reg/srst -into $srst_group -radix hex&#xD;&#xA;## set load_data_group [add_wave_group load_data(wire) -into $cinputgroup]&#xD;&#xA;## add_wave /apatb_shift_reg_top/AESL_inst_shift_reg/load_data_11 -into $load_data_group -radix hex&#xD;&#xA;## add_wave /apatb_shift_reg_top/AESL_inst_shift_reg/load_data_10 -into $load_data_group -radix hex&#xD;&#xA;## add_wave /apatb_shift_reg_top/AESL_inst_shift_reg/load_data_9 -into $load_data_group -radix hex&#xD;&#xA;## add_wave /apatb_shift_reg_top/AESL_inst_shift_reg/load_data_8 -into $load_data_group -radix hex&#xD;&#xA;## add_wave /apatb_shift_reg_top/AESL_inst_shift_reg/load_data_7 -into $load_data_group -radix hex&#xD;&#xA;## add_wave /apatb_shift_reg_top/AESL_inst_shift_reg/load_data_6 -into $load_data_group -radix hex&#xD;&#xA;## add_wave /apatb_shift_reg_top/AESL_inst_shift_reg/load_data_5 -into $load_data_group -radix hex&#xD;&#xA;## add_wave /apatb_shift_reg_top/AESL_inst_shift_reg/load_data_4 -into $load_data_group -radix hex&#xD;&#xA;## add_wave /apatb_shift_reg_top/AESL_inst_shift_reg/load_data_3 -into $load_data_group -radix hex&#xD;&#xA;## add_wave /apatb_shift_reg_top/AESL_inst_shift_reg/load_data_2 -into $load_data_group -radix hex&#xD;&#xA;## add_wave /apatb_shift_reg_top/AESL_inst_shift_reg/load_data_1 -into $load_data_group -radix hex&#xD;&#xA;## add_wave /apatb_shift_reg_top/AESL_inst_shift_reg/load_data_0 -into $load_data_group -radix hex&#xD;&#xA;## set din1_group [add_wave_group din1(wire) -into $cinputgroup]&#xD;&#xA;## add_wave /apatb_shift_reg_top/AESL_inst_shift_reg/din1 -into $din1_group -radix hex&#xD;&#xA;## set din0_group [add_wave_group din0(wire) -into $cinputgroup]&#xD;&#xA;## add_wave /apatb_shift_reg_top/AESL_inst_shift_reg/din0 -into $din0_group -radix hex&#xD;&#xA;## set blocksiggroup [add_wave_group &quot;Block-level IO Handshake&quot; -into $designtopgroup]&#xD;&#xA;## add_wave /apatb_shift_reg_top/AESL_inst_shift_reg/ap_start -into $blocksiggroup&#xD;&#xA;## add_wave /apatb_shift_reg_top/AESL_inst_shift_reg/ap_done -into $blocksiggroup&#xD;&#xA;## add_wave /apatb_shift_reg_top/AESL_inst_shift_reg/ap_idle -into $blocksiggroup&#xD;&#xA;## add_wave /apatb_shift_reg_top/AESL_inst_shift_reg/ap_ready -into $blocksiggroup&#xD;&#xA;## set resetgroup [add_wave_group &quot;Reset&quot; -into $designtopgroup]&#xD;&#xA;## add_wave /apatb_shift_reg_top/AESL_inst_shift_reg/ap_rst -into $resetgroup&#xD;&#xA;## set clockgroup [add_wave_group &quot;Clock&quot; -into $designtopgroup]&#xD;&#xA;## add_wave /apatb_shift_reg_top/AESL_inst_shift_reg/ap_clk -into $clockgroup&#xD;&#xA;## set testbenchgroup [add_wave_group &quot;Test Bench Signals&quot;]&#xD;&#xA;## set tbinternalsiggroup [add_wave_group &quot;Internal Signals&quot; -into $testbenchgroup]&#xD;&#xA;## set tb_simstatus_group [add_wave_group &quot;Simulation Status&quot; -into $tbinternalsiggroup]&#xD;&#xA;## set tb_portdepth_group [add_wave_group &quot;Port Depth&quot; -into $tbinternalsiggroup]&#xD;&#xA;## add_wave /apatb_shift_reg_top/AUTOTB_TRANSACTION_NUM -into $tb_simstatus_group -radix hex&#xD;&#xA;## add_wave /apatb_shift_reg_top/ready_cnt -into $tb_simstatus_group -radix hex&#xD;&#xA;## add_wave /apatb_shift_reg_top/done_cnt -into $tb_simstatus_group -radix hex&#xD;&#xA;## add_wave /apatb_shift_reg_top/LENGTH_din0 -into $tb_portdepth_group -radix hex&#xD;&#xA;## add_wave /apatb_shift_reg_top/LENGTH_din1 -into $tb_portdepth_group -radix hex&#xD;&#xA;## add_wave /apatb_shift_reg_top/LENGTH_load_data_0 -into $tb_portdepth_group -radix hex&#xD;&#xA;## add_wave /apatb_shift_reg_top/LENGTH_load_data_1 -into $tb_portdepth_group -radix hex&#xD;&#xA;## add_wave /apatb_shift_reg_top/LENGTH_load_data_2 -into $tb_portdepth_group -radix hex&#xD;&#xA;## add_wave /apatb_shift_reg_top/LENGTH_load_data_3 -into $tb_portdepth_group -radix hex&#xD;&#xA;## add_wave /apatb_shift_reg_top/LENGTH_load_data_4 -into $tb_portdepth_group -radix hex&#xD;&#xA;## add_wave /apatb_shift_reg_top/LENGTH_load_data_5 -into $tb_portdepth_group -radix hex&#xD;&#xA;## add_wave /apatb_shift_reg_top/LENGTH_load_data_6 -into $tb_portdepth_group -radix hex&#xD;&#xA;## add_wave /apatb_shift_reg_top/LENGTH_load_data_7 -into $tb_portdepth_group -radix hex&#xD;&#xA;## add_wave /apatb_shift_reg_top/LENGTH_load_data_8 -into $tb_portdepth_group -radix hex&#xD;&#xA;## add_wave /apatb_shift_reg_top/LENGTH_load_data_9 -into $tb_portdepth_group -radix hex&#xD;&#xA;## add_wave /apatb_shift_reg_top/LENGTH_load_data_10 -into $tb_portdepth_group -radix hex&#xD;&#xA;## add_wave /apatb_shift_reg_top/LENGTH_load_data_11 -into $tb_portdepth_group -radix hex&#xD;&#xA;## add_wave /apatb_shift_reg_top/LENGTH_dout0_0 -into $tb_portdepth_group -radix hex&#xD;&#xA;## add_wave /apatb_shift_reg_top/LENGTH_dout0_1 -into $tb_portdepth_group -radix hex&#xD;&#xA;## add_wave /apatb_shift_reg_top/LENGTH_dout0_2 -into $tb_portdepth_group -radix hex&#xD;&#xA;## add_wave /apatb_shift_reg_top/LENGTH_dout0_3 -into $tb_portdepth_group -radix hex&#xD;&#xA;## add_wave /apatb_shift_reg_top/LENGTH_dout0_4 -into $tb_portdepth_group -radix hex&#xD;&#xA;## add_wave /apatb_shift_reg_top/LENGTH_dout0_5 -into $tb_portdepth_group -radix hex&#xD;&#xA;## add_wave /apatb_shift_reg_top/LENGTH_dout0_6 -into $tb_portdepth_group -radix hex&#xD;&#xA;## add_wave /apatb_shift_reg_top/LENGTH_dout0_7 -into $tb_portdepth_group -radix hex&#xD;&#xA;## add_wave /apatb_shift_reg_top/LENGTH_dout0_8 -into $tb_portdepth_group -radix hex&#xD;&#xA;## add_wave /apatb_shift_reg_top/LENGTH_dout0_9 -into $tb_portdepth_group -radix hex&#xD;&#xA;## add_wave /apatb_shift_reg_top/LENGTH_dout0_10 -into $tb_portdepth_group -radix hex&#xD;&#xA;## add_wave /apatb_shift_reg_top/LENGTH_dout0_11 -into $tb_portdepth_group -radix hex&#xD;&#xA;## add_wave /apatb_shift_reg_top/LENGTH_dout1_0 -into $tb_portdepth_group -radix hex&#xD;&#xA;## add_wave /apatb_shift_reg_top/LENGTH_dout1_1 -into $tb_portdepth_group -radix hex&#xD;&#xA;## add_wave /apatb_shift_reg_top/LENGTH_dout1_2 -into $tb_portdepth_group -radix hex&#xD;&#xA;## add_wave /apatb_shift_reg_top/LENGTH_dout1_3 -into $tb_portdepth_group -radix hex&#xD;&#xA;## add_wave /apatb_shift_reg_top/LENGTH_srst -into $tb_portdepth_group -radix hex&#xD;&#xA;## add_wave /apatb_shift_reg_top/LENGTH_load -into $tb_portdepth_group -radix hex&#xD;&#xA;## add_wave /apatb_shift_reg_top/LENGTH_en -into $tb_portdepth_group -radix hex&#xD;&#xA;## add_wave /apatb_shift_reg_top/LENGTH_select_V -into $tb_portdepth_group -radix hex&#xD;&#xA;## set tbcoutputgroup [add_wave_group &quot;C Outputs&quot; -into $testbenchgroup]&#xD;&#xA;## set tb_dout1_group [add_wave_group dout1(wire) -into $tbcoutputgroup]&#xD;&#xA;## add_wave /apatb_shift_reg_top/dout1_3_ap_vld -into $tb_dout1_group -color #ffff00 -radix hex&#xD;&#xA;## add_wave /apatb_shift_reg_top/dout1_3 -into $tb_dout1_group -radix hex&#xD;&#xA;## add_wave /apatb_shift_reg_top/dout1_2_ap_vld -into $tb_dout1_group -color #ffff00 -radix hex&#xD;&#xA;## add_wave /apatb_shift_reg_top/dout1_2 -into $tb_dout1_group -radix hex&#xD;&#xA;## add_wave /apatb_shift_reg_top/dout1_1_ap_vld -into $tb_dout1_group -color #ffff00 -radix hex&#xD;&#xA;## add_wave /apatb_shift_reg_top/dout1_1 -into $tb_dout1_group -radix hex&#xD;&#xA;## add_wave /apatb_shift_reg_top/dout1_0_ap_vld -into $tb_dout1_group -color #ffff00 -radix hex&#xD;&#xA;## add_wave /apatb_shift_reg_top/dout1_0 -into $tb_dout1_group -radix hex&#xD;&#xA;## set tb_dout0_group [add_wave_group dout0(wire) -into $tbcoutputgroup]&#xD;&#xA;## add_wave /apatb_shift_reg_top/dout0_11_ap_vld -into $tb_dout0_group -color #ffff00 -radix hex&#xD;&#xA;## add_wave /apatb_shift_reg_top/dout0_11 -into $tb_dout0_group -radix hex&#xD;&#xA;## add_wave /apatb_shift_reg_top/dout0_10_ap_vld -into $tb_dout0_group -color #ffff00 -radix hex&#xD;&#xA;## add_wave /apatb_shift_reg_top/dout0_10 -into $tb_dout0_group -radix hex&#xD;&#xA;## add_wave /apatb_shift_reg_top/dout0_9_ap_vld -into $tb_dout0_group -color #ffff00 -radix hex&#xD;&#xA;## add_wave /apatb_shift_reg_top/dout0_9 -into $tb_dout0_group -radix hex&#xD;&#xA;## add_wave /apatb_shift_reg_top/dout0_8_ap_vld -into $tb_dout0_group -color #ffff00 -radix hex&#xD;&#xA;## add_wave /apatb_shift_reg_top/dout0_8 -into $tb_dout0_group -radix hex&#xD;&#xA;## add_wave /apatb_shift_reg_top/dout0_7_ap_vld -into $tb_dout0_group -color #ffff00 -radix hex&#xD;&#xA;## add_wave /apatb_shift_reg_top/dout0_7 -into $tb_dout0_group -radix hex&#xD;&#xA;## add_wave /apatb_shift_reg_top/dout0_6_ap_vld -into $tb_dout0_group -color #ffff00 -radix hex&#xD;&#xA;## add_wave /apatb_shift_reg_top/dout0_6 -into $tb_dout0_group -radix hex&#xD;&#xA;## add_wave /apatb_shift_reg_top/dout0_5_ap_vld -into $tb_dout0_group -color #ffff00 -radix hex&#xD;&#xA;## add_wave /apatb_shift_reg_top/dout0_5 -into $tb_dout0_group -radix hex&#xD;&#xA;## add_wave /apatb_shift_reg_top/dout0_4_ap_vld -into $tb_dout0_group -color #ffff00 -radix hex&#xD;&#xA;## add_wave /apatb_shift_reg_top/dout0_4 -into $tb_dout0_group -radix hex&#xD;&#xA;## add_wave /apatb_shift_reg_top/dout0_3_ap_vld -into $tb_dout0_group -color #ffff00 -radix hex&#xD;&#xA;## add_wave /apatb_shift_reg_top/dout0_3 -into $tb_dout0_group -radix hex&#xD;&#xA;## add_wave /apatb_shift_reg_top/dout0_2_ap_vld -into $tb_dout0_group -color #ffff00 -radix hex&#xD;&#xA;## add_wave /apatb_shift_reg_top/dout0_2 -into $tb_dout0_group -radix hex&#xD;&#xA;## add_wave /apatb_shift_reg_top/dout0_1_ap_vld -into $tb_dout0_group -color #ffff00 -radix hex&#xD;&#xA;## add_wave /apatb_shift_reg_top/dout0_1 -into $tb_dout0_group -radix hex&#xD;&#xA;## add_wave /apatb_shift_reg_top/dout0_0_ap_vld -into $tb_dout0_group -color #ffff00 -radix hex&#xD;&#xA;## add_wave /apatb_shift_reg_top/dout0_0 -into $tb_dout0_group -radix hex&#xD;&#xA;## set tbcinputgroup [add_wave_group &quot;C Inputs&quot; -into $testbenchgroup]&#xD;&#xA;## set tb_select_group [add_wave_group select(wire) -into $tbcinputgroup]&#xD;&#xA;## add_wave /apatb_shift_reg_top/select_V -into $tb_select_group -radix hex&#xD;&#xA;## set tb_en_group [add_wave_group en(wire) -into $tbcinputgroup]&#xD;&#xA;## add_wave /apatb_shift_reg_top/en -into $tb_en_group -radix hex&#xD;&#xA;## set tb_load_group [add_wave_group load(wire) -into $tbcinputgroup]&#xD;&#xA;## add_wave /apatb_shift_reg_top/load -into $tb_load_group -radix hex&#xD;&#xA;## set tb_srst_group [add_wave_group srst(wire) -into $tbcinputgroup]&#xD;&#xA;## add_wave /apatb_shift_reg_top/srst -into $tb_srst_group -radix hex&#xD;&#xA;## set tb_load_data_group [add_wave_group load_data(wire) -into $tbcinputgroup]&#xD;&#xA;## add_wave /apatb_shift_reg_top/load_data_11 -into $tb_load_data_group -radix hex&#xD;&#xA;## add_wave /apatb_shift_reg_top/load_data_10 -into $tb_load_data_group -radix hex&#xD;&#xA;## add_wave /apatb_shift_reg_top/load_data_9 -into $tb_load_data_group -radix hex&#xD;&#xA;## add_wave /apatb_shift_reg_top/load_data_8 -into $tb_load_data_group -radix hex&#xD;&#xA;## add_wave /apatb_shift_reg_top/load_data_7 -into $tb_load_data_group -radix hex&#xD;&#xA;## add_wave /apatb_shift_reg_top/load_data_6 -into $tb_load_data_group -radix hex&#xD;&#xA;## add_wave /apatb_shift_reg_top/load_data_5 -into $tb_load_data_group -radix hex&#xD;&#xA;## add_wave /apatb_shift_reg_top/load_data_4 -into $tb_load_data_group -radix hex&#xD;&#xA;## add_wave /apatb_shift_reg_top/load_data_3 -into $tb_load_data_group -radix hex&#xD;&#xA;## add_wave /apatb_shift_reg_top/load_data_2 -into $tb_load_data_group -radix hex&#xD;&#xA;## add_wave /apatb_shift_reg_top/load_data_1 -into $tb_load_data_group -radix hex&#xD;&#xA;## add_wave /apatb_shift_reg_top/load_data_0 -into $tb_load_data_group -radix hex&#xD;&#xA;## set tb_din1_group [add_wave_group din1(wire) -into $tbcinputgroup]&#xD;&#xA;## add_wave /apatb_shift_reg_top/din1 -into $tb_din1_group -radix hex&#xD;&#xA;## set tb_din0_group [add_wave_group din0(wire) -into $tbcinputgroup]&#xD;&#xA;## add_wave /apatb_shift_reg_top/din0 -into $tb_din0_group -radix hex&#xD;&#xA;## save_wave_config shift_reg.wcfg&#xD;&#xA;## run all&#xD;&#xA;////////////////////////////////////////////////////////////////////////////////////&#xD;&#xA;// Inter-Transaction Progress: Completed Transaction / Total Transaction&#xD;&#xA;// Intra-Transaction Progress: Measured Latency / Latency Estimation * 100%&#xD;&#xA;//&#xD;&#xA;// RTL Simulation : &quot;Inter-Transaction Progress&quot; [&quot;Intra-Transaction Progress&quot;] @ &quot;Simulation Time&quot;&#xD;&#xA;////////////////////////////////////////////////////////////////////////////////////&#xD;&#xA;// RTL Simulation : 0 / 719 [0.00%] @ &quot;125000&quot;&#xD;&#xA;// RTL Simulation : 1 / 719 [100.00%] @ &quot;155000&quot;&#xD;&#xA;// RTL Simulation : 2 / 719 [100.00%] @ &quot;175000&quot;&#xD;&#xA;// RTL Simulation : 3 / 719 [100.00%] @ &quot;195000&quot;&#xD;&#xA;// RTL Simulation : 4 / 719 [100.00%] @ &quot;215000&quot;&#xD;&#xA;// RTL Simulation : 5 / 719 [100.00%] @ &quot;235000&quot;&#xD;&#xA;// RTL Simulation : 6 / 719 [100.00%] @ &quot;255000&quot;&#xD;&#xA;// RTL Simulation : 7 / 719 [100.00%] @ &quot;275000&quot;&#xD;&#xA;// RTL Simulation : 8 / 719 [100.00%] @ &quot;295000&quot;&#xD;&#xA;// RTL Simulation : 9 / 719 [100.00%] @ &quot;315000&quot;&#xD;&#xA;// RTL Simulation : 10 / 719 [100.00%] @ &quot;335000&quot;&#xD;&#xA;// RTL Simulation : 11 / 719 [100.00%] @ &quot;355000&quot;&#xD;&#xA;// RTL Simulation : 12 / 719 [100.00%] @ &quot;375000&quot;&#xD;&#xA;// RTL Simulation : 13 / 719 [100.00%] @ &quot;395000&quot;&#xD;&#xA;// RTL Simulation : 14 / 719 [100.00%] @ &quot;415000&quot;&#xD;&#xA;// RTL Simulation : 15 / 719 [100.00%] @ &quot;435000&quot;&#xD;&#xA;// RTL Simulation : 16 / 719 [100.00%] @ &quot;455000&quot;&#xD;&#xA;// RTL Simulation : 17 / 719 [100.00%] @ &quot;475000&quot;&#xD;&#xA;// RTL Simulation : 18 / 719 [100.00%] @ &quot;495000&quot;&#xD;&#xA;// RTL Simulation : 19 / 719 [100.00%] @ &quot;515000&quot;&#xD;&#xA;// RTL Simulation : 20 / 719 [100.00%] @ &quot;535000&quot;&#xD;&#xA;// RTL Simulation : 21 / 719 [100.00%] @ &quot;555000&quot;&#xD;&#xA;// RTL Simulation : 22 / 719 [100.00%] @ &quot;575000&quot;&#xD;&#xA;// RTL Simulation : 23 / 719 [100.00%] @ &quot;595000&quot;&#xD;&#xA;// RTL Simulation : 24 / 719 [100.00%] @ &quot;615000&quot;&#xD;&#xA;// RTL Simulation : 25 / 719 [100.00%] @ &quot;635000&quot;&#xD;&#xA;// RTL Simulation : 26 / 719 [100.00%] @ &quot;655000&quot;&#xD;&#xA;// RTL Simulation : 27 / 719 [100.00%] @ &quot;675000&quot;&#xD;&#xA;// RTL Simulation : 28 / 719 [100.00%] @ &quot;695000&quot;&#xD;&#xA;// RTL Simulation : 29 / 719 [100.00%] @ &quot;715000&quot;&#xD;&#xA;// RTL Simulation : 30 / 719 [100.00%] @ &quot;735000&quot;&#xD;&#xA;// RTL Simulation : 31 / 719 [100.00%] @ &quot;755000&quot;&#xD;&#xA;// RTL Simulation : 32 / 719 [100.00%] @ &quot;775000&quot;&#xD;&#xA;// RTL Simulation : 33 / 719 [100.00%] @ &quot;795000&quot;&#xD;&#xA;// RTL Simulation : 34 / 719 [100.00%] @ &quot;815000&quot;&#xD;&#xA;// RTL Simulation : 35 / 719 [100.00%] @ &quot;835000&quot;&#xD;&#xA;// RTL Simulation : 36 / 719 [100.00%] @ &quot;855000&quot;&#xD;&#xA;// RTL Simulation : 37 / 719 [100.00%] @ &quot;875000&quot;&#xD;&#xA;// RTL Simulation : 38 / 719 [100.00%] @ &quot;895000&quot;&#xD;&#xA;// RTL Simulation : 39 / 719 [100.00%] @ &quot;915000&quot;&#xD;&#xA;// RTL Simulation : 40 / 719 [100.00%] @ &quot;935000&quot;&#xD;&#xA;// RTL Simulation : 41 / 719 [100.00%] @ &quot;955000&quot;&#xD;&#xA;// RTL Simulation : 42 / 719 [100.00%] @ &quot;975000&quot;&#xD;&#xA;// RTL Simulation : 43 / 719 [100.00%] @ &quot;995000&quot;&#xD;&#xA;// RTL Simulation : 44 / 719 [100.00%] @ &quot;1015000&quot;&#xD;&#xA;// RTL Simulation : 45 / 719 [100.00%] @ &quot;1035000&quot;&#xD;&#xA;// RTL Simulation : 46 / 719 [100.00%] @ &quot;1055000&quot;&#xD;&#xA;// RTL Simulation : 47 / 719 [100.00%] @ &quot;1075000&quot;&#xD;&#xA;// RTL Simulation : 48 / 719 [100.00%] @ &quot;1095000&quot;&#xD;&#xA;// RTL Simulation : 49 / 719 [100.00%] @ &quot;1115000&quot;&#xD;&#xA;// RTL Simulation : 50 / 719 [100.00%] @ &quot;1135000&quot;&#xD;&#xA;// RTL Simulation : 51 / 719 [100.00%] @ &quot;1155000&quot;&#xD;&#xA;// RTL Simulation : 52 / 719 [100.00%] @ &quot;1175000&quot;&#xD;&#xA;// RTL Simulation : 53 / 719 [100.00%] @ &quot;1195000&quot;&#xD;&#xA;// RTL Simulation : 54 / 719 [100.00%] @ &quot;1215000&quot;&#xD;&#xA;// RTL Simulation : 55 / 719 [100.00%] @ &quot;1235000&quot;&#xD;&#xA;// RTL Simulation : 56 / 719 [100.00%] @ &quot;1255000&quot;&#xD;&#xA;// RTL Simulation : 57 / 719 [100.00%] @ &quot;1275000&quot;&#xD;&#xA;// RTL Simulation : 58 / 719 [100.00%] @ &quot;1295000&quot;&#xD;&#xA;// RTL Simulation : 59 / 719 [100.00%] @ &quot;1315000&quot;&#xD;&#xA;// RTL Simulation : 60 / 719 [100.00%] @ &quot;1335000&quot;&#xD;&#xA;// RTL Simulation : 61 / 719 [100.00%] @ &quot;1355000&quot;&#xD;&#xA;// RTL Simulation : 62 / 719 [100.00%] @ &quot;1375000&quot;&#xD;&#xA;// RTL Simulation : 63 / 719 [100.00%] @ &quot;1395000&quot;&#xD;&#xA;// RTL Simulation : 64 / 719 [100.00%] @ &quot;1415000&quot;&#xD;&#xA;// RTL Simulation : 65 / 719 [100.00%] @ &quot;1435000&quot;&#xD;&#xA;// RTL Simulation : 66 / 719 [100.00%] @ &quot;1455000&quot;&#xD;&#xA;// RTL Simulation : 67 / 719 [100.00%] @ &quot;1475000&quot;&#xD;&#xA;// RTL Simulation : 68 / 719 [100.00%] @ &quot;1495000&quot;&#xD;&#xA;// RTL Simulation : 69 / 719 [100.00%] @ &quot;1515000&quot;&#xD;&#xA;// RTL Simulation : 70 / 719 [100.00%] @ &quot;1535000&quot;&#xD;&#xA;// RTL Simulation : 71 / 719 [100.00%] @ &quot;1555000&quot;&#xD;&#xA;// RTL Simulation : 72 / 719 [100.00%] @ &quot;1575000&quot;&#xD;&#xA;// RTL Simulation : 73 / 719 [100.00%] @ &quot;1595000&quot;&#xD;&#xA;// RTL Simulation : 74 / 719 [100.00%] @ &quot;1615000&quot;&#xD;&#xA;// RTL Simulation : 75 / 719 [100.00%] @ &quot;1635000&quot;&#xD;&#xA;// RTL Simulation : 76 / 719 [100.00%] @ &quot;1655000&quot;&#xD;&#xA;// RTL Simulation : 77 / 719 [100.00%] @ &quot;1675000&quot;&#xD;&#xA;// RTL Simulation : 78 / 719 [100.00%] @ &quot;1695000&quot;&#xD;&#xA;// RTL Simulation : 79 / 719 [100.00%] @ &quot;1715000&quot;&#xD;&#xA;// RTL Simulation : 80 / 719 [100.00%] @ &quot;1735000&quot;&#xD;&#xA;// RTL Simulation : 81 / 719 [100.00%] @ &quot;1755000&quot;&#xD;&#xA;// RTL Simulation : 82 / 719 [100.00%] @ &quot;1775000&quot;&#xD;&#xA;// RTL Simulation : 83 / 719 [100.00%] @ &quot;1795000&quot;&#xD;&#xA;// RTL Simulation : 84 / 719 [100.00%] @ &quot;1815000&quot;&#xD;&#xA;// RTL Simulation : 85 / 719 [100.00%] @ &quot;1835000&quot;&#xD;&#xA;// RTL Simulation : 86 / 719 [100.00%] @ &quot;1855000&quot;&#xD;&#xA;// RTL Simulation : 87 / 719 [100.00%] @ &quot;1875000&quot;&#xD;&#xA;// RTL Simulation : 88 / 719 [100.00%] @ &quot;1895000&quot;&#xD;&#xA;// RTL Simulation : 89 / 719 [100.00%] @ &quot;1915000&quot;&#xD;&#xA;// RTL Simulation : 90 / 719 [100.00%] @ &quot;1935000&quot;&#xD;&#xA;// RTL Simulation : 91 / 719 [100.00%] @ &quot;1955000&quot;&#xD;&#xA;// RTL Simulation : 92 / 719 [100.00%] @ &quot;1975000&quot;&#xD;&#xA;// RTL Simulation : 93 / 719 [100.00%] @ &quot;1995000&quot;&#xD;&#xA;// RTL Simulation : 94 / 719 [100.00%] @ &quot;2015000&quot;&#xD;&#xA;// RTL Simulation : 95 / 719 [100.00%] @ &quot;2035000&quot;&#xD;&#xA;// RTL Simulation : 96 / 719 [100.00%] @ &quot;2055000&quot;&#xD;&#xA;// RTL Simulation : 97 / 719 [100.00%] @ &quot;2075000&quot;&#xD;&#xA;// RTL Simulation : 98 / 719 [100.00%] @ &quot;2095000&quot;&#xD;&#xA;// RTL Simulation : 99 / 719 [100.00%] @ &quot;2115000&quot;&#xD;&#xA;// RTL Simulation : 100 / 719 [100.00%] @ &quot;2135000&quot;&#xD;&#xA;// RTL Simulation : 101 / 719 [100.00%] @ &quot;2155000&quot;&#xD;&#xA;// RTL Simulation : 102 / 719 [100.00%] @ &quot;2175000&quot;&#xD;&#xA;// RTL Simulation : 103 / 719 [100.00%] @ &quot;2195000&quot;&#xD;&#xA;// RTL Simulation : 104 / 719 [100.00%] @ &quot;2225000&quot;&#xD;&#xA;// RTL Simulation : 105 / 719 [100.00%] @ &quot;2255000&quot;&#xD;&#xA;// RTL Simulation : 106 / 719 [100.00%] @ &quot;2285000&quot;&#xD;&#xA;// RTL Simulation : 107 / 719 [100.00%] @ &quot;2315000&quot;&#xD;&#xA;// RTL Simulation : 108 / 719 [100.00%] @ &quot;2345000&quot;&#xD;&#xA;// RTL Simulation : 109 / 719 [100.00%] @ &quot;2375000&quot;&#xD;&#xA;// RTL Simulation : 110 / 719 [100.00%] @ &quot;2405000&quot;&#xD;&#xA;// RTL Simulation : 111 / 719 [100.00%] @ &quot;2435000&quot;&#xD;&#xA;// RTL Simulation : 112 / 719 [100.00%] @ &quot;2465000&quot;&#xD;&#xA;// RTL Simulation : 113 / 719 [100.00%] @ &quot;2495000&quot;&#xD;&#xA;// RTL Simulation : 114 / 719 [100.00%] @ &quot;2525000&quot;&#xD;&#xA;// RTL Simulation : 115 / 719 [100.00%] @ &quot;2555000&quot;&#xD;&#xA;// RTL Simulation : 116 / 719 [100.00%] @ &quot;2585000&quot;&#xD;&#xA;// RTL Simulation : 117 / 719 [100.00%] @ &quot;2615000&quot;&#xD;&#xA;// RTL Simulation : 118 / 719 [100.00%] @ &quot;2645000&quot;&#xD;&#xA;// RTL Simulation : 119 / 719 [100.00%] @ &quot;2675000&quot;&#xD;&#xA;// RTL Simulation : 120 / 719 [100.00%] @ &quot;2705000&quot;&#xD;&#xA;// RTL Simulation : 121 / 719 [100.00%] @ &quot;2735000&quot;&#xD;&#xA;// RTL Simulation : 122 / 719 [100.00%] @ &quot;2765000&quot;&#xD;&#xA;// RTL Simulation : 123 / 719 [100.00%] @ &quot;2795000&quot;&#xD;&#xA;// RTL Simulation : 124 / 719 [100.00%] @ &quot;2825000&quot;&#xD;&#xA;// RTL Simulation : 125 / 719 [100.00%] @ &quot;2855000&quot;&#xD;&#xA;// RTL Simulation : 126 / 719 [100.00%] @ &quot;2885000&quot;&#xD;&#xA;// RTL Simulation : 127 / 719 [100.00%] @ &quot;2915000&quot;&#xD;&#xA;// RTL Simulation : 128 / 719 [100.00%] @ &quot;2945000&quot;&#xD;&#xA;// RTL Simulation : 129 / 719 [100.00%] @ &quot;2975000&quot;&#xD;&#xA;// RTL Simulation : 130 / 719 [100.00%] @ &quot;3005000&quot;&#xD;&#xA;// RTL Simulation : 131 / 719 [100.00%] @ &quot;3035000&quot;&#xD;&#xA;// RTL Simulation : 132 / 719 [100.00%] @ &quot;3065000&quot;&#xD;&#xA;// RTL Simulation : 133 / 719 [100.00%] @ &quot;3095000&quot;&#xD;&#xA;// RTL Simulation : 134 / 719 [100.00%] @ &quot;3125000&quot;&#xD;&#xA;// RTL Simulation : 135 / 719 [100.00%] @ &quot;3155000&quot;&#xD;&#xA;// RTL Simulation : 136 / 719 [100.00%] @ &quot;3185000&quot;&#xD;&#xA;// RTL Simulation : 137 / 719 [100.00%] @ &quot;3215000&quot;&#xD;&#xA;// RTL Simulation : 138 / 719 [100.00%] @ &quot;3245000&quot;&#xD;&#xA;// RTL Simulation : 139 / 719 [100.00%] @ &quot;3275000&quot;&#xD;&#xA;// RTL Simulation : 140 / 719 [100.00%] @ &quot;3305000&quot;&#xD;&#xA;// RTL Simulation : 141 / 719 [100.00%] @ &quot;3335000&quot;&#xD;&#xA;// RTL Simulation : 142 / 719 [100.00%] @ &quot;3365000&quot;&#xD;&#xA;// RTL Simulation : 143 / 719 [100.00%] @ &quot;3395000&quot;&#xD;&#xA;// RTL Simulation : 144 / 719 [100.00%] @ &quot;3425000&quot;&#xD;&#xA;// RTL Simulation : 145 / 719 [100.00%] @ &quot;3455000&quot;&#xD;&#xA;// RTL Simulation : 146 / 719 [100.00%] @ &quot;3485000&quot;&#xD;&#xA;// RTL Simulation : 147 / 719 [100.00%] @ &quot;3515000&quot;&#xD;&#xA;// RTL Simulation : 148 / 719 [100.00%] @ &quot;3545000&quot;&#xD;&#xA;// RTL Simulation : 149 / 719 [100.00%] @ &quot;3575000&quot;&#xD;&#xA;// RTL Simulation : 150 / 719 [100.00%] @ &quot;3605000&quot;&#xD;&#xA;// RTL Simulation : 151 / 719 [100.00%] @ &quot;3635000&quot;&#xD;&#xA;// RTL Simulation : 152 / 719 [100.00%] @ &quot;3665000&quot;&#xD;&#xA;// RTL Simulation : 153 / 719 [100.00%] @ &quot;3695000&quot;&#xD;&#xA;// RTL Simulation : 154 / 719 [100.00%] @ &quot;3725000&quot;&#xD;&#xA;// RTL Simulation : 155 / 719 [100.00%] @ &quot;3755000&quot;&#xD;&#xA;// RTL Simulation : 156 / 719 [100.00%] @ &quot;3785000&quot;&#xD;&#xA;// RTL Simulation : 157 / 719 [100.00%] @ &quot;3815000&quot;&#xD;&#xA;// RTL Simulation : 158 / 719 [100.00%] @ &quot;3845000&quot;&#xD;&#xA;// RTL Simulation : 159 / 719 [100.00%] @ &quot;3875000&quot;&#xD;&#xA;// RTL Simulation : 160 / 719 [100.00%] @ &quot;3905000&quot;&#xD;&#xA;// RTL Simulation : 161 / 719 [100.00%] @ &quot;3935000&quot;&#xD;&#xA;// RTL Simulation : 162 / 719 [100.00%] @ &quot;3965000&quot;&#xD;&#xA;// RTL Simulation : 163 / 719 [100.00%] @ &quot;3995000&quot;&#xD;&#xA;// RTL Simulation : 164 / 719 [100.00%] @ &quot;4025000&quot;&#xD;&#xA;// RTL Simulation : 165 / 719 [100.00%] @ &quot;4055000&quot;&#xD;&#xA;// RTL Simulation : 166 / 719 [100.00%] @ &quot;4085000&quot;&#xD;&#xA;// RTL Simulation : 167 / 719 [100.00%] @ &quot;4115000&quot;&#xD;&#xA;// RTL Simulation : 168 / 719 [100.00%] @ &quot;4145000&quot;&#xD;&#xA;// RTL Simulation : 169 / 719 [100.00%] @ &quot;4175000&quot;&#xD;&#xA;// RTL Simulation : 170 / 719 [100.00%] @ &quot;4205000&quot;&#xD;&#xA;// RTL Simulation : 171 / 719 [100.00%] @ &quot;4235000&quot;&#xD;&#xA;// RTL Simulation : 172 / 719 [100.00%] @ &quot;4265000&quot;&#xD;&#xA;// RTL Simulation : 173 / 719 [100.00%] @ &quot;4295000&quot;&#xD;&#xA;// RTL Simulation : 174 / 719 [100.00%] @ &quot;4325000&quot;&#xD;&#xA;// RTL Simulation : 175 / 719 [100.00%] @ &quot;4355000&quot;&#xD;&#xA;// RTL Simulation : 176 / 719 [100.00%] @ &quot;4385000&quot;&#xD;&#xA;// RTL Simulation : 177 / 719 [100.00%] @ &quot;4415000&quot;&#xD;&#xA;// RTL Simulation : 178 / 719 [100.00%] @ &quot;4445000&quot;&#xD;&#xA;// RTL Simulation : 179 / 719 [100.00%] @ &quot;4475000&quot;&#xD;&#xA;// RTL Simulation : 180 / 719 [100.00%] @ &quot;4505000&quot;&#xD;&#xA;// RTL Simulation : 181 / 719 [100.00%] @ &quot;4535000&quot;&#xD;&#xA;// RTL Simulation : 182 / 719 [100.00%] @ &quot;4565000&quot;&#xD;&#xA;// RTL Simulation : 183 / 719 [100.00%] @ &quot;4595000&quot;&#xD;&#xA;// RTL Simulation : 184 / 719 [100.00%] @ &quot;4625000&quot;&#xD;&#xA;// RTL Simulation : 185 / 719 [100.00%] @ &quot;4655000&quot;&#xD;&#xA;// RTL Simulation : 186 / 719 [100.00%] @ &quot;4685000&quot;&#xD;&#xA;// RTL Simulation : 187 / 719 [100.00%] @ &quot;4715000&quot;&#xD;&#xA;// RTL Simulation : 188 / 719 [100.00%] @ &quot;4745000&quot;&#xD;&#xA;// RTL Simulation : 189 / 719 [100.00%] @ &quot;4775000&quot;&#xD;&#xA;// RTL Simulation : 190 / 719 [100.00%] @ &quot;4805000&quot;&#xD;&#xA;// RTL Simulation : 191 / 719 [100.00%] @ &quot;4835000&quot;&#xD;&#xA;// RTL Simulation : 192 / 719 [100.00%] @ &quot;4865000&quot;&#xD;&#xA;// RTL Simulation : 193 / 719 [100.00%] @ &quot;4895000&quot;&#xD;&#xA;// RTL Simulation : 194 / 719 [100.00%] @ &quot;4925000&quot;&#xD;&#xA;// RTL Simulation : 195 / 719 [100.00%] @ &quot;4955000&quot;&#xD;&#xA;// RTL Simulation : 196 / 719 [100.00%] @ &quot;4985000&quot;&#xD;&#xA;// RTL Simulation : 197 / 719 [100.00%] @ &quot;5015000&quot;&#xD;&#xA;// RTL Simulation : 198 / 719 [100.00%] @ &quot;5045000&quot;&#xD;&#xA;// RTL Simulation : 199 / 719 [100.00%] @ &quot;5075000&quot;&#xD;&#xA;// RTL Simulation : 200 / 719 [100.00%] @ &quot;5105000&quot;&#xD;&#xA;// RTL Simulation : 201 / 719 [100.00%] @ &quot;5135000&quot;&#xD;&#xA;// RTL Simulation : 202 / 719 [100.00%] @ &quot;5165000&quot;&#xD;&#xA;// RTL Simulation : 203 / 719 [100.00%] @ &quot;5195000&quot;&#xD;&#xA;// RTL Simulation : 204 / 719 [100.00%] @ &quot;5225000&quot;&#xD;&#xA;// RTL Simulation : 205 / 719 [100.00%] @ &quot;5255000&quot;&#xD;&#xA;// RTL Simulation : 206 / 719 [100.00%] @ &quot;5285000&quot;&#xD;&#xA;// RTL Simulation : 207 / 719 [100.00%] @ &quot;5305000&quot;&#xD;&#xA;// RTL Simulation : 208 / 719 [100.00%] @ &quot;5325000&quot;&#xD;&#xA;// RTL Simulation : 209 / 719 [100.00%] @ &quot;5345000&quot;&#xD;&#xA;// RTL Simulation : 210 / 719 [100.00%] @ &quot;5365000&quot;&#xD;&#xA;// RTL Simulation : 211 / 719 [100.00%] @ &quot;5385000&quot;&#xD;&#xA;// RTL Simulation : 212 / 719 [100.00%] @ &quot;5405000&quot;&#xD;&#xA;// RTL Simulation : 213 / 719 [100.00%] @ &quot;5425000&quot;&#xD;&#xA;// RTL Simulation : 214 / 719 [100.00%] @ &quot;5445000&quot;&#xD;&#xA;// RTL Simulation : 215 / 719 [100.00%] @ &quot;5465000&quot;&#xD;&#xA;// RTL Simulation : 216 / 719 [100.00%] @ &quot;5485000&quot;&#xD;&#xA;// RTL Simulation : 217 / 719 [100.00%] @ &quot;5505000&quot;&#xD;&#xA;// RTL Simulation : 218 / 719 [100.00%] @ &quot;5525000&quot;&#xD;&#xA;// RTL Simulation : 219 / 719 [100.00%] @ &quot;5545000&quot;&#xD;&#xA;// RTL Simulation : 220 / 719 [100.00%] @ &quot;5565000&quot;&#xD;&#xA;// RTL Simulation : 221 / 719 [100.00%] @ &quot;5585000&quot;&#xD;&#xA;// RTL Simulation : 222 / 719 [100.00%] @ &quot;5605000&quot;&#xD;&#xA;// RTL Simulation : 223 / 719 [100.00%] @ &quot;5625000&quot;&#xD;&#xA;// RTL Simulation : 224 / 719 [100.00%] @ &quot;5645000&quot;&#xD;&#xA;// RTL Simulation : 225 / 719 [100.00%] @ &quot;5665000&quot;&#xD;&#xA;// RTL Simulation : 226 / 719 [100.00%] @ &quot;5685000&quot;&#xD;&#xA;// RTL Simulation : 227 / 719 [100.00%] @ &quot;5705000&quot;&#xD;&#xA;// RTL Simulation : 228 / 719 [100.00%] @ &quot;5725000&quot;&#xD;&#xA;// RTL Simulation : 229 / 719 [100.00%] @ &quot;5745000&quot;&#xD;&#xA;// RTL Simulation : 230 / 719 [100.00%] @ &quot;5765000&quot;&#xD;&#xA;// RTL Simulation : 231 / 719 [100.00%] @ &quot;5785000&quot;&#xD;&#xA;// RTL Simulation : 232 / 719 [100.00%] @ &quot;5805000&quot;&#xD;&#xA;// RTL Simulation : 233 / 719 [100.00%] @ &quot;5825000&quot;&#xD;&#xA;// RTL Simulation : 234 / 719 [100.00%] @ &quot;5845000&quot;&#xD;&#xA;// RTL Simulation : 235 / 719 [100.00%] @ &quot;5865000&quot;&#xD;&#xA;// RTL Simulation : 236 / 719 [100.00%] @ &quot;5885000&quot;&#xD;&#xA;// RTL Simulation : 237 / 719 [100.00%] @ &quot;5905000&quot;&#xD;&#xA;// RTL Simulation : 238 / 719 [100.00%] @ &quot;5925000&quot;&#xD;&#xA;// RTL Simulation : 239 / 719 [100.00%] @ &quot;5945000&quot;&#xD;&#xA;// RTL Simulation : 240 / 719 [100.00%] @ &quot;5965000&quot;&#xD;&#xA;// RTL Simulation : 241 / 719 [100.00%] @ &quot;5985000&quot;&#xD;&#xA;// RTL Simulation : 242 / 719 [100.00%] @ &quot;6005000&quot;&#xD;&#xA;// RTL Simulation : 243 / 719 [100.00%] @ &quot;6025000&quot;&#xD;&#xA;// RTL Simulation : 244 / 719 [100.00%] @ &quot;6045000&quot;&#xD;&#xA;// RTL Simulation : 245 / 719 [100.00%] @ &quot;6065000&quot;&#xD;&#xA;// RTL Simulation : 246 / 719 [100.00%] @ &quot;6085000&quot;&#xD;&#xA;// RTL Simulation : 247 / 719 [100.00%] @ &quot;6105000&quot;&#xD;&#xA;// RTL Simulation : 248 / 719 [100.00%] @ &quot;6125000&quot;&#xD;&#xA;// RTL Simulation : 249 / 719 [100.00%] @ &quot;6145000&quot;&#xD;&#xA;// RTL Simulation : 250 / 719 [100.00%] @ &quot;6165000&quot;&#xD;&#xA;// RTL Simulation : 251 / 719 [100.00%] @ &quot;6185000&quot;&#xD;&#xA;// RTL Simulation : 252 / 719 [100.00%] @ &quot;6205000&quot;&#xD;&#xA;// RTL Simulation : 253 / 719 [100.00%] @ &quot;6225000&quot;&#xD;&#xA;// RTL Simulation : 254 / 719 [100.00%] @ &quot;6245000&quot;&#xD;&#xA;// RTL Simulation : 255 / 719 [100.00%] @ &quot;6265000&quot;&#xD;&#xA;// RTL Simulation : 256 / 719 [100.00%] @ &quot;6285000&quot;&#xD;&#xA;// RTL Simulation : 257 / 719 [100.00%] @ &quot;6305000&quot;&#xD;&#xA;// RTL Simulation : 258 / 719 [100.00%] @ &quot;6325000&quot;&#xD;&#xA;// RTL Simulation : 259 / 719 [100.00%] @ &quot;6345000&quot;&#xD;&#xA;// RTL Simulation : 260 / 719 [100.00%] @ &quot;6365000&quot;&#xD;&#xA;// RTL Simulation : 261 / 719 [100.00%] @ &quot;6385000&quot;&#xD;&#xA;// RTL Simulation : 262 / 719 [100.00%] @ &quot;6405000&quot;&#xD;&#xA;// RTL Simulation : 263 / 719 [100.00%] @ &quot;6425000&quot;&#xD;&#xA;// RTL Simulation : 264 / 719 [100.00%] @ &quot;6445000&quot;&#xD;&#xA;// RTL Simulation : 265 / 719 [100.00%] @ &quot;6465000&quot;&#xD;&#xA;// RTL Simulation : 266 / 719 [100.00%] @ &quot;6485000&quot;&#xD;&#xA;// RTL Simulation : 267 / 719 [100.00%] @ &quot;6505000&quot;&#xD;&#xA;// RTL Simulation : 268 / 719 [100.00%] @ &quot;6525000&quot;&#xD;&#xA;// RTL Simulation : 269 / 719 [100.00%] @ &quot;6545000&quot;&#xD;&#xA;// RTL Simulation : 270 / 719 [100.00%] @ &quot;6565000&quot;&#xD;&#xA;// RTL Simulation : 271 / 719 [100.00%] @ &quot;6585000&quot;&#xD;&#xA;// RTL Simulation : 272 / 719 [100.00%] @ &quot;6605000&quot;&#xD;&#xA;// RTL Simulation : 273 / 719 [100.00%] @ &quot;6625000&quot;&#xD;&#xA;// RTL Simulation : 274 / 719 [100.00%] @ &quot;6645000&quot;&#xD;&#xA;// RTL Simulation : 275 / 719 [100.00%] @ &quot;6665000&quot;&#xD;&#xA;// RTL Simulation : 276 / 719 [100.00%] @ &quot;6685000&quot;&#xD;&#xA;// RTL Simulation : 277 / 719 [100.00%] @ &quot;6705000&quot;&#xD;&#xA;// RTL Simulation : 278 / 719 [100.00%] @ &quot;6725000&quot;&#xD;&#xA;// RTL Simulation : 279 / 719 [100.00%] @ &quot;6745000&quot;&#xD;&#xA;// RTL Simulation : 280 / 719 [100.00%] @ &quot;6765000&quot;&#xD;&#xA;// RTL Simulation : 281 / 719 [100.00%] @ &quot;6785000&quot;&#xD;&#xA;// RTL Simulation : 282 / 719 [100.00%] @ &quot;6805000&quot;&#xD;&#xA;// RTL Simulation : 283 / 719 [100.00%] @ &quot;6825000&quot;&#xD;&#xA;// RTL Simulation : 284 / 719 [100.00%] @ &quot;6845000&quot;&#xD;&#xA;// RTL Simulation : 285 / 719 [100.00%] @ &quot;6865000&quot;&#xD;&#xA;// RTL Simulation : 286 / 719 [100.00%] @ &quot;6885000&quot;&#xD;&#xA;// RTL Simulation : 287 / 719 [100.00%] @ &quot;6905000&quot;&#xD;&#xA;// RTL Simulation : 288 / 719 [100.00%] @ &quot;6925000&quot;&#xD;&#xA;// RTL Simulation : 289 / 719 [100.00%] @ &quot;6945000&quot;&#xD;&#xA;// RTL Simulation : 290 / 719 [100.00%] @ &quot;6965000&quot;&#xD;&#xA;// RTL Simulation : 291 / 719 [100.00%] @ &quot;6985000&quot;&#xD;&#xA;// RTL Simulation : 292 / 719 [100.00%] @ &quot;7005000&quot;&#xD;&#xA;// RTL Simulation : 293 / 719 [100.00%] @ &quot;7025000&quot;&#xD;&#xA;// RTL Simulation : 294 / 719 [100.00%] @ &quot;7045000&quot;&#xD;&#xA;// RTL Simulation : 295 / 719 [100.00%] @ &quot;7065000&quot;&#xD;&#xA;// RTL Simulation : 296 / 719 [100.00%] @ &quot;7085000&quot;&#xD;&#xA;// RTL Simulation : 297 / 719 [100.00%] @ &quot;7105000&quot;&#xD;&#xA;// RTL Simulation : 298 / 719 [100.00%] @ &quot;7125000&quot;&#xD;&#xA;// RTL Simulation : 299 / 719 [100.00%] @ &quot;7145000&quot;&#xD;&#xA;// RTL Simulation : 300 / 719 [100.00%] @ &quot;7165000&quot;&#xD;&#xA;// RTL Simulation : 301 / 719 [100.00%] @ &quot;7185000&quot;&#xD;&#xA;// RTL Simulation : 302 / 719 [100.00%] @ &quot;7205000&quot;&#xD;&#xA;// RTL Simulation : 303 / 719 [100.00%] @ &quot;7225000&quot;&#xD;&#xA;// RTL Simulation : 304 / 719 [100.00%] @ &quot;7245000&quot;&#xD;&#xA;// RTL Simulation : 305 / 719 [100.00%] @ &quot;7265000&quot;&#xD;&#xA;// RTL Simulation : 306 / 719 [100.00%] @ &quot;7285000&quot;&#xD;&#xA;// RTL Simulation : 307 / 719 [100.00%] @ &quot;7305000&quot;&#xD;&#xA;// RTL Simulation : 308 / 719 [100.00%] @ &quot;7325000&quot;&#xD;&#xA;// RTL Simulation : 309 / 719 [100.00%] @ &quot;7345000&quot;&#xD;&#xA;// RTL Simulation : 310 / 719 [100.00%] @ &quot;7365000&quot;&#xD;&#xA;// RTL Simulation : 311 / 719 [100.00%] @ &quot;7385000&quot;&#xD;&#xA;// RTL Simulation : 312 / 719 [100.00%] @ &quot;7405000&quot;&#xD;&#xA;// RTL Simulation : 313 / 719 [100.00%] @ &quot;7425000&quot;&#xD;&#xA;// RTL Simulation : 314 / 719 [100.00%] @ &quot;7445000&quot;&#xD;&#xA;// RTL Simulation : 315 / 719 [100.00%] @ &quot;7465000&quot;&#xD;&#xA;// RTL Simulation : 316 / 719 [100.00%] @ &quot;7485000&quot;&#xD;&#xA;// RTL Simulation : 317 / 719 [100.00%] @ &quot;7505000&quot;&#xD;&#xA;// RTL Simulation : 318 / 719 [100.00%] @ &quot;7525000&quot;&#xD;&#xA;// RTL Simulation : 319 / 719 [100.00%] @ &quot;7545000&quot;&#xD;&#xA;// RTL Simulation : 320 / 719 [100.00%] @ &quot;7565000&quot;&#xD;&#xA;// RTL Simulation : 321 / 719 [100.00%] @ &quot;7585000&quot;&#xD;&#xA;// RTL Simulation : 322 / 719 [100.00%] @ &quot;7605000&quot;&#xD;&#xA;// RTL Simulation : 323 / 719 [100.00%] @ &quot;7625000&quot;&#xD;&#xA;// RTL Simulation : 324 / 719 [100.00%] @ &quot;7645000&quot;&#xD;&#xA;// RTL Simulation : 325 / 719 [100.00%] @ &quot;7665000&quot;&#xD;&#xA;// RTL Simulation : 326 / 719 [100.00%] @ &quot;7685000&quot;&#xD;&#xA;// RTL Simulation : 327 / 719 [100.00%] @ &quot;7705000&quot;&#xD;&#xA;// RTL Simulation : 328 / 719 [100.00%] @ &quot;7725000&quot;&#xD;&#xA;// RTL Simulation : 329 / 719 [100.00%] @ &quot;7745000&quot;&#xD;&#xA;// RTL Simulation : 330 / 719 [100.00%] @ &quot;7765000&quot;&#xD;&#xA;// RTL Simulation : 331 / 719 [100.00%] @ &quot;7785000&quot;&#xD;&#xA;// RTL Simulation : 332 / 719 [100.00%] @ &quot;7805000&quot;&#xD;&#xA;// RTL Simulation : 333 / 719 [100.00%] @ &quot;7825000&quot;&#xD;&#xA;// RTL Simulation : 334 / 719 [100.00%] @ &quot;7845000&quot;&#xD;&#xA;// RTL Simulation : 335 / 719 [100.00%] @ &quot;7865000&quot;&#xD;&#xA;// RTL Simulation : 336 / 719 [100.00%] @ &quot;7885000&quot;&#xD;&#xA;// RTL Simulation : 337 / 719 [100.00%] @ &quot;7905000&quot;&#xD;&#xA;// RTL Simulation : 338 / 719 [100.00%] @ &quot;7925000&quot;&#xD;&#xA;// RTL Simulation : 339 / 719 [100.00%] @ &quot;7945000&quot;&#xD;&#xA;// RTL Simulation : 340 / 719 [100.00%] @ &quot;7965000&quot;&#xD;&#xA;// RTL Simulation : 341 / 719 [100.00%] @ &quot;7985000&quot;&#xD;&#xA;// RTL Simulation : 342 / 719 [100.00%] @ &quot;8005000&quot;&#xD;&#xA;// RTL Simulation : 343 / 719 [100.00%] @ &quot;8025000&quot;&#xD;&#xA;// RTL Simulation : 344 / 719 [100.00%] @ &quot;8045000&quot;&#xD;&#xA;// RTL Simulation : 345 / 719 [100.00%] @ &quot;8065000&quot;&#xD;&#xA;// RTL Simulation : 346 / 719 [100.00%] @ &quot;8085000&quot;&#xD;&#xA;// RTL Simulation : 347 / 719 [100.00%] @ &quot;8105000&quot;&#xD;&#xA;// RTL Simulation : 348 / 719 [100.00%] @ &quot;8125000&quot;&#xD;&#xA;// RTL Simulation : 349 / 719 [100.00%] @ &quot;8145000&quot;&#xD;&#xA;// RTL Simulation : 350 / 719 [100.00%] @ &quot;8165000&quot;&#xD;&#xA;// RTL Simulation : 351 / 719 [100.00%] @ &quot;8185000&quot;&#xD;&#xA;// RTL Simulation : 352 / 719 [100.00%] @ &quot;8205000&quot;&#xD;&#xA;// RTL Simulation : 353 / 719 [100.00%] @ &quot;8225000&quot;&#xD;&#xA;// RTL Simulation : 354 / 719 [100.00%] @ &quot;8245000&quot;&#xD;&#xA;// RTL Simulation : 355 / 719 [100.00%] @ &quot;8265000&quot;&#xD;&#xA;// RTL Simulation : 356 / 719 [100.00%] @ &quot;8285000&quot;&#xD;&#xA;// RTL Simulation : 357 / 719 [100.00%] @ &quot;8305000&quot;&#xD;&#xA;// RTL Simulation : 358 / 719 [100.00%] @ &quot;8325000&quot;&#xD;&#xA;// RTL Simulation : 359 / 719 [100.00%] @ &quot;8345000&quot;&#xD;&#xA;// RTL Simulation : 360 / 719 [100.00%] @ &quot;8365000&quot;&#xD;&#xA;// RTL Simulation : 361 / 719 [100.00%] @ &quot;8385000&quot;&#xD;&#xA;// RTL Simulation : 362 / 719 [100.00%] @ &quot;8405000&quot;&#xD;&#xA;// RTL Simulation : 363 / 719 [100.00%] @ &quot;8425000&quot;&#xD;&#xA;// RTL Simulation : 364 / 719 [100.00%] @ &quot;8445000&quot;&#xD;&#xA;// RTL Simulation : 365 / 719 [100.00%] @ &quot;8465000&quot;&#xD;&#xA;// RTL Simulation : 366 / 719 [100.00%] @ &quot;8485000&quot;&#xD;&#xA;// RTL Simulation : 367 / 719 [100.00%] @ &quot;8505000&quot;&#xD;&#xA;// RTL Simulation : 368 / 719 [100.00%] @ &quot;8525000&quot;&#xD;&#xA;// RTL Simulation : 369 / 719 [100.00%] @ &quot;8545000&quot;&#xD;&#xA;// RTL Simulation : 370 / 719 [100.00%] @ &quot;8565000&quot;&#xD;&#xA;// RTL Simulation : 371 / 719 [100.00%] @ &quot;8585000&quot;&#xD;&#xA;// RTL Simulation : 372 / 719 [100.00%] @ &quot;8605000&quot;&#xD;&#xA;// RTL Simulation : 373 / 719 [100.00%] @ &quot;8625000&quot;&#xD;&#xA;// RTL Simulation : 374 / 719 [100.00%] @ &quot;8645000&quot;&#xD;&#xA;// RTL Simulation : 375 / 719 [100.00%] @ &quot;8665000&quot;&#xD;&#xA;// RTL Simulation : 376 / 719 [100.00%] @ &quot;8685000&quot;&#xD;&#xA;// RTL Simulation : 377 / 719 [100.00%] @ &quot;8705000&quot;&#xD;&#xA;// RTL Simulation : 378 / 719 [100.00%] @ &quot;8725000&quot;&#xD;&#xA;// RTL Simulation : 379 / 719 [100.00%] @ &quot;8745000&quot;&#xD;&#xA;// RTL Simulation : 380 / 719 [100.00%] @ &quot;8765000&quot;&#xD;&#xA;// RTL Simulation : 381 / 719 [100.00%] @ &quot;8785000&quot;&#xD;&#xA;// RTL Simulation : 382 / 719 [100.00%] @ &quot;8805000&quot;&#xD;&#xA;// RTL Simulation : 383 / 719 [100.00%] @ &quot;8825000&quot;&#xD;&#xA;// RTL Simulation : 384 / 719 [100.00%] @ &quot;8845000&quot;&#xD;&#xA;// RTL Simulation : 385 / 719 [100.00%] @ &quot;8865000&quot;&#xD;&#xA;// RTL Simulation : 386 / 719 [100.00%] @ &quot;8885000&quot;&#xD;&#xA;// RTL Simulation : 387 / 719 [100.00%] @ &quot;8905000&quot;&#xD;&#xA;// RTL Simulation : 388 / 719 [100.00%] @ &quot;8925000&quot;&#xD;&#xA;// RTL Simulation : 389 / 719 [100.00%] @ &quot;8945000&quot;&#xD;&#xA;// RTL Simulation : 390 / 719 [100.00%] @ &quot;8965000&quot;&#xD;&#xA;// RTL Simulation : 391 / 719 [100.00%] @ &quot;8985000&quot;&#xD;&#xA;// RTL Simulation : 392 / 719 [100.00%] @ &quot;9005000&quot;&#xD;&#xA;// RTL Simulation : 393 / 719 [100.00%] @ &quot;9025000&quot;&#xD;&#xA;// RTL Simulation : 394 / 719 [100.00%] @ &quot;9045000&quot;&#xD;&#xA;// RTL Simulation : 395 / 719 [100.00%] @ &quot;9065000&quot;&#xD;&#xA;// RTL Simulation : 396 / 719 [100.00%] @ &quot;9085000&quot;&#xD;&#xA;// RTL Simulation : 397 / 719 [100.00%] @ &quot;9105000&quot;&#xD;&#xA;// RTL Simulation : 398 / 719 [100.00%] @ &quot;9125000&quot;&#xD;&#xA;// RTL Simulation : 399 / 719 [100.00%] @ &quot;9145000&quot;&#xD;&#xA;// RTL Simulation : 400 / 719 [100.00%] @ &quot;9165000&quot;&#xD;&#xA;// RTL Simulation : 401 / 719 [100.00%] @ &quot;9185000&quot;&#xD;&#xA;// RTL Simulation : 402 / 719 [100.00%] @ &quot;9205000&quot;&#xD;&#xA;// RTL Simulation : 403 / 719 [100.00%] @ &quot;9225000&quot;&#xD;&#xA;// RTL Simulation : 404 / 719 [100.00%] @ &quot;9245000&quot;&#xD;&#xA;// RTL Simulation : 405 / 719 [100.00%] @ &quot;9265000&quot;&#xD;&#xA;// RTL Simulation : 406 / 719 [100.00%] @ &quot;9285000&quot;&#xD;&#xA;// RTL Simulation : 407 / 719 [100.00%] @ &quot;9305000&quot;&#xD;&#xA;// RTL Simulation : 408 / 719 [100.00%] @ &quot;9325000&quot;&#xD;&#xA;// RTL Simulation : 409 / 719 [100.00%] @ &quot;9345000&quot;&#xD;&#xA;// RTL Simulation : 410 / 719 [100.00%] @ &quot;9365000&quot;&#xD;&#xA;// RTL Simulation : 411 / 719 [100.00%] @ &quot;9385000&quot;&#xD;&#xA;// RTL Simulation : 412 / 719 [100.00%] @ &quot;9405000&quot;&#xD;&#xA;// RTL Simulation : 413 / 719 [100.00%] @ &quot;9435000&quot;&#xD;&#xA;// RTL Simulation : 414 / 719 [100.00%] @ &quot;9465000&quot;&#xD;&#xA;// RTL Simulation : 415 / 719 [100.00%] @ &quot;9495000&quot;&#xD;&#xA;// RTL Simulation : 416 / 719 [100.00%] @ &quot;9525000&quot;&#xD;&#xA;// RTL Simulation : 417 / 719 [100.00%] @ &quot;9555000&quot;&#xD;&#xA;// RTL Simulation : 418 / 719 [100.00%] @ &quot;9585000&quot;&#xD;&#xA;// RTL Simulation : 419 / 719 [100.00%] @ &quot;9615000&quot;&#xD;&#xA;// RTL Simulation : 420 / 719 [100.00%] @ &quot;9645000&quot;&#xD;&#xA;// RTL Simulation : 421 / 719 [100.00%] @ &quot;9675000&quot;&#xD;&#xA;// RTL Simulation : 422 / 719 [100.00%] @ &quot;9705000&quot;&#xD;&#xA;// RTL Simulation : 423 / 719 [100.00%] @ &quot;9735000&quot;&#xD;&#xA;// RTL Simulation : 424 / 719 [100.00%] @ &quot;9765000&quot;&#xD;&#xA;// RTL Simulation : 425 / 719 [100.00%] @ &quot;9795000&quot;&#xD;&#xA;// RTL Simulation : 426 / 719 [100.00%] @ &quot;9825000&quot;&#xD;&#xA;// RTL Simulation : 427 / 719 [100.00%] @ &quot;9855000&quot;&#xD;&#xA;// RTL Simulation : 428 / 719 [100.00%] @ &quot;9885000&quot;&#xD;&#xA;// RTL Simulation : 429 / 719 [100.00%] @ &quot;9915000&quot;&#xD;&#xA;// RTL Simulation : 430 / 719 [100.00%] @ &quot;9945000&quot;&#xD;&#xA;// RTL Simulation : 431 / 719 [100.00%] @ &quot;9975000&quot;&#xD;&#xA;// RTL Simulation : 432 / 719 [100.00%] @ &quot;10005000&quot;&#xD;&#xA;// RTL Simulation : 433 / 719 [100.00%] @ &quot;10035000&quot;&#xD;&#xA;// RTL Simulation : 434 / 719 [100.00%] @ &quot;10065000&quot;&#xD;&#xA;// RTL Simulation : 435 / 719 [100.00%] @ &quot;10095000&quot;&#xD;&#xA;// RTL Simulation : 436 / 719 [100.00%] @ &quot;10125000&quot;&#xD;&#xA;// RTL Simulation : 437 / 719 [100.00%] @ &quot;10155000&quot;&#xD;&#xA;// RTL Simulation : 438 / 719 [100.00%] @ &quot;10185000&quot;&#xD;&#xA;// RTL Simulation : 439 / 719 [100.00%] @ &quot;10215000&quot;&#xD;&#xA;// RTL Simulation : 440 / 719 [100.00%] @ &quot;10245000&quot;&#xD;&#xA;// RTL Simulation : 441 / 719 [100.00%] @ &quot;10275000&quot;&#xD;&#xA;// RTL Simulation : 442 / 719 [100.00%] @ &quot;10305000&quot;&#xD;&#xA;// RTL Simulation : 443 / 719 [100.00%] @ &quot;10335000&quot;&#xD;&#xA;// RTL Simulation : 444 / 719 [100.00%] @ &quot;10365000&quot;&#xD;&#xA;// RTL Simulation : 445 / 719 [100.00%] @ &quot;10395000&quot;&#xD;&#xA;// RTL Simulation : 446 / 719 [100.00%] @ &quot;10425000&quot;&#xD;&#xA;// RTL Simulation : 447 / 719 [100.00%] @ &quot;10455000&quot;&#xD;&#xA;// RTL Simulation : 448 / 719 [100.00%] @ &quot;10485000&quot;&#xD;&#xA;// RTL Simulation : 449 / 719 [100.00%] @ &quot;10515000&quot;&#xD;&#xA;// RTL Simulation : 450 / 719 [100.00%] @ &quot;10545000&quot;&#xD;&#xA;// RTL Simulation : 451 / 719 [100.00%] @ &quot;10575000&quot;&#xD;&#xA;// RTL Simulation : 452 / 719 [100.00%] @ &quot;10605000&quot;&#xD;&#xA;// RTL Simulation : 453 / 719 [100.00%] @ &quot;10635000&quot;&#xD;&#xA;// RTL Simulation : 454 / 719 [100.00%] @ &quot;10665000&quot;&#xD;&#xA;// RTL Simulation : 455 / 719 [100.00%] @ &quot;10695000&quot;&#xD;&#xA;// RTL Simulation : 456 / 719 [100.00%] @ &quot;10725000&quot;&#xD;&#xA;// RTL Simulation : 457 / 719 [100.00%] @ &quot;10755000&quot;&#xD;&#xA;// RTL Simulation : 458 / 719 [100.00%] @ &quot;10785000&quot;&#xD;&#xA;// RTL Simulation : 459 / 719 [100.00%] @ &quot;10815000&quot;&#xD;&#xA;// RTL Simulation : 460 / 719 [100.00%] @ &quot;10845000&quot;&#xD;&#xA;// RTL Simulation : 461 / 719 [100.00%] @ &quot;10875000&quot;&#xD;&#xA;// RTL Simulation : 462 / 719 [100.00%] @ &quot;10905000&quot;&#xD;&#xA;// RTL Simulation : 463 / 719 [100.00%] @ &quot;10935000&quot;&#xD;&#xA;// RTL Simulation : 464 / 719 [100.00%] @ &quot;10965000&quot;&#xD;&#xA;// RTL Simulation : 465 / 719 [100.00%] @ &quot;10995000&quot;&#xD;&#xA;// RTL Simulation : 466 / 719 [100.00%] @ &quot;11025000&quot;&#xD;&#xA;// RTL Simulation : 467 / 719 [100.00%] @ &quot;11055000&quot;&#xD;&#xA;// RTL Simulation : 468 / 719 [100.00%] @ &quot;11085000&quot;&#xD;&#xA;// RTL Simulation : 469 / 719 [100.00%] @ &quot;11115000&quot;&#xD;&#xA;// RTL Simulation : 470 / 719 [100.00%] @ &quot;11145000&quot;&#xD;&#xA;// RTL Simulation : 471 / 719 [100.00%] @ &quot;11175000&quot;&#xD;&#xA;// RTL Simulation : 472 / 719 [100.00%] @ &quot;11205000&quot;&#xD;&#xA;// RTL Simulation : 473 / 719 [100.00%] @ &quot;11235000&quot;&#xD;&#xA;// RTL Simulation : 474 / 719 [100.00%] @ &quot;11265000&quot;&#xD;&#xA;// RTL Simulation : 475 / 719 [100.00%] @ &quot;11295000&quot;&#xD;&#xA;// RTL Simulation : 476 / 719 [100.00%] @ &quot;11325000&quot;&#xD;&#xA;// RTL Simulation : 477 / 719 [100.00%] @ &quot;11355000&quot;&#xD;&#xA;// RTL Simulation : 478 / 719 [100.00%] @ &quot;11385000&quot;&#xD;&#xA;// RTL Simulation : 479 / 719 [100.00%] @ &quot;11415000&quot;&#xD;&#xA;// RTL Simulation : 480 / 719 [100.00%] @ &quot;11445000&quot;&#xD;&#xA;// RTL Simulation : 481 / 719 [100.00%] @ &quot;11475000&quot;&#xD;&#xA;// RTL Simulation : 482 / 719 [100.00%] @ &quot;11505000&quot;&#xD;&#xA;// RTL Simulation : 483 / 719 [100.00%] @ &quot;11535000&quot;&#xD;&#xA;// RTL Simulation : 484 / 719 [100.00%] @ &quot;11565000&quot;&#xD;&#xA;// RTL Simulation : 485 / 719 [100.00%] @ &quot;11595000&quot;&#xD;&#xA;// RTL Simulation : 486 / 719 [100.00%] @ &quot;11625000&quot;&#xD;&#xA;// RTL Simulation : 487 / 719 [100.00%] @ &quot;11655000&quot;&#xD;&#xA;// RTL Simulation : 488 / 719 [100.00%] @ &quot;11685000&quot;&#xD;&#xA;// RTL Simulation : 489 / 719 [100.00%] @ &quot;11715000&quot;&#xD;&#xA;// RTL Simulation : 490 / 719 [100.00%] @ &quot;11745000&quot;&#xD;&#xA;// RTL Simulation : 491 / 719 [100.00%] @ &quot;11775000&quot;&#xD;&#xA;// RTL Simulation : 492 / 719 [100.00%] @ &quot;11805000&quot;&#xD;&#xA;// RTL Simulation : 493 / 719 [100.00%] @ &quot;11835000&quot;&#xD;&#xA;// RTL Simulation : 494 / 719 [100.00%] @ &quot;11865000&quot;&#xD;&#xA;// RTL Simulation : 495 / 719 [100.00%] @ &quot;11895000&quot;&#xD;&#xA;// RTL Simulation : 496 / 719 [100.00%] @ &quot;11925000&quot;&#xD;&#xA;// RTL Simulation : 497 / 719 [100.00%] @ &quot;11955000&quot;&#xD;&#xA;// RTL Simulation : 498 / 719 [100.00%] @ &quot;11985000&quot;&#xD;&#xA;// RTL Simulation : 499 / 719 [100.00%] @ &quot;12015000&quot;&#xD;&#xA;// RTL Simulation : 500 / 719 [100.00%] @ &quot;12045000&quot;&#xD;&#xA;// RTL Simulation : 501 / 719 [100.00%] @ &quot;12075000&quot;&#xD;&#xA;// RTL Simulation : 502 / 719 [100.00%] @ &quot;12105000&quot;&#xD;&#xA;// RTL Simulation : 503 / 719 [100.00%] @ &quot;12135000&quot;&#xD;&#xA;// RTL Simulation : 504 / 719 [100.00%] @ &quot;12165000&quot;&#xD;&#xA;// RTL Simulation : 505 / 719 [100.00%] @ &quot;12195000&quot;&#xD;&#xA;// RTL Simulation : 506 / 719 [100.00%] @ &quot;12225000&quot;&#xD;&#xA;// RTL Simulation : 507 / 719 [100.00%] @ &quot;12255000&quot;&#xD;&#xA;// RTL Simulation : 508 / 719 [100.00%] @ &quot;12285000&quot;&#xD;&#xA;// RTL Simulation : 509 / 719 [100.00%] @ &quot;12315000&quot;&#xD;&#xA;// RTL Simulation : 510 / 719 [100.00%] @ &quot;12345000&quot;&#xD;&#xA;// RTL Simulation : 511 / 719 [100.00%] @ &quot;12375000&quot;&#xD;&#xA;// RTL Simulation : 512 / 719 [100.00%] @ &quot;12405000&quot;&#xD;&#xA;// RTL Simulation : 513 / 719 [100.00%] @ &quot;12435000&quot;&#xD;&#xA;// RTL Simulation : 514 / 719 [100.00%] @ &quot;12465000&quot;&#xD;&#xA;// RTL Simulation : 515 / 719 [100.00%] @ &quot;12495000&quot;&#xD;&#xA;// RTL Simulation : 516 / 719 [100.00%] @ &quot;12635000&quot;&#xD;&#xA;// RTL Simulation : 517 / 719 [100.00%] @ &quot;12775000&quot;&#xD;&#xA;// RTL Simulation : 518 / 719 [100.00%] @ &quot;12915000&quot;&#xD;&#xA;// RTL Simulation : 519 / 719 [100.00%] @ &quot;13055000&quot;&#xD;&#xA;// RTL Simulation : 520 / 719 [100.00%] @ &quot;13195000&quot;&#xD;&#xA;// RTL Simulation : 521 / 719 [100.00%] @ &quot;13335000&quot;&#xD;&#xA;// RTL Simulation : 522 / 719 [100.00%] @ &quot;13475000&quot;&#xD;&#xA;// RTL Simulation : 523 / 719 [100.00%] @ &quot;13615000&quot;&#xD;&#xA;// RTL Simulation : 524 / 719 [100.00%] @ &quot;13755000&quot;&#xD;&#xA;// RTL Simulation : 525 / 719 [100.00%] @ &quot;13895000&quot;&#xD;&#xA;// RTL Simulation : 526 / 719 [100.00%] @ &quot;14035000&quot;&#xD;&#xA;// RTL Simulation : 527 / 719 [100.00%] @ &quot;14175000&quot;&#xD;&#xA;// RTL Simulation : 528 / 719 [100.00%] @ &quot;14315000&quot;&#xD;&#xA;// RTL Simulation : 529 / 719 [100.00%] @ &quot;14455000&quot;&#xD;&#xA;// RTL Simulation : 530 / 719 [100.00%] @ &quot;14595000&quot;&#xD;&#xA;// RTL Simulation : 531 / 719 [100.00%] @ &quot;14735000&quot;&#xD;&#xA;// RTL Simulation : 532 / 719 [100.00%] @ &quot;14875000&quot;&#xD;&#xA;// RTL Simulation : 533 / 719 [100.00%] @ &quot;15015000&quot;&#xD;&#xA;// RTL Simulation : 534 / 719 [100.00%] @ &quot;15155000&quot;&#xD;&#xA;// RTL Simulation : 535 / 719 [100.00%] @ &quot;15295000&quot;&#xD;&#xA;// RTL Simulation : 536 / 719 [100.00%] @ &quot;15435000&quot;&#xD;&#xA;// RTL Simulation : 537 / 719 [100.00%] @ &quot;15575000&quot;&#xD;&#xA;// RTL Simulation : 538 / 719 [100.00%] @ &quot;15715000&quot;&#xD;&#xA;// RTL Simulation : 539 / 719 [100.00%] @ &quot;15855000&quot;&#xD;&#xA;// RTL Simulation : 540 / 719 [100.00%] @ &quot;15995000&quot;&#xD;&#xA;// RTL Simulation : 541 / 719 [100.00%] @ &quot;16135000&quot;&#xD;&#xA;// RTL Simulation : 542 / 719 [100.00%] @ &quot;16275000&quot;&#xD;&#xA;// RTL Simulation : 543 / 719 [100.00%] @ &quot;16415000&quot;&#xD;&#xA;// RTL Simulation : 544 / 719 [100.00%] @ &quot;16555000&quot;&#xD;&#xA;// RTL Simulation : 545 / 719 [100.00%] @ &quot;16695000&quot;&#xD;&#xA;// RTL Simulation : 546 / 719 [100.00%] @ &quot;16835000&quot;&#xD;&#xA;// RTL Simulation : 547 / 719 [100.00%] @ &quot;16975000&quot;&#xD;&#xA;// RTL Simulation : 548 / 719 [100.00%] @ &quot;17115000&quot;&#xD;&#xA;// RTL Simulation : 549 / 719 [100.00%] @ &quot;17255000&quot;&#xD;&#xA;// RTL Simulation : 550 / 719 [100.00%] @ &quot;17395000&quot;&#xD;&#xA;// RTL Simulation : 551 / 719 [100.00%] @ &quot;17535000&quot;&#xD;&#xA;// RTL Simulation : 552 / 719 [100.00%] @ &quot;17675000&quot;&#xD;&#xA;// RTL Simulation : 553 / 719 [100.00%] @ &quot;17815000&quot;&#xD;&#xA;// RTL Simulation : 554 / 719 [100.00%] @ &quot;17955000&quot;&#xD;&#xA;// RTL Simulation : 555 / 719 [100.00%] @ &quot;18095000&quot;&#xD;&#xA;// RTL Simulation : 556 / 719 [100.00%] @ &quot;18235000&quot;&#xD;&#xA;// RTL Simulation : 557 / 719 [100.00%] @ &quot;18375000&quot;&#xD;&#xA;// RTL Simulation : 558 / 719 [100.00%] @ &quot;18515000&quot;&#xD;&#xA;// RTL Simulation : 559 / 719 [100.00%] @ &quot;18655000&quot;&#xD;&#xA;// RTL Simulation : 560 / 719 [100.00%] @ &quot;18795000&quot;&#xD;&#xA;// RTL Simulation : 561 / 719 [100.00%] @ &quot;18935000&quot;&#xD;&#xA;// RTL Simulation : 562 / 719 [100.00%] @ &quot;19075000&quot;&#xD;&#xA;// RTL Simulation : 563 / 719 [100.00%] @ &quot;19215000&quot;&#xD;&#xA;// RTL Simulation : 564 / 719 [100.00%] @ &quot;19355000&quot;&#xD;&#xA;// RTL Simulation : 565 / 719 [100.00%] @ &quot;19495000&quot;&#xD;&#xA;// RTL Simulation : 566 / 719 [100.00%] @ &quot;19635000&quot;&#xD;&#xA;// RTL Simulation : 567 / 719 [100.00%] @ &quot;19775000&quot;&#xD;&#xA;// RTL Simulation : 568 / 719 [100.00%] @ &quot;19915000&quot;&#xD;&#xA;// RTL Simulation : 569 / 719 [100.00%] @ &quot;20055000&quot;&#xD;&#xA;// RTL Simulation : 570 / 719 [100.00%] @ &quot;20195000&quot;&#xD;&#xA;// RTL Simulation : 571 / 719 [100.00%] @ &quot;20335000&quot;&#xD;&#xA;// RTL Simulation : 572 / 719 [100.00%] @ &quot;20475000&quot;&#xD;&#xA;// RTL Simulation : 573 / 719 [100.00%] @ &quot;20615000&quot;&#xD;&#xA;// RTL Simulation : 574 / 719 [100.00%] @ &quot;20755000&quot;&#xD;&#xA;// RTL Simulation : 575 / 719 [100.00%] @ &quot;20895000&quot;&#xD;&#xA;// RTL Simulation : 576 / 719 [100.00%] @ &quot;21035000&quot;&#xD;&#xA;// RTL Simulation : 577 / 719 [100.00%] @ &quot;21175000&quot;&#xD;&#xA;// RTL Simulation : 578 / 719 [100.00%] @ &quot;21315000&quot;&#xD;&#xA;// RTL Simulation : 579 / 719 [100.00%] @ &quot;21455000&quot;&#xD;&#xA;// RTL Simulation : 580 / 719 [100.00%] @ &quot;21595000&quot;&#xD;&#xA;// RTL Simulation : 581 / 719 [100.00%] @ &quot;21735000&quot;&#xD;&#xA;// RTL Simulation : 582 / 719 [100.00%] @ &quot;21875000&quot;&#xD;&#xA;// RTL Simulation : 583 / 719 [100.00%] @ &quot;22015000&quot;&#xD;&#xA;// RTL Simulation : 584 / 719 [100.00%] @ &quot;22155000&quot;&#xD;&#xA;// RTL Simulation : 585 / 719 [100.00%] @ &quot;22295000&quot;&#xD;&#xA;// RTL Simulation : 586 / 719 [100.00%] @ &quot;22435000&quot;&#xD;&#xA;// RTL Simulation : 587 / 719 [100.00%] @ &quot;22575000&quot;&#xD;&#xA;// RTL Simulation : 588 / 719 [100.00%] @ &quot;22715000&quot;&#xD;&#xA;// RTL Simulation : 589 / 719 [100.00%] @ &quot;22855000&quot;&#xD;&#xA;// RTL Simulation : 590 / 719 [100.00%] @ &quot;22995000&quot;&#xD;&#xA;// RTL Simulation : 591 / 719 [100.00%] @ &quot;23135000&quot;&#xD;&#xA;// RTL Simulation : 592 / 719 [100.00%] @ &quot;23275000&quot;&#xD;&#xA;// RTL Simulation : 593 / 719 [100.00%] @ &quot;23415000&quot;&#xD;&#xA;// RTL Simulation : 594 / 719 [100.00%] @ &quot;23555000&quot;&#xD;&#xA;// RTL Simulation : 595 / 719 [100.00%] @ &quot;23695000&quot;&#xD;&#xA;// RTL Simulation : 596 / 719 [100.00%] @ &quot;23835000&quot;&#xD;&#xA;// RTL Simulation : 597 / 719 [100.00%] @ &quot;23975000&quot;&#xD;&#xA;// RTL Simulation : 598 / 719 [100.00%] @ &quot;24115000&quot;&#xD;&#xA;// RTL Simulation : 599 / 719 [100.00%] @ &quot;24255000&quot;&#xD;&#xA;// RTL Simulation : 600 / 719 [100.00%] @ &quot;24395000&quot;&#xD;&#xA;// RTL Simulation : 601 / 719 [100.00%] @ &quot;24535000&quot;&#xD;&#xA;// RTL Simulation : 602 / 719 [100.00%] @ &quot;24675000&quot;&#xD;&#xA;// RTL Simulation : 603 / 719 [100.00%] @ &quot;24815000&quot;&#xD;&#xA;// RTL Simulation : 604 / 719 [100.00%] @ &quot;24955000&quot;&#xD;&#xA;// RTL Simulation : 605 / 719 [100.00%] @ &quot;25095000&quot;&#xD;&#xA;// RTL Simulation : 606 / 719 [100.00%] @ &quot;25235000&quot;&#xD;&#xA;// RTL Simulation : 607 / 719 [100.00%] @ &quot;25375000&quot;&#xD;&#xA;// RTL Simulation : 608 / 719 [100.00%] @ &quot;25515000&quot;&#xD;&#xA;// RTL Simulation : 609 / 719 [100.00%] @ &quot;25655000&quot;&#xD;&#xA;// RTL Simulation : 610 / 719 [100.00%] @ &quot;25795000&quot;&#xD;&#xA;// RTL Simulation : 611 / 719 [100.00%] @ &quot;25935000&quot;&#xD;&#xA;// RTL Simulation : 612 / 719 [100.00%] @ &quot;26075000&quot;&#xD;&#xA;// RTL Simulation : 613 / 719 [100.00%] @ &quot;26215000&quot;&#xD;&#xA;// RTL Simulation : 614 / 719 [100.00%] @ &quot;26355000&quot;&#xD;&#xA;// RTL Simulation : 615 / 719 [100.00%] @ &quot;26495000&quot;&#xD;&#xA;// RTL Simulation : 616 / 719 [100.00%] @ &quot;26635000&quot;&#xD;&#xA;// RTL Simulation : 617 / 719 [100.00%] @ &quot;26775000&quot;&#xD;&#xA;// RTL Simulation : 618 / 719 [100.00%] @ &quot;26915000&quot;&#xD;&#xA;// RTL Simulation : 619 / 719 [100.00%] @ &quot;26935000&quot;&#xD;&#xA;// RTL Simulation : 620 / 719 [100.00%] @ &quot;26955000&quot;&#xD;&#xA;// RTL Simulation : 621 / 719 [100.00%] @ &quot;26975000&quot;&#xD;&#xA;// RTL Simulation : 622 / 719 [100.00%] @ &quot;26995000&quot;&#xD;&#xA;// RTL Simulation : 623 / 719 [100.00%] @ &quot;27015000&quot;&#xD;&#xA;// RTL Simulation : 624 / 719 [100.00%] @ &quot;27035000&quot;&#xD;&#xA;// RTL Simulation : 625 / 719 [100.00%] @ &quot;27055000&quot;&#xD;&#xA;// RTL Simulation : 626 / 719 [100.00%] @ &quot;27075000&quot;&#xD;&#xA;// RTL Simulation : 627 / 719 [100.00%] @ &quot;27095000&quot;&#xD;&#xA;// RTL Simulation : 628 / 719 [100.00%] @ &quot;27115000&quot;&#xD;&#xA;// RTL Simulation : 629 / 719 [100.00%] @ &quot;27135000&quot;&#xD;&#xA;// RTL Simulation : 630 / 719 [100.00%] @ &quot;27155000&quot;&#xD;&#xA;// RTL Simulation : 631 / 719 [100.00%] @ &quot;27175000&quot;&#xD;&#xA;// RTL Simulation : 632 / 719 [100.00%] @ &quot;27195000&quot;&#xD;&#xA;// RTL Simulation : 633 / 719 [100.00%] @ &quot;27215000&quot;&#xD;&#xA;// RTL Simulation : 634 / 719 [100.00%] @ &quot;27235000&quot;&#xD;&#xA;// RTL Simulation : 635 / 719 [100.00%] @ &quot;27255000&quot;&#xD;&#xA;// RTL Simulation : 636 / 719 [100.00%] @ &quot;27275000&quot;&#xD;&#xA;// RTL Simulation : 637 / 719 [100.00%] @ &quot;27295000&quot;&#xD;&#xA;// RTL Simulation : 638 / 719 [100.00%] @ &quot;27315000&quot;&#xD;&#xA;// RTL Simulation : 639 / 719 [100.00%] @ &quot;27335000&quot;&#xD;&#xA;// RTL Simulation : 640 / 719 [100.00%] @ &quot;27355000&quot;&#xD;&#xA;// RTL Simulation : 641 / 719 [100.00%] @ &quot;27375000&quot;&#xD;&#xA;// RTL Simulation : 642 / 719 [100.00%] @ &quot;27395000&quot;&#xD;&#xA;// RTL Simulation : 643 / 719 [100.00%] @ &quot;27415000&quot;&#xD;&#xA;// RTL Simulation : 644 / 719 [100.00%] @ &quot;27435000&quot;&#xD;&#xA;// RTL Simulation : 645 / 719 [100.00%] @ &quot;27455000&quot;&#xD;&#xA;// RTL Simulation : 646 / 719 [100.00%] @ &quot;27475000&quot;&#xD;&#xA;// RTL Simulation : 647 / 719 [100.00%] @ &quot;27495000&quot;&#xD;&#xA;// RTL Simulation : 648 / 719 [100.00%] @ &quot;27515000&quot;&#xD;&#xA;// RTL Simulation : 649 / 719 [100.00%] @ &quot;27535000&quot;&#xD;&#xA;// RTL Simulation : 650 / 719 [100.00%] @ &quot;27555000&quot;&#xD;&#xA;// RTL Simulation : 651 / 719 [100.00%] @ &quot;27575000&quot;&#xD;&#xA;// RTL Simulation : 652 / 719 [100.00%] @ &quot;27595000&quot;&#xD;&#xA;// RTL Simulation : 653 / 719 [100.00%] @ &quot;27615000&quot;&#xD;&#xA;// RTL Simulation : 654 / 719 [100.00%] @ &quot;27635000&quot;&#xD;&#xA;// RTL Simulation : 655 / 719 [100.00%] @ &quot;27655000&quot;&#xD;&#xA;// RTL Simulation : 656 / 719 [100.00%] @ &quot;27675000&quot;&#xD;&#xA;// RTL Simulation : 657 / 719 [100.00%] @ &quot;27695000&quot;&#xD;&#xA;// RTL Simulation : 658 / 719 [100.00%] @ &quot;27715000&quot;&#xD;&#xA;// RTL Simulation : 659 / 719 [100.00%] @ &quot;27735000&quot;&#xD;&#xA;// RTL Simulation : 660 / 719 [100.00%] @ &quot;27755000&quot;&#xD;&#xA;// RTL Simulation : 661 / 719 [100.00%] @ &quot;27775000&quot;&#xD;&#xA;// RTL Simulation : 662 / 719 [100.00%] @ &quot;27795000&quot;&#xD;&#xA;// RTL Simulation : 663 / 719 [100.00%] @ &quot;27815000&quot;&#xD;&#xA;// RTL Simulation : 664 / 719 [100.00%] @ &quot;27835000&quot;&#xD;&#xA;// RTL Simulation : 665 / 719 [100.00%] @ &quot;27855000&quot;&#xD;&#xA;// RTL Simulation : 666 / 719 [100.00%] @ &quot;27875000&quot;&#xD;&#xA;// RTL Simulation : 667 / 719 [100.00%] @ &quot;27895000&quot;&#xD;&#xA;// RTL Simulation : 668 / 719 [100.00%] @ &quot;27915000&quot;&#xD;&#xA;// RTL Simulation : 669 / 719 [100.00%] @ &quot;27935000&quot;&#xD;&#xA;// RTL Simulation : 670 / 719 [100.00%] @ &quot;27955000&quot;&#xD;&#xA;// RTL Simulation : 671 / 719 [100.00%] @ &quot;27975000&quot;&#xD;&#xA;// RTL Simulation : 672 / 719 [100.00%] @ &quot;27995000&quot;&#xD;&#xA;// RTL Simulation : 673 / 719 [100.00%] @ &quot;28015000&quot;&#xD;&#xA;// RTL Simulation : 674 / 719 [100.00%] @ &quot;28035000&quot;&#xD;&#xA;// RTL Simulation : 675 / 719 [100.00%] @ &quot;28055000&quot;&#xD;&#xA;// RTL Simulation : 676 / 719 [100.00%] @ &quot;28075000&quot;&#xD;&#xA;// RTL Simulation : 677 / 719 [100.00%] @ &quot;28095000&quot;&#xD;&#xA;// RTL Simulation : 678 / 719 [100.00%] @ &quot;28115000&quot;&#xD;&#xA;// RTL Simulation : 679 / 719 [100.00%] @ &quot;28135000&quot;&#xD;&#xA;// RTL Simulation : 680 / 719 [100.00%] @ &quot;28155000&quot;&#xD;&#xA;// RTL Simulation : 681 / 719 [100.00%] @ &quot;28175000&quot;&#xD;&#xA;// RTL Simulation : 682 / 719 [100.00%] @ &quot;28195000&quot;&#xD;&#xA;// RTL Simulation : 683 / 719 [100.00%] @ &quot;28215000&quot;&#xD;&#xA;// RTL Simulation : 684 / 719 [100.00%] @ &quot;28235000&quot;&#xD;&#xA;// RTL Simulation : 685 / 719 [100.00%] @ &quot;28255000&quot;&#xD;&#xA;// RTL Simulation : 686 / 719 [100.00%] @ &quot;28275000&quot;&#xD;&#xA;// RTL Simulation : 687 / 719 [100.00%] @ &quot;28295000&quot;&#xD;&#xA;// RTL Simulation : 688 / 719 [100.00%] @ &quot;28315000&quot;&#xD;&#xA;// RTL Simulation : 689 / 719 [100.00%] @ &quot;28335000&quot;&#xD;&#xA;// RTL Simulation : 690 / 719 [100.00%] @ &quot;28355000&quot;&#xD;&#xA;// RTL Simulation : 691 / 719 [100.00%] @ &quot;28375000&quot;&#xD;&#xA;// RTL Simulation : 692 / 719 [100.00%] @ &quot;28395000&quot;&#xD;&#xA;// RTL Simulation : 693 / 719 [100.00%] @ &quot;28415000&quot;&#xD;&#xA;// RTL Simulation : 694 / 719 [100.00%] @ &quot;28435000&quot;&#xD;&#xA;// RTL Simulation : 695 / 719 [100.00%] @ &quot;28455000&quot;&#xD;&#xA;// RTL Simulation : 696 / 719 [100.00%] @ &quot;28475000&quot;&#xD;&#xA;// RTL Simulation : 697 / 719 [100.00%] @ &quot;28495000&quot;&#xD;&#xA;// RTL Simulation : 698 / 719 [100.00%] @ &quot;28515000&quot;&#xD;&#xA;// RTL Simulation : 699 / 719 [100.00%] @ &quot;28535000&quot;&#xD;&#xA;// RTL Simulation : 700 / 719 [100.00%] @ &quot;28555000&quot;&#xD;&#xA;// RTL Simulation : 701 / 719 [100.00%] @ &quot;28575000&quot;&#xD;&#xA;// RTL Simulation : 702 / 719 [100.00%] @ &quot;28595000&quot;&#xD;&#xA;// RTL Simulation : 703 / 719 [100.00%] @ &quot;28615000&quot;&#xD;&#xA;// RTL Simulation : 704 / 719 [100.00%] @ &quot;28635000&quot;&#xD;&#xA;// RTL Simulation : 705 / 719 [100.00%] @ &quot;28655000&quot;&#xD;&#xA;// RTL Simulation : 706 / 719 [100.00%] @ &quot;28675000&quot;&#xD;&#xA;// RTL Simulation : 707 / 719 [100.00%] @ &quot;28695000&quot;&#xD;&#xA;// RTL Simulation : 708 / 719 [100.00%] @ &quot;28715000&quot;&#xD;&#xA;// RTL Simulation : 709 / 719 [100.00%] @ &quot;28735000&quot;&#xD;&#xA;// RTL Simulation : 710 / 719 [100.00%] @ &quot;28755000&quot;&#xD;&#xA;// RTL Simulation : 711 / 719 [100.00%] @ &quot;28775000&quot;&#xD;&#xA;// RTL Simulation : 712 / 719 [100.00%] @ &quot;28795000&quot;&#xD;&#xA;// RTL Simulation : 713 / 719 [100.00%] @ &quot;28815000&quot;&#xD;&#xA;// RTL Simulation : 714 / 719 [100.00%] @ &quot;28835000&quot;&#xD;&#xA;// RTL Simulation : 715 / 719 [100.00%] @ &quot;28855000&quot;&#xD;&#xA;// RTL Simulation : 716 / 719 [100.00%] @ &quot;28875000&quot;&#xD;&#xA;// RTL Simulation : 717 / 719 [100.00%] @ &quot;28895000&quot;&#xD;&#xA;// RTL Simulation : 718 / 719 [100.00%] @ &quot;28915000&quot;&#xD;&#xA;// RTL Simulation : 719 / 719 [100.00%] @ &quot;28935000&quot;&#xD;&#xA;////////////////////////////////////////////////////////////////////////////////////&#xD;&#xA;$finish called at time : 28975 ns : File &quot;D:/Repo/hls/labA/Shift_Register/solution1/sim/verilog/shift_reg.autotb.v&quot; Line 2216&#xD;&#xA;## quit" projectName="Shift_Register" solutionName="solution1" date="2021-04-08T07:15:40.608+0800" type="Warning"/>
      </simLog>
      <mgLog/>
      <packageLog/>
      <csimLog/>
    </logs>
  </warningLogs>
</vivadoHLSLog:LogRoot>
