<profile>

<section name = "Vivado HLS Report for 'leading_ones_brutefo'" level="0">
<item name = "Date">Thu Apr  8 05:50:03 2021
</item>
<item name = "Version">2019.2 (Build 2704478 on Wed Nov 06 22:10:23 MST 2019)</item>
<item name = "Project">Multiplexor</item>
<item name = "Solution">solution1</item>
<item name = "Product family">zynq</item>
<item name = "Target device">xc7z020-clg400-1</item>
</section>

<section name = "Performance Estimates" level="0">
<item name = "Timing">
<section name = "" level="1">
<item name = "Summary"><table name="" hasTotal="0">
<keys size="4">Clock, Target, Estimated, Uncertainty</keys>
<column name="ap_clk">10.00 ns, 2.199 ns, 1.25 ns</column>
</table>
</item>
</section>
</item>
<item name = "Latency">
<section name = "" level="1">
<item name = "Summary"><table name="" hasTotal="0">
<keys size="8">, min, max, min, max, min, max, Type</keys>
<column name="">2, 2, 20.000 ns, 20.000 ns, 2, 2, none</column>
</table>
</item>
<item name = "Detail">
<section name = "" level="1">
<item name = "Instance"><table name="" hasTotal="0">
<keys size="9">Instance, Module, min, max, min, max, min, max, Type</keys>
</table>
</item>
<item name = "Loop"><table name="" hasTotal="0">
<keys size="8">Loop Name, min, max, Latency, achieved, target, Count, Pipelined</keys>
</table>
</item>
</section>
</item>
</section>
</item>
</section>

<section name = "Utilization Estimates" level="0">
<item name = "Summary"><table name="" hasTotal="1">
<keys size="6">Name, BRAM_18K, DSP48E, FF, LUT, URAM</keys>
<column name="DSP">-, -, -, -, -</column>
<column name="Expression">-, -, 0, 69, -</column>
<column name="FIFO">-, -, -, -, -</column>
<column name="Instance">-, -, -, -, -</column>
<column name="Memory">-, -, -, -, -</column>
<column name="Multiplexer">-, -, -, 184, -</column>
<column name="Register">-, -, 20, -, -</column>
<specialColumn name="Available">280, 220, 106400, 53200, 0</specialColumn>
<specialColumn name="Utilization (%)">0, 0, ~0, ~0, 0</specialColumn>
</table>
</item>
<item name = "Detail">
<section name = "" level="1">
<item name = "Instance"><table name="" hasTotal="1">
<keys size="7">Instance, Module, BRAM_18K, DSP48E, FF, LUT, URAM</keys>
</table>
</item>
<item name = "DSP48E"><table name="" hasTotal="0">
<keys size="3">Instance, Module, Expression</keys>
</table>
</item>
<item name = "Memory"><table name="" hasTotal="1">
<keys size="10">Memory, Module, BRAM_18K, FF, LUT, URAM, Words, Bits, Banks, W*Bits*Banks</keys>
</table>
</item>
<item name = "FIFO"><table name="" hasTotal="1">
<keys size="8">Name, BRAM_18K, FF, LUT, URAM, Depth, Bits, Size:D*B</keys>
</table>
</item>
<item name = "Expression"><table name="" hasTotal="1">
<keys size="7">Variable Name, Operation, DSP48E, FF, LUT, Bitwidth P0, Bitwidth P1</keys>
<column name="ap_condition_128">and, 0, 0, 2, 1, 1</column>
<column name="ap_condition_144">and, 0, 0, 2, 1, 1</column>
<column name="ap_condition_148">and, 0, 0, 2, 1, 1</column>
<column name="ap_condition_152">and, 0, 0, 2, 1, 1</column>
<column name="ap_condition_156">and, 0, 0, 2, 1, 1</column>
<column name="ap_condition_160">and, 0, 0, 2, 1, 1</column>
<column name="ap_condition_164">and, 0, 0, 2, 1, 1</column>
<column name="ap_condition_168">and, 0, 0, 2, 1, 1</column>
<column name="ap_condition_172">and, 0, 0, 2, 1, 1</column>
<column name="ap_condition_176">and, 0, 0, 2, 1, 1</column>
<column name="ap_condition_180">and, 0, 0, 2, 1, 1</column>
<column name="ap_condition_184">and, 0, 0, 2, 1, 1</column>
<column name="ap_condition_188">and, 0, 0, 2, 1, 1</column>
<column name="ap_condition_192">and, 0, 0, 2, 1, 1</column>
<column name="ap_condition_221">and, 0, 0, 2, 1, 1</column>
<column name="ap_condition_225">and, 0, 0, 2, 1, 1</column>
<column name="ap_condition_229">and, 0, 0, 2, 1, 1</column>
<column name="ap_condition_233">and, 0, 0, 2, 1, 1</column>
<column name="ap_condition_237">and, 0, 0, 2, 1, 1</column>
<column name="ap_condition_241">and, 0, 0, 2, 1, 1</column>
<column name="ap_condition_245">and, 0, 0, 2, 1, 1</column>
<column name="ap_condition_249">and, 0, 0, 2, 1, 1</column>
<column name="ap_condition_253">and, 0, 0, 2, 1, 1</column>
<column name="ap_condition_257">and, 0, 0, 2, 1, 1</column>
<column name="ap_condition_261">and, 0, 0, 2, 1, 1</column>
<column name="ap_condition_265">and, 0, 0, 2, 1, 1</column>
<column name="ap_condition_77">and, 0, 0, 2, 1, 1</column>
<column name="or_ln20_fu_623_p2">or, 0, 0, 2, 1, 1</column>
<column name="or_ln26_fu_641_p2">or, 0, 0, 2, 1, 1</column>
<column name="select_ln13_fu_503_p3">select, 0, 0, 6, 1, 6</column>
<column name="select_ln25_fu_633_p3">select, 0, 0, 5, 1, 5</column>
</table>
</item>
<item name = "Multiplexer"><table name="" hasTotal="1">
<keys size="5">Name, LUT, Input Size, Bits, Total Bits</keys>
<column name="ap_NS_fsm">21, 4, 1, 4</column>
<column name="ap_return_0">9, 2, 1, 2</column>
<column name="ap_return_1">9, 2, 5, 10</column>
<column name="flagl_0_reg_325">9, 2, 1, 2</column>
<column name="flagu_0_reg_208">9, 2, 1, 2</column>
<column name="phi_ln25_1_reg_262">62, 15, 4, 60</column>
<column name="phi_ln25_reg_140">65, 16, 5, 80</column>
</table>
</item>
<item name = "Register"><table name="" hasTotal="1">
<keys size="5">Name, FF, LUT, Bits, Const Bits</keys>
<column name="ap_CS_fsm">3, 0, 3, 0</column>
<column name="ap_return_0_preg">1, 0, 1, 0</column>
<column name="ap_return_1_preg">5, 0, 5, 0</column>
<column name="flagl_0_reg_325">1, 0, 1, 0</column>
<column name="flagu_0_reg_208">1, 0, 1, 0</column>
<column name="phi_ln25_1_reg_262">4, 0, 4, 0</column>
<column name="phi_ln25_reg_140">5, 0, 5, 0</column>
</table>
</item>
</section>
</item>
</section>

<section name = "Interface" level="0">
<item name = "Summary"><table name="" hasTotal="0">
<keys size="6">RTL Ports, Dir, Bits, Protocol, Source Object, C Type</keys>
<column name="ap_clk">in, 1, ap_ctrl_hs, leading_ones_brutefo, return value</column>
<column name="ap_rst">in, 1, ap_ctrl_hs, leading_ones_brutefo, return value</column>
<column name="ap_start">in, 1, ap_ctrl_hs, leading_ones_brutefo, return value</column>
<column name="ap_done">out, 1, ap_ctrl_hs, leading_ones_brutefo, return value</column>
<column name="ap_idle">out, 1, ap_ctrl_hs, leading_ones_brutefo, return value</column>
<column name="ap_ready">out, 1, ap_ctrl_hs, leading_ones_brutefo, return value</column>
<column name="ap_return_0">out, 1, ap_ctrl_hs, leading_ones_brutefo, return value</column>
<column name="ap_return_1">out, 5, ap_ctrl_hs, leading_ones_brutefo, return value</column>
<column name="din_V">in, 32, ap_none, din_V, scalar</column>
</table>
</item>
</section>
</profile>
