<stg><name>leading_ones_brutefo</name>


<trans_list>

<trans id="81" from="1" to="2">
<condition id="-1">
<or_exp><and_exp></and_exp></or_exp>
</condition>
</trans>

<trans id="97" from="2" to="3">
<condition id="-1">
<or_exp><and_exp></and_exp></or_exp>
</condition>
</trans>
</trans_list>



<state_list>

<state id="1" st_id="1">

<operation id="4" st_id="1" stage="1" lat="1">
<core>NULL</core>
<MemPortIdVec></MemPortIdVec>
<condition id="-1">
<or_exp><and_exp></and_exp></or_exp>
</condition>

<Node id="2" bw="32" op_0_bw="32" op_1_bw="32">
<![CDATA[
:0  %din_V_read = call i32 @_ssdm_op_Read.ap_auto.i32(i32 %din_V)

]]></Node>
<StgValue><ssdm name="din_V_read"/></StgValue>
</operation>

<operation id="5" st_id="1" stage="1" lat="1">
<core>NULL</core>
<MemPortIdVec></MemPortIdVec>
<condition id="-1">
<or_exp><and_exp></and_exp></or_exp>
</condition>

<Node id="3" bw="1" op_0_bw="1" op_1_bw="32" op_2_bw="32">
<![CDATA[
:1  %tmp = call i1 @_ssdm_op_BitSelect.i1.i32.i32(i32 %din_V_read, i32 31)

]]></Node>
<StgValue><ssdm name="tmp"/></StgValue>
</operation>

<operation id="6" st_id="1" stage="1" lat="1">
<core>NULL</core>
<MemPortIdVec></MemPortIdVec>
<condition id="-1">
<or_exp><and_exp></and_exp></or_exp>
</condition>

<Node id="4" bw="0" op_0_bw="1" op_1_bw="0" op_2_bw="0">
<![CDATA[
:2  br i1 %tmp, label %.loopexit26, label %1

]]></Node>
<StgValue><ssdm name="br_ln13"/></StgValue>
</operation>

<operation id="7" st_id="1" stage="1" lat="1">
<core>NULL</core>
<MemPortIdVec></MemPortIdVec>
<condition id="-1">
<or_exp><and_exp><literal name="tmp" val="0"/>
</and_exp></or_exp>
</condition>

<Node id="6" bw="1" op_0_bw="1" op_1_bw="32" op_2_bw="32">
<![CDATA[
:0  %tmp_3 = call i1 @_ssdm_op_BitSelect.i1.i32.i32(i32 %din_V_read, i32 30)

]]></Node>
<StgValue><ssdm name="tmp_3"/></StgValue>
</operation>

<operation id="8" st_id="1" stage="1" lat="1">
<core>NULL</core>
<MemPortIdVec></MemPortIdVec>
<condition id="-1">
<or_exp><and_exp><literal name="tmp" val="0"/>
</and_exp></or_exp>
</condition>

<Node id="7" bw="0" op_0_bw="1" op_1_bw="0" op_2_bw="0">
<![CDATA[
:1  br i1 %tmp_3, label %.loopexit26, label %2

]]></Node>
<StgValue><ssdm name="br_ln13"/></StgValue>
</operation>

<operation id="9" st_id="1" stage="1" lat="1">
<core>NULL</core>
<MemPortIdVec></MemPortIdVec>
<condition id="-1">
<or_exp><and_exp><literal name="tmp" val="0"/>
<literal name="tmp_3" val="0"/>
</and_exp></or_exp>
</condition>

<Node id="9" bw="1" op_0_bw="1" op_1_bw="32" op_2_bw="32">
<![CDATA[
:0  %tmp_4 = call i1 @_ssdm_op_BitSelect.i1.i32.i32(i32 %din_V_read, i32 29)

]]></Node>
<StgValue><ssdm name="tmp_4"/></StgValue>
</operation>

<operation id="10" st_id="1" stage="1" lat="1">
<core>NULL</core>
<MemPortIdVec></MemPortIdVec>
<condition id="-1">
<or_exp><and_exp><literal name="tmp" val="0"/>
<literal name="tmp_3" val="0"/>
</and_exp></or_exp>
</condition>

<Node id="10" bw="0" op_0_bw="1" op_1_bw="0" op_2_bw="0">
<![CDATA[
:1  br i1 %tmp_4, label %.loopexit26, label %3

]]></Node>
<StgValue><ssdm name="br_ln13"/></StgValue>
</operation>

<operation id="11" st_id="1" stage="1" lat="1">
<core>NULL</core>
<MemPortIdVec></MemPortIdVec>
<condition id="-1">
<or_exp><and_exp><literal name="tmp" val="0"/>
<literal name="tmp_3" val="0"/>
<literal name="tmp_4" val="0"/>
</and_exp></or_exp>
</condition>

<Node id="12" bw="1" op_0_bw="1" op_1_bw="32" op_2_bw="32">
<![CDATA[
:0  %tmp_5 = call i1 @_ssdm_op_BitSelect.i1.i32.i32(i32 %din_V_read, i32 28)

]]></Node>
<StgValue><ssdm name="tmp_5"/></StgValue>
</operation>

<operation id="12" st_id="1" stage="1" lat="1">
<core>NULL</core>
<MemPortIdVec></MemPortIdVec>
<condition id="-1">
<or_exp><and_exp><literal name="tmp" val="0"/>
<literal name="tmp_3" val="0"/>
<literal name="tmp_4" val="0"/>
</and_exp></or_exp>
</condition>

<Node id="13" bw="0" op_0_bw="1" op_1_bw="0" op_2_bw="0">
<![CDATA[
:1  br i1 %tmp_5, label %.loopexit26, label %4

]]></Node>
<StgValue><ssdm name="br_ln13"/></StgValue>
</operation>

<operation id="13" st_id="1" stage="1" lat="1">
<core>NULL</core>
<MemPortIdVec></MemPortIdVec>
<condition id="-1">
<or_exp><and_exp><literal name="tmp" val="0"/>
<literal name="tmp_3" val="0"/>
<literal name="tmp_4" val="0"/>
<literal name="tmp_5" val="0"/>
</and_exp></or_exp>
</condition>

<Node id="15" bw="1" op_0_bw="1" op_1_bw="32" op_2_bw="32">
<![CDATA[
:0  %tmp_6 = call i1 @_ssdm_op_BitSelect.i1.i32.i32(i32 %din_V_read, i32 27)

]]></Node>
<StgValue><ssdm name="tmp_6"/></StgValue>
</operation>

<operation id="14" st_id="1" stage="1" lat="1">
<core>NULL</core>
<MemPortIdVec></MemPortIdVec>
<condition id="-1">
<or_exp><and_exp><literal name="tmp" val="0"/>
<literal name="tmp_3" val="0"/>
<literal name="tmp_4" val="0"/>
<literal name="tmp_5" val="0"/>
</and_exp></or_exp>
</condition>

<Node id="16" bw="0" op_0_bw="1" op_1_bw="0" op_2_bw="0">
<![CDATA[
:1  br i1 %tmp_6, label %.loopexit26, label %5

]]></Node>
<StgValue><ssdm name="br_ln13"/></StgValue>
</operation>

<operation id="15" st_id="1" stage="1" lat="1">
<core>NULL</core>
<MemPortIdVec></MemPortIdVec>
<condition id="-1">
<or_exp><and_exp><literal name="tmp" val="0"/>
<literal name="tmp_3" val="0"/>
<literal name="tmp_4" val="0"/>
<literal name="tmp_5" val="0"/>
<literal name="tmp_6" val="0"/>
</and_exp></or_exp>
</condition>

<Node id="18" bw="1" op_0_bw="1" op_1_bw="32" op_2_bw="32">
<![CDATA[
:0  %tmp_7 = call i1 @_ssdm_op_BitSelect.i1.i32.i32(i32 %din_V_read, i32 26)

]]></Node>
<StgValue><ssdm name="tmp_7"/></StgValue>
</operation>

<operation id="16" st_id="1" stage="1" lat="1">
<core>NULL</core>
<MemPortIdVec></MemPortIdVec>
<condition id="-1">
<or_exp><and_exp><literal name="tmp" val="0"/>
<literal name="tmp_3" val="0"/>
<literal name="tmp_4" val="0"/>
<literal name="tmp_5" val="0"/>
<literal name="tmp_6" val="0"/>
</and_exp></or_exp>
</condition>

<Node id="19" bw="0" op_0_bw="1" op_1_bw="0" op_2_bw="0">
<![CDATA[
:1  br i1 %tmp_7, label %.loopexit26, label %6

]]></Node>
<StgValue><ssdm name="br_ln13"/></StgValue>
</operation>

<operation id="17" st_id="1" stage="1" lat="1">
<core>NULL</core>
<MemPortIdVec></MemPortIdVec>
<condition id="-1">
<or_exp><and_exp><literal name="tmp" val="0"/>
<literal name="tmp_3" val="0"/>
<literal name="tmp_4" val="0"/>
<literal name="tmp_5" val="0"/>
<literal name="tmp_6" val="0"/>
<literal name="tmp_7" val="0"/>
</and_exp></or_exp>
</condition>

<Node id="21" bw="1" op_0_bw="1" op_1_bw="32" op_2_bw="32">
<![CDATA[
:0  %tmp_8 = call i1 @_ssdm_op_BitSelect.i1.i32.i32(i32 %din_V_read, i32 25)

]]></Node>
<StgValue><ssdm name="tmp_8"/></StgValue>
</operation>

<operation id="18" st_id="1" stage="1" lat="1">
<core>NULL</core>
<MemPortIdVec></MemPortIdVec>
<condition id="-1">
<or_exp><and_exp><literal name="tmp" val="0"/>
<literal name="tmp_3" val="0"/>
<literal name="tmp_4" val="0"/>
<literal name="tmp_5" val="0"/>
<literal name="tmp_6" val="0"/>
<literal name="tmp_7" val="0"/>
</and_exp></or_exp>
</condition>

<Node id="22" bw="0" op_0_bw="1" op_1_bw="0" op_2_bw="0">
<![CDATA[
:1  br i1 %tmp_8, label %.loopexit26, label %7

]]></Node>
<StgValue><ssdm name="br_ln13"/></StgValue>
</operation>

<operation id="19" st_id="1" stage="1" lat="1">
<core>NULL</core>
<MemPortIdVec></MemPortIdVec>
<condition id="-1">
<or_exp><and_exp><literal name="tmp" val="0"/>
<literal name="tmp_3" val="0"/>
<literal name="tmp_4" val="0"/>
<literal name="tmp_5" val="0"/>
<literal name="tmp_6" val="0"/>
<literal name="tmp_7" val="0"/>
<literal name="tmp_8" val="0"/>
</and_exp></or_exp>
</condition>

<Node id="24" bw="1" op_0_bw="1" op_1_bw="32" op_2_bw="32">
<![CDATA[
:0  %tmp_9 = call i1 @_ssdm_op_BitSelect.i1.i32.i32(i32 %din_V_read, i32 24)

]]></Node>
<StgValue><ssdm name="tmp_9"/></StgValue>
</operation>

<operation id="20" st_id="1" stage="1" lat="1">
<core>NULL</core>
<MemPortIdVec></MemPortIdVec>
<condition id="-1">
<or_exp><and_exp><literal name="tmp" val="0"/>
<literal name="tmp_3" val="0"/>
<literal name="tmp_4" val="0"/>
<literal name="tmp_5" val="0"/>
<literal name="tmp_6" val="0"/>
<literal name="tmp_7" val="0"/>
<literal name="tmp_8" val="0"/>
</and_exp></or_exp>
</condition>

<Node id="25" bw="0" op_0_bw="1" op_1_bw="0" op_2_bw="0">
<![CDATA[
:1  br i1 %tmp_9, label %.loopexit26, label %8

]]></Node>
<StgValue><ssdm name="br_ln13"/></StgValue>
</operation>

<operation id="21" st_id="1" stage="1" lat="1">
<core>NULL</core>
<MemPortIdVec></MemPortIdVec>
<condition id="-1">
<or_exp><and_exp><literal name="tmp" val="0"/>
<literal name="tmp_3" val="0"/>
<literal name="tmp_4" val="0"/>
<literal name="tmp_5" val="0"/>
<literal name="tmp_6" val="0"/>
<literal name="tmp_7" val="0"/>
<literal name="tmp_8" val="0"/>
<literal name="tmp_9" val="0"/>
</and_exp></or_exp>
</condition>

<Node id="27" bw="1" op_0_bw="1" op_1_bw="32" op_2_bw="32">
<![CDATA[
:0  %tmp_10 = call i1 @_ssdm_op_BitSelect.i1.i32.i32(i32 %din_V_read, i32 23)

]]></Node>
<StgValue><ssdm name="tmp_10"/></StgValue>
</operation>

<operation id="22" st_id="1" stage="1" lat="1">
<core>NULL</core>
<MemPortIdVec></MemPortIdVec>
<condition id="-1">
<or_exp><and_exp><literal name="tmp" val="0"/>
<literal name="tmp_3" val="0"/>
<literal name="tmp_4" val="0"/>
<literal name="tmp_5" val="0"/>
<literal name="tmp_6" val="0"/>
<literal name="tmp_7" val="0"/>
<literal name="tmp_8" val="0"/>
<literal name="tmp_9" val="0"/>
</and_exp></or_exp>
</condition>

<Node id="28" bw="0" op_0_bw="1" op_1_bw="0" op_2_bw="0">
<![CDATA[
:1  br i1 %tmp_10, label %.loopexit26, label %9

]]></Node>
<StgValue><ssdm name="br_ln13"/></StgValue>
</operation>

<operation id="23" st_id="1" stage="1" lat="1">
<core>NULL</core>
<MemPortIdVec></MemPortIdVec>
<condition id="-1">
<or_exp><and_exp><literal name="tmp" val="0"/>
<literal name="tmp_3" val="0"/>
<literal name="tmp_4" val="0"/>
<literal name="tmp_5" val="0"/>
<literal name="tmp_6" val="0"/>
<literal name="tmp_7" val="0"/>
<literal name="tmp_8" val="0"/>
<literal name="tmp_9" val="0"/>
<literal name="tmp_10" val="0"/>
</and_exp></or_exp>
</condition>

<Node id="30" bw="1" op_0_bw="1" op_1_bw="32" op_2_bw="32">
<![CDATA[
:0  %tmp_11 = call i1 @_ssdm_op_BitSelect.i1.i32.i32(i32 %din_V_read, i32 22)

]]></Node>
<StgValue><ssdm name="tmp_11"/></StgValue>
</operation>

<operation id="24" st_id="1" stage="1" lat="1">
<core>NULL</core>
<MemPortIdVec></MemPortIdVec>
<condition id="-1">
<or_exp><and_exp><literal name="tmp" val="0"/>
<literal name="tmp_3" val="0"/>
<literal name="tmp_4" val="0"/>
<literal name="tmp_5" val="0"/>
<literal name="tmp_6" val="0"/>
<literal name="tmp_7" val="0"/>
<literal name="tmp_8" val="0"/>
<literal name="tmp_9" val="0"/>
<literal name="tmp_10" val="0"/>
</and_exp></or_exp>
</condition>

<Node id="31" bw="0" op_0_bw="1" op_1_bw="0" op_2_bw="0">
<![CDATA[
:1  br i1 %tmp_11, label %.loopexit26, label %10

]]></Node>
<StgValue><ssdm name="br_ln13"/></StgValue>
</operation>

<operation id="25" st_id="1" stage="1" lat="1">
<core>NULL</core>
<MemPortIdVec></MemPortIdVec>
<condition id="-1">
<or_exp><and_exp><literal name="tmp" val="0"/>
<literal name="tmp_3" val="0"/>
<literal name="tmp_4" val="0"/>
<literal name="tmp_5" val="0"/>
<literal name="tmp_6" val="0"/>
<literal name="tmp_7" val="0"/>
<literal name="tmp_8" val="0"/>
<literal name="tmp_9" val="0"/>
<literal name="tmp_10" val="0"/>
<literal name="tmp_11" val="0"/>
</and_exp></or_exp>
</condition>

<Node id="33" bw="1" op_0_bw="1" op_1_bw="32" op_2_bw="32">
<![CDATA[
:0  %tmp_12 = call i1 @_ssdm_op_BitSelect.i1.i32.i32(i32 %din_V_read, i32 21)

]]></Node>
<StgValue><ssdm name="tmp_12"/></StgValue>
</operation>

<operation id="26" st_id="1" stage="1" lat="1">
<core>NULL</core>
<MemPortIdVec></MemPortIdVec>
<condition id="-1">
<or_exp><and_exp><literal name="tmp" val="0"/>
<literal name="tmp_3" val="0"/>
<literal name="tmp_4" val="0"/>
<literal name="tmp_5" val="0"/>
<literal name="tmp_6" val="0"/>
<literal name="tmp_7" val="0"/>
<literal name="tmp_8" val="0"/>
<literal name="tmp_9" val="0"/>
<literal name="tmp_10" val="0"/>
<literal name="tmp_11" val="0"/>
</and_exp></or_exp>
</condition>

<Node id="34" bw="0" op_0_bw="1" op_1_bw="0" op_2_bw="0">
<![CDATA[
:1  br i1 %tmp_12, label %.loopexit26, label %11

]]></Node>
<StgValue><ssdm name="br_ln13"/></StgValue>
</operation>

<operation id="27" st_id="1" stage="1" lat="1">
<core>NULL</core>
<MemPortIdVec></MemPortIdVec>
<condition id="-1">
<or_exp><and_exp><literal name="tmp" val="0"/>
<literal name="tmp_3" val="0"/>
<literal name="tmp_4" val="0"/>
<literal name="tmp_5" val="0"/>
<literal name="tmp_6" val="0"/>
<literal name="tmp_7" val="0"/>
<literal name="tmp_8" val="0"/>
<literal name="tmp_9" val="0"/>
<literal name="tmp_10" val="0"/>
<literal name="tmp_11" val="0"/>
<literal name="tmp_12" val="0"/>
</and_exp></or_exp>
</condition>

<Node id="36" bw="1" op_0_bw="1" op_1_bw="32" op_2_bw="32">
<![CDATA[
:0  %tmp_13 = call i1 @_ssdm_op_BitSelect.i1.i32.i32(i32 %din_V_read, i32 20)

]]></Node>
<StgValue><ssdm name="tmp_13"/></StgValue>
</operation>

<operation id="28" st_id="1" stage="1" lat="1">
<core>NULL</core>
<MemPortIdVec></MemPortIdVec>
<condition id="-1">
<or_exp><and_exp><literal name="tmp" val="0"/>
<literal name="tmp_3" val="0"/>
<literal name="tmp_4" val="0"/>
<literal name="tmp_5" val="0"/>
<literal name="tmp_6" val="0"/>
<literal name="tmp_7" val="0"/>
<literal name="tmp_8" val="0"/>
<literal name="tmp_9" val="0"/>
<literal name="tmp_10" val="0"/>
<literal name="tmp_11" val="0"/>
<literal name="tmp_12" val="0"/>
</and_exp></or_exp>
</condition>

<Node id="37" bw="0" op_0_bw="1" op_1_bw="0" op_2_bw="0">
<![CDATA[
:1  br i1 %tmp_13, label %.loopexit26, label %12

]]></Node>
<StgValue><ssdm name="br_ln13"/></StgValue>
</operation>

<operation id="29" st_id="1" stage="1" lat="1">
<core>NULL</core>
<MemPortIdVec></MemPortIdVec>
<condition id="-1">
<or_exp><and_exp><literal name="tmp" val="0"/>
<literal name="tmp_3" val="0"/>
<literal name="tmp_4" val="0"/>
<literal name="tmp_5" val="0"/>
<literal name="tmp_6" val="0"/>
<literal name="tmp_7" val="0"/>
<literal name="tmp_8" val="0"/>
<literal name="tmp_9" val="0"/>
<literal name="tmp_10" val="0"/>
<literal name="tmp_11" val="0"/>
<literal name="tmp_12" val="0"/>
<literal name="tmp_13" val="0"/>
</and_exp></or_exp>
</condition>

<Node id="39" bw="1" op_0_bw="1" op_1_bw="32" op_2_bw="32">
<![CDATA[
:0  %tmp_14 = call i1 @_ssdm_op_BitSelect.i1.i32.i32(i32 %din_V_read, i32 19)

]]></Node>
<StgValue><ssdm name="tmp_14"/></StgValue>
</operation>

<operation id="30" st_id="1" stage="1" lat="1">
<core>NULL</core>
<MemPortIdVec></MemPortIdVec>
<condition id="-1">
<or_exp><and_exp><literal name="tmp" val="0"/>
<literal name="tmp_3" val="0"/>
<literal name="tmp_4" val="0"/>
<literal name="tmp_5" val="0"/>
<literal name="tmp_6" val="0"/>
<literal name="tmp_7" val="0"/>
<literal name="tmp_8" val="0"/>
<literal name="tmp_9" val="0"/>
<literal name="tmp_10" val="0"/>
<literal name="tmp_11" val="0"/>
<literal name="tmp_12" val="0"/>
<literal name="tmp_13" val="0"/>
</and_exp></or_exp>
</condition>

<Node id="40" bw="0" op_0_bw="1" op_1_bw="0" op_2_bw="0">
<![CDATA[
:1  br i1 %tmp_14, label %.loopexit26, label %13

]]></Node>
<StgValue><ssdm name="br_ln13"/></StgValue>
</operation>

<operation id="31" st_id="1" stage="1" lat="1">
<core>NULL</core>
<MemPortIdVec></MemPortIdVec>
<condition id="-1">
<or_exp><and_exp><literal name="tmp" val="0"/>
<literal name="tmp_3" val="0"/>
<literal name="tmp_4" val="0"/>
<literal name="tmp_5" val="0"/>
<literal name="tmp_6" val="0"/>
<literal name="tmp_7" val="0"/>
<literal name="tmp_8" val="0"/>
<literal name="tmp_9" val="0"/>
<literal name="tmp_10" val="0"/>
<literal name="tmp_11" val="0"/>
<literal name="tmp_12" val="0"/>
<literal name="tmp_13" val="0"/>
<literal name="tmp_14" val="0"/>
</and_exp></or_exp>
</condition>

<Node id="42" bw="1" op_0_bw="1" op_1_bw="32" op_2_bw="32">
<![CDATA[
:0  %tmp_15 = call i1 @_ssdm_op_BitSelect.i1.i32.i32(i32 %din_V_read, i32 18)

]]></Node>
<StgValue><ssdm name="tmp_15"/></StgValue>
</operation>

<operation id="32" st_id="1" stage="1" lat="1">
<core>NULL</core>
<MemPortIdVec></MemPortIdVec>
<condition id="-1">
<or_exp><and_exp><literal name="tmp" val="0"/>
<literal name="tmp_3" val="0"/>
<literal name="tmp_4" val="0"/>
<literal name="tmp_5" val="0"/>
<literal name="tmp_6" val="0"/>
<literal name="tmp_7" val="0"/>
<literal name="tmp_8" val="0"/>
<literal name="tmp_9" val="0"/>
<literal name="tmp_10" val="0"/>
<literal name="tmp_11" val="0"/>
<literal name="tmp_12" val="0"/>
<literal name="tmp_13" val="0"/>
<literal name="tmp_14" val="0"/>
</and_exp></or_exp>
</condition>

<Node id="43" bw="0" op_0_bw="1" op_1_bw="0" op_2_bw="0">
<![CDATA[
:1  br i1 %tmp_15, label %.loopexit26, label %14

]]></Node>
<StgValue><ssdm name="br_ln13"/></StgValue>
</operation>

<operation id="33" st_id="1" stage="1" lat="1">
<core>NULL</core>
<MemPortIdVec></MemPortIdVec>
<condition id="-1">
<or_exp><and_exp><literal name="tmp" val="0"/>
<literal name="tmp_3" val="0"/>
<literal name="tmp_4" val="0"/>
<literal name="tmp_5" val="0"/>
<literal name="tmp_6" val="0"/>
<literal name="tmp_7" val="0"/>
<literal name="tmp_8" val="0"/>
<literal name="tmp_9" val="0"/>
<literal name="tmp_10" val="0"/>
<literal name="tmp_11" val="0"/>
<literal name="tmp_12" val="0"/>
<literal name="tmp_13" val="0"/>
<literal name="tmp_14" val="0"/>
<literal name="tmp_15" val="0"/>
</and_exp></or_exp>
</condition>

<Node id="45" bw="1" op_0_bw="1" op_1_bw="32" op_2_bw="32">
<![CDATA[
:0  %tmp_16 = call i1 @_ssdm_op_BitSelect.i1.i32.i32(i32 %din_V_read, i32 17)

]]></Node>
<StgValue><ssdm name="tmp_16"/></StgValue>
</operation>

<operation id="34" st_id="1" stage="1" lat="1">
<core>NULL</core>
<MemPortIdVec></MemPortIdVec>
<condition id="-1">
<or_exp><and_exp><literal name="tmp" val="0"/>
<literal name="tmp_3" val="0"/>
<literal name="tmp_4" val="0"/>
<literal name="tmp_5" val="0"/>
<literal name="tmp_6" val="0"/>
<literal name="tmp_7" val="0"/>
<literal name="tmp_8" val="0"/>
<literal name="tmp_9" val="0"/>
<literal name="tmp_10" val="0"/>
<literal name="tmp_11" val="0"/>
<literal name="tmp_12" val="0"/>
<literal name="tmp_13" val="0"/>
<literal name="tmp_14" val="0"/>
<literal name="tmp_15" val="0"/>
</and_exp></or_exp>
</condition>

<Node id="46" bw="0" op_0_bw="1" op_1_bw="0" op_2_bw="0">
<![CDATA[
:1  br i1 %tmp_16, label %.loopexit26, label %15

]]></Node>
<StgValue><ssdm name="br_ln13"/></StgValue>
</operation>

<operation id="35" st_id="1" stage="1" lat="1">
<core>NULL</core>
<MemPortIdVec></MemPortIdVec>
<condition id="-1">
<or_exp><and_exp><literal name="tmp" val="0"/>
<literal name="tmp_3" val="0"/>
<literal name="tmp_4" val="0"/>
<literal name="tmp_5" val="0"/>
<literal name="tmp_6" val="0"/>
<literal name="tmp_7" val="0"/>
<literal name="tmp_8" val="0"/>
<literal name="tmp_9" val="0"/>
<literal name="tmp_10" val="0"/>
<literal name="tmp_11" val="0"/>
<literal name="tmp_12" val="0"/>
<literal name="tmp_13" val="0"/>
<literal name="tmp_14" val="0"/>
<literal name="tmp_15" val="0"/>
<literal name="tmp_16" val="0"/>
</and_exp></or_exp>
</condition>

<Node id="48" bw="1" op_0_bw="1" op_1_bw="32" op_2_bw="32">
<![CDATA[
:0  %tmp_17 = call i1 @_ssdm_op_BitSelect.i1.i32.i32(i32 %din_V_read, i32 16)

]]></Node>
<StgValue><ssdm name="tmp_17"/></StgValue>
</operation>

<operation id="36" st_id="1" stage="1" lat="1">
<core>Sel</core>
<MemPortIdVec></MemPortIdVec>
<condition id="-1">
<or_exp><and_exp><literal name="tmp" val="0"/>
<literal name="tmp_3" val="0"/>
<literal name="tmp_4" val="0"/>
<literal name="tmp_5" val="0"/>
<literal name="tmp_6" val="0"/>
<literal name="tmp_7" val="0"/>
<literal name="tmp_8" val="0"/>
<literal name="tmp_9" val="0"/>
<literal name="tmp_10" val="0"/>
<literal name="tmp_11" val="0"/>
<literal name="tmp_12" val="0"/>
<literal name="tmp_13" val="0"/>
<literal name="tmp_14" val="0"/>
<literal name="tmp_15" val="0"/>
<literal name="tmp_16" val="0"/>
</and_exp></or_exp>
</condition>

<Node id="49" bw="5" op_0_bw="1" op_1_bw="5" op_2_bw="5">
<![CDATA[
:1  %select_ln13 = select i1 %tmp_17, i5 -16, i5 0

]]></Node>
<StgValue><ssdm name="select_ln13"/></StgValue>
</operation>

<operation id="37" st_id="1" stage="1" lat="1">
<core>NULL</core>
<MemPortIdVec></MemPortIdVec>
<condition id="-1">
<or_exp><and_exp><literal name="tmp" val="0"/>
<literal name="tmp_3" val="0"/>
<literal name="tmp_4" val="0"/>
<literal name="tmp_5" val="0"/>
<literal name="tmp_6" val="0"/>
<literal name="tmp_7" val="0"/>
<literal name="tmp_8" val="0"/>
<literal name="tmp_9" val="0"/>
<literal name="tmp_10" val="0"/>
<literal name="tmp_11" val="0"/>
<literal name="tmp_12" val="0"/>
<literal name="tmp_13" val="0"/>
<literal name="tmp_14" val="0"/>
<literal name="tmp_15" val="0"/>
<literal name="tmp_16" val="0"/>
</and_exp></or_exp>
</condition>

<Node id="50" bw="0" op_0_bw="0">
<![CDATA[
:2  br label %.loopexit26

]]></Node>
<StgValue><ssdm name="br_ln13"/></StgValue>
</operation>
</state>

<state id="2" st_id="2">

<operation id="38" st_id="2" stage="1" lat="1">
<core>NULL</core>
<MemPortIdVec></MemPortIdVec>
<condition id="-1">
<or_exp><and_exp></and_exp></or_exp>
</condition>

<Node id="52" bw="5" op_0_bw="5" op_1_bw="0" op_2_bw="5" op_3_bw="0" op_4_bw="5" op_5_bw="0" op_6_bw="5" op_7_bw="0" op_8_bw="5" op_9_bw="0" op_10_bw="5" op_11_bw="0" op_12_bw="5" op_13_bw="0" op_14_bw="5" op_15_bw="0" op_16_bw="5" op_17_bw="0" op_18_bw="5" op_19_bw="0" op_20_bw="5" op_21_bw="0" op_22_bw="5" op_23_bw="0" op_24_bw="5" op_25_bw="0" op_26_bw="5" op_27_bw="0" op_28_bw="5" op_29_bw="0" op_30_bw="5" op_31_bw="0">
<![CDATA[
.loopexit26:0  %phi_ln25 = phi i5 [ -1, %0 ], [ -2, %1 ], [ -3, %2 ], [ -4, %3 ], [ -5, %4 ], [ -6, %5 ], [ -7, %6 ], [ -8, %7 ], [ -9, %8 ], [ -10, %9 ], [ -11, %10 ], [ -12, %11 ], [ -13, %12 ], [ -14, %13 ], [ -15, %14 ], [ %select_ln13, %15 ]

]]></Node>
<StgValue><ssdm name="phi_ln25"/></StgValue>
</operation>

<operation id="39" st_id="2" stage="1" lat="1">
<core>NULL</core>
<MemPortIdVec></MemPortIdVec>
<condition id="-1">
<or_exp><and_exp></and_exp></or_exp>
</condition>

<Node id="53" bw="1" op_0_bw="1" op_1_bw="0" op_2_bw="1" op_3_bw="0" op_4_bw="1" op_5_bw="0" op_6_bw="1" op_7_bw="0" op_8_bw="1" op_9_bw="0" op_10_bw="1" op_11_bw="0" op_12_bw="1" op_13_bw="0" op_14_bw="1" op_15_bw="0" op_16_bw="1" op_17_bw="0" op_18_bw="1" op_19_bw="0" op_20_bw="1" op_21_bw="0" op_22_bw="1" op_23_bw="0" op_24_bw="1" op_25_bw="0" op_26_bw="1" op_27_bw="0" op_28_bw="1" op_29_bw="0" op_30_bw="1" op_31_bw="0">
<![CDATA[
.loopexit26:1  %flagu_0 = phi i1 [ true, %0 ], [ true, %1 ], [ true, %2 ], [ true, %3 ], [ true, %4 ], [ true, %5 ], [ true, %6 ], [ true, %7 ], [ true, %8 ], [ true, %9 ], [ true, %10 ], [ true, %11 ], [ true, %12 ], [ true, %13 ], [ true, %14 ], [ %tmp_17, %15 ]

]]></Node>
<StgValue><ssdm name="flagu_0"/></StgValue>
</operation>

<operation id="40" st_id="2" stage="1" lat="1">
<core>NULL</core>
<MemPortIdVec></MemPortIdVec>
<condition id="-1">
<or_exp><and_exp></and_exp></or_exp>
</condition>

<Node id="54" bw="1" op_0_bw="1" op_1_bw="32" op_2_bw="32">
<![CDATA[
.loopexit26:2  %tmp_18 = call i1 @_ssdm_op_BitSelect.i1.i32.i32(i32 %din_V_read, i32 15)

]]></Node>
<StgValue><ssdm name="tmp_18"/></StgValue>
</operation>

<operation id="41" st_id="2" stage="1" lat="1">
<core>NULL</core>
<MemPortIdVec></MemPortIdVec>
<condition id="-1">
<or_exp><and_exp></and_exp></or_exp>
</condition>

<Node id="55" bw="0" op_0_bw="1" op_1_bw="0" op_2_bw="0">
<![CDATA[
.loopexit26:3  br i1 %tmp_18, label %.loopexit, label %16

]]></Node>
<StgValue><ssdm name="br_ln20"/></StgValue>
</operation>

<operation id="42" st_id="2" stage="1" lat="1">
<core>NULL</core>
<MemPortIdVec></MemPortIdVec>
<condition id="-1">
<or_exp><and_exp><literal name="tmp_18" val="0"/>
</and_exp></or_exp>
</condition>

<Node id="57" bw="1" op_0_bw="1" op_1_bw="32" op_2_bw="32">
<![CDATA[
:0  %tmp_19 = call i1 @_ssdm_op_BitSelect.i1.i32.i32(i32 %din_V_read, i32 14)

]]></Node>
<StgValue><ssdm name="tmp_19"/></StgValue>
</operation>

<operation id="43" st_id="2" stage="1" lat="1">
<core>NULL</core>
<MemPortIdVec></MemPortIdVec>
<condition id="-1">
<or_exp><and_exp><literal name="tmp_18" val="0"/>
</and_exp></or_exp>
</condition>

<Node id="58" bw="0" op_0_bw="1" op_1_bw="0" op_2_bw="0">
<![CDATA[
:1  br i1 %tmp_19, label %.loopexit, label %17

]]></Node>
<StgValue><ssdm name="br_ln20"/></StgValue>
</operation>

<operation id="44" st_id="2" stage="1" lat="1">
<core>NULL</core>
<MemPortIdVec></MemPortIdVec>
<condition id="-1">
<or_exp><and_exp><literal name="tmp_18" val="0"/>
<literal name="tmp_19" val="0"/>
</and_exp></or_exp>
</condition>

<Node id="60" bw="1" op_0_bw="1" op_1_bw="32" op_2_bw="32">
<![CDATA[
:0  %tmp_20 = call i1 @_ssdm_op_BitSelect.i1.i32.i32(i32 %din_V_read, i32 13)

]]></Node>
<StgValue><ssdm name="tmp_20"/></StgValue>
</operation>

<operation id="45" st_id="2" stage="1" lat="1">
<core>NULL</core>
<MemPortIdVec></MemPortIdVec>
<condition id="-1">
<or_exp><and_exp><literal name="tmp_18" val="0"/>
<literal name="tmp_19" val="0"/>
</and_exp></or_exp>
</condition>

<Node id="61" bw="0" op_0_bw="1" op_1_bw="0" op_2_bw="0">
<![CDATA[
:1  br i1 %tmp_20, label %.loopexit, label %18

]]></Node>
<StgValue><ssdm name="br_ln20"/></StgValue>
</operation>

<operation id="46" st_id="2" stage="1" lat="1">
<core>NULL</core>
<MemPortIdVec></MemPortIdVec>
<condition id="-1">
<or_exp><and_exp><literal name="tmp_18" val="0"/>
<literal name="tmp_19" val="0"/>
<literal name="tmp_20" val="0"/>
</and_exp></or_exp>
</condition>

<Node id="63" bw="1" op_0_bw="1" op_1_bw="32" op_2_bw="32">
<![CDATA[
:0  %tmp_21 = call i1 @_ssdm_op_BitSelect.i1.i32.i32(i32 %din_V_read, i32 12)

]]></Node>
<StgValue><ssdm name="tmp_21"/></StgValue>
</operation>

<operation id="47" st_id="2" stage="1" lat="1">
<core>NULL</core>
<MemPortIdVec></MemPortIdVec>
<condition id="-1">
<or_exp><and_exp><literal name="tmp_18" val="0"/>
<literal name="tmp_19" val="0"/>
<literal name="tmp_20" val="0"/>
</and_exp></or_exp>
</condition>

<Node id="64" bw="0" op_0_bw="1" op_1_bw="0" op_2_bw="0">
<![CDATA[
:1  br i1 %tmp_21, label %.loopexit, label %19

]]></Node>
<StgValue><ssdm name="br_ln20"/></StgValue>
</operation>

<operation id="48" st_id="2" stage="1" lat="1">
<core>NULL</core>
<MemPortIdVec></MemPortIdVec>
<condition id="-1">
<or_exp><and_exp><literal name="tmp_18" val="0"/>
<literal name="tmp_19" val="0"/>
<literal name="tmp_20" val="0"/>
<literal name="tmp_21" val="0"/>
</and_exp></or_exp>
</condition>

<Node id="66" bw="1" op_0_bw="1" op_1_bw="32" op_2_bw="32">
<![CDATA[
:0  %tmp_22 = call i1 @_ssdm_op_BitSelect.i1.i32.i32(i32 %din_V_read, i32 11)

]]></Node>
<StgValue><ssdm name="tmp_22"/></StgValue>
</operation>

<operation id="49" st_id="2" stage="1" lat="1">
<core>NULL</core>
<MemPortIdVec></MemPortIdVec>
<condition id="-1">
<or_exp><and_exp><literal name="tmp_18" val="0"/>
<literal name="tmp_19" val="0"/>
<literal name="tmp_20" val="0"/>
<literal name="tmp_21" val="0"/>
</and_exp></or_exp>
</condition>

<Node id="67" bw="0" op_0_bw="1" op_1_bw="0" op_2_bw="0">
<![CDATA[
:1  br i1 %tmp_22, label %.loopexit, label %20

]]></Node>
<StgValue><ssdm name="br_ln20"/></StgValue>
</operation>

<operation id="50" st_id="2" stage="1" lat="1">
<core>NULL</core>
<MemPortIdVec></MemPortIdVec>
<condition id="-1">
<or_exp><and_exp><literal name="tmp_18" val="0"/>
<literal name="tmp_19" val="0"/>
<literal name="tmp_20" val="0"/>
<literal name="tmp_21" val="0"/>
<literal name="tmp_22" val="0"/>
</and_exp></or_exp>
</condition>

<Node id="69" bw="1" op_0_bw="1" op_1_bw="32" op_2_bw="32">
<![CDATA[
:0  %tmp_23 = call i1 @_ssdm_op_BitSelect.i1.i32.i32(i32 %din_V_read, i32 10)

]]></Node>
<StgValue><ssdm name="tmp_23"/></StgValue>
</operation>

<operation id="51" st_id="2" stage="1" lat="1">
<core>NULL</core>
<MemPortIdVec></MemPortIdVec>
<condition id="-1">
<or_exp><and_exp><literal name="tmp_18" val="0"/>
<literal name="tmp_19" val="0"/>
<literal name="tmp_20" val="0"/>
<literal name="tmp_21" val="0"/>
<literal name="tmp_22" val="0"/>
</and_exp></or_exp>
</condition>

<Node id="70" bw="0" op_0_bw="1" op_1_bw="0" op_2_bw="0">
<![CDATA[
:1  br i1 %tmp_23, label %.loopexit, label %21

]]></Node>
<StgValue><ssdm name="br_ln20"/></StgValue>
</operation>

<operation id="52" st_id="2" stage="1" lat="1">
<core>NULL</core>
<MemPortIdVec></MemPortIdVec>
<condition id="-1">
<or_exp><and_exp><literal name="tmp_18" val="0"/>
<literal name="tmp_19" val="0"/>
<literal name="tmp_20" val="0"/>
<literal name="tmp_21" val="0"/>
<literal name="tmp_22" val="0"/>
<literal name="tmp_23" val="0"/>
</and_exp></or_exp>
</condition>

<Node id="72" bw="1" op_0_bw="1" op_1_bw="32" op_2_bw="32">
<![CDATA[
:0  %tmp_24 = call i1 @_ssdm_op_BitSelect.i1.i32.i32(i32 %din_V_read, i32 9)

]]></Node>
<StgValue><ssdm name="tmp_24"/></StgValue>
</operation>

<operation id="53" st_id="2" stage="1" lat="1">
<core>NULL</core>
<MemPortIdVec></MemPortIdVec>
<condition id="-1">
<or_exp><and_exp><literal name="tmp_18" val="0"/>
<literal name="tmp_19" val="0"/>
<literal name="tmp_20" val="0"/>
<literal name="tmp_21" val="0"/>
<literal name="tmp_22" val="0"/>
<literal name="tmp_23" val="0"/>
</and_exp></or_exp>
</condition>

<Node id="73" bw="0" op_0_bw="1" op_1_bw="0" op_2_bw="0">
<![CDATA[
:1  br i1 %tmp_24, label %.loopexit, label %22

]]></Node>
<StgValue><ssdm name="br_ln20"/></StgValue>
</operation>

<operation id="54" st_id="2" stage="1" lat="1">
<core>NULL</core>
<MemPortIdVec></MemPortIdVec>
<condition id="-1">
<or_exp><and_exp><literal name="tmp_18" val="0"/>
<literal name="tmp_19" val="0"/>
<literal name="tmp_20" val="0"/>
<literal name="tmp_21" val="0"/>
<literal name="tmp_22" val="0"/>
<literal name="tmp_23" val="0"/>
<literal name="tmp_24" val="0"/>
</and_exp></or_exp>
</condition>

<Node id="75" bw="1" op_0_bw="1" op_1_bw="32" op_2_bw="32">
<![CDATA[
:0  %tmp_25 = call i1 @_ssdm_op_BitSelect.i1.i32.i32(i32 %din_V_read, i32 8)

]]></Node>
<StgValue><ssdm name="tmp_25"/></StgValue>
</operation>

<operation id="55" st_id="2" stage="1" lat="1">
<core>NULL</core>
<MemPortIdVec></MemPortIdVec>
<condition id="-1">
<or_exp><and_exp><literal name="tmp_18" val="0"/>
<literal name="tmp_19" val="0"/>
<literal name="tmp_20" val="0"/>
<literal name="tmp_21" val="0"/>
<literal name="tmp_22" val="0"/>
<literal name="tmp_23" val="0"/>
<literal name="tmp_24" val="0"/>
</and_exp></or_exp>
</condition>

<Node id="76" bw="0" op_0_bw="1" op_1_bw="0" op_2_bw="0">
<![CDATA[
:1  br i1 %tmp_25, label %.loopexit, label %23

]]></Node>
<StgValue><ssdm name="br_ln20"/></StgValue>
</operation>

<operation id="56" st_id="2" stage="1" lat="1">
<core>NULL</core>
<MemPortIdVec></MemPortIdVec>
<condition id="-1">
<or_exp><and_exp><literal name="tmp_18" val="0"/>
<literal name="tmp_19" val="0"/>
<literal name="tmp_20" val="0"/>
<literal name="tmp_21" val="0"/>
<literal name="tmp_22" val="0"/>
<literal name="tmp_23" val="0"/>
<literal name="tmp_24" val="0"/>
<literal name="tmp_25" val="0"/>
</and_exp></or_exp>
</condition>

<Node id="78" bw="1" op_0_bw="1" op_1_bw="32" op_2_bw="32">
<![CDATA[
:0  %tmp_26 = call i1 @_ssdm_op_BitSelect.i1.i32.i32(i32 %din_V_read, i32 7)

]]></Node>
<StgValue><ssdm name="tmp_26"/></StgValue>
</operation>

<operation id="57" st_id="2" stage="1" lat="1">
<core>NULL</core>
<MemPortIdVec></MemPortIdVec>
<condition id="-1">
<or_exp><and_exp><literal name="tmp_18" val="0"/>
<literal name="tmp_19" val="0"/>
<literal name="tmp_20" val="0"/>
<literal name="tmp_21" val="0"/>
<literal name="tmp_22" val="0"/>
<literal name="tmp_23" val="0"/>
<literal name="tmp_24" val="0"/>
<literal name="tmp_25" val="0"/>
</and_exp></or_exp>
</condition>

<Node id="79" bw="0" op_0_bw="1" op_1_bw="0" op_2_bw="0">
<![CDATA[
:1  br i1 %tmp_26, label %.loopexit, label %24

]]></Node>
<StgValue><ssdm name="br_ln20"/></StgValue>
</operation>

<operation id="58" st_id="2" stage="1" lat="1">
<core>NULL</core>
<MemPortIdVec></MemPortIdVec>
<condition id="-1">
<or_exp><and_exp><literal name="tmp_18" val="0"/>
<literal name="tmp_19" val="0"/>
<literal name="tmp_20" val="0"/>
<literal name="tmp_21" val="0"/>
<literal name="tmp_22" val="0"/>
<literal name="tmp_23" val="0"/>
<literal name="tmp_24" val="0"/>
<literal name="tmp_25" val="0"/>
<literal name="tmp_26" val="0"/>
</and_exp></or_exp>
</condition>

<Node id="81" bw="1" op_0_bw="1" op_1_bw="32" op_2_bw="32">
<![CDATA[
:0  %tmp_27 = call i1 @_ssdm_op_BitSelect.i1.i32.i32(i32 %din_V_read, i32 6)

]]></Node>
<StgValue><ssdm name="tmp_27"/></StgValue>
</operation>

<operation id="59" st_id="2" stage="1" lat="1">
<core>NULL</core>
<MemPortIdVec></MemPortIdVec>
<condition id="-1">
<or_exp><and_exp><literal name="tmp_18" val="0"/>
<literal name="tmp_19" val="0"/>
<literal name="tmp_20" val="0"/>
<literal name="tmp_21" val="0"/>
<literal name="tmp_22" val="0"/>
<literal name="tmp_23" val="0"/>
<literal name="tmp_24" val="0"/>
<literal name="tmp_25" val="0"/>
<literal name="tmp_26" val="0"/>
</and_exp></or_exp>
</condition>

<Node id="82" bw="0" op_0_bw="1" op_1_bw="0" op_2_bw="0">
<![CDATA[
:1  br i1 %tmp_27, label %.loopexit, label %25

]]></Node>
<StgValue><ssdm name="br_ln20"/></StgValue>
</operation>

<operation id="60" st_id="2" stage="1" lat="1">
<core>NULL</core>
<MemPortIdVec></MemPortIdVec>
<condition id="-1">
<or_exp><and_exp><literal name="tmp_18" val="0"/>
<literal name="tmp_19" val="0"/>
<literal name="tmp_20" val="0"/>
<literal name="tmp_21" val="0"/>
<literal name="tmp_22" val="0"/>
<literal name="tmp_23" val="0"/>
<literal name="tmp_24" val="0"/>
<literal name="tmp_25" val="0"/>
<literal name="tmp_26" val="0"/>
<literal name="tmp_27" val="0"/>
</and_exp></or_exp>
</condition>

<Node id="84" bw="1" op_0_bw="1" op_1_bw="32" op_2_bw="32">
<![CDATA[
:0  %tmp_28 = call i1 @_ssdm_op_BitSelect.i1.i32.i32(i32 %din_V_read, i32 5)

]]></Node>
<StgValue><ssdm name="tmp_28"/></StgValue>
</operation>

<operation id="61" st_id="2" stage="1" lat="1">
<core>NULL</core>
<MemPortIdVec></MemPortIdVec>
<condition id="-1">
<or_exp><and_exp><literal name="tmp_18" val="0"/>
<literal name="tmp_19" val="0"/>
<literal name="tmp_20" val="0"/>
<literal name="tmp_21" val="0"/>
<literal name="tmp_22" val="0"/>
<literal name="tmp_23" val="0"/>
<literal name="tmp_24" val="0"/>
<literal name="tmp_25" val="0"/>
<literal name="tmp_26" val="0"/>
<literal name="tmp_27" val="0"/>
</and_exp></or_exp>
</condition>

<Node id="85" bw="0" op_0_bw="1" op_1_bw="0" op_2_bw="0">
<![CDATA[
:1  br i1 %tmp_28, label %.loopexit, label %26

]]></Node>
<StgValue><ssdm name="br_ln20"/></StgValue>
</operation>

<operation id="62" st_id="2" stage="1" lat="1">
<core>NULL</core>
<MemPortIdVec></MemPortIdVec>
<condition id="-1">
<or_exp><and_exp><literal name="tmp_18" val="0"/>
<literal name="tmp_19" val="0"/>
<literal name="tmp_20" val="0"/>
<literal name="tmp_21" val="0"/>
<literal name="tmp_22" val="0"/>
<literal name="tmp_23" val="0"/>
<literal name="tmp_24" val="0"/>
<literal name="tmp_25" val="0"/>
<literal name="tmp_26" val="0"/>
<literal name="tmp_27" val="0"/>
<literal name="tmp_28" val="0"/>
</and_exp></or_exp>
</condition>

<Node id="87" bw="1" op_0_bw="1" op_1_bw="32" op_2_bw="32">
<![CDATA[
:0  %tmp_29 = call i1 @_ssdm_op_BitSelect.i1.i32.i32(i32 %din_V_read, i32 4)

]]></Node>
<StgValue><ssdm name="tmp_29"/></StgValue>
</operation>

<operation id="63" st_id="2" stage="1" lat="1">
<core>NULL</core>
<MemPortIdVec></MemPortIdVec>
<condition id="-1">
<or_exp><and_exp><literal name="tmp_18" val="0"/>
<literal name="tmp_19" val="0"/>
<literal name="tmp_20" val="0"/>
<literal name="tmp_21" val="0"/>
<literal name="tmp_22" val="0"/>
<literal name="tmp_23" val="0"/>
<literal name="tmp_24" val="0"/>
<literal name="tmp_25" val="0"/>
<literal name="tmp_26" val="0"/>
<literal name="tmp_27" val="0"/>
<literal name="tmp_28" val="0"/>
</and_exp></or_exp>
</condition>

<Node id="88" bw="0" op_0_bw="1" op_1_bw="0" op_2_bw="0">
<![CDATA[
:1  br i1 %tmp_29, label %.loopexit, label %27

]]></Node>
<StgValue><ssdm name="br_ln20"/></StgValue>
</operation>

<operation id="64" st_id="2" stage="1" lat="1">
<core>NULL</core>
<MemPortIdVec></MemPortIdVec>
<condition id="-1">
<or_exp><and_exp><literal name="tmp_18" val="0"/>
<literal name="tmp_19" val="0"/>
<literal name="tmp_20" val="0"/>
<literal name="tmp_21" val="0"/>
<literal name="tmp_22" val="0"/>
<literal name="tmp_23" val="0"/>
<literal name="tmp_24" val="0"/>
<literal name="tmp_25" val="0"/>
<literal name="tmp_26" val="0"/>
<literal name="tmp_27" val="0"/>
<literal name="tmp_28" val="0"/>
<literal name="tmp_29" val="0"/>
</and_exp></or_exp>
</condition>

<Node id="90" bw="1" op_0_bw="1" op_1_bw="32" op_2_bw="32">
<![CDATA[
:0  %tmp_30 = call i1 @_ssdm_op_BitSelect.i1.i32.i32(i32 %din_V_read, i32 3)

]]></Node>
<StgValue><ssdm name="tmp_30"/></StgValue>
</operation>

<operation id="65" st_id="2" stage="1" lat="1">
<core>NULL</core>
<MemPortIdVec></MemPortIdVec>
<condition id="-1">
<or_exp><and_exp><literal name="tmp_18" val="0"/>
<literal name="tmp_19" val="0"/>
<literal name="tmp_20" val="0"/>
<literal name="tmp_21" val="0"/>
<literal name="tmp_22" val="0"/>
<literal name="tmp_23" val="0"/>
<literal name="tmp_24" val="0"/>
<literal name="tmp_25" val="0"/>
<literal name="tmp_26" val="0"/>
<literal name="tmp_27" val="0"/>
<literal name="tmp_28" val="0"/>
<literal name="tmp_29" val="0"/>
</and_exp></or_exp>
</condition>

<Node id="91" bw="0" op_0_bw="1" op_1_bw="0" op_2_bw="0">
<![CDATA[
:1  br i1 %tmp_30, label %.loopexit, label %28

]]></Node>
<StgValue><ssdm name="br_ln20"/></StgValue>
</operation>

<operation id="66" st_id="2" stage="1" lat="1">
<core>NULL</core>
<MemPortIdVec></MemPortIdVec>
<condition id="-1">
<or_exp><and_exp><literal name="tmp_18" val="0"/>
<literal name="tmp_19" val="0"/>
<literal name="tmp_20" val="0"/>
<literal name="tmp_21" val="0"/>
<literal name="tmp_22" val="0"/>
<literal name="tmp_23" val="0"/>
<literal name="tmp_24" val="0"/>
<literal name="tmp_25" val="0"/>
<literal name="tmp_26" val="0"/>
<literal name="tmp_27" val="0"/>
<literal name="tmp_28" val="0"/>
<literal name="tmp_29" val="0"/>
<literal name="tmp_30" val="0"/>
</and_exp></or_exp>
</condition>

<Node id="93" bw="1" op_0_bw="1" op_1_bw="32" op_2_bw="32">
<![CDATA[
:0  %tmp_31 = call i1 @_ssdm_op_BitSelect.i1.i32.i32(i32 %din_V_read, i32 2)

]]></Node>
<StgValue><ssdm name="tmp_31"/></StgValue>
</operation>

<operation id="67" st_id="2" stage="1" lat="1">
<core>NULL</core>
<MemPortIdVec></MemPortIdVec>
<condition id="-1">
<or_exp><and_exp><literal name="tmp_18" val="0"/>
<literal name="tmp_19" val="0"/>
<literal name="tmp_20" val="0"/>
<literal name="tmp_21" val="0"/>
<literal name="tmp_22" val="0"/>
<literal name="tmp_23" val="0"/>
<literal name="tmp_24" val="0"/>
<literal name="tmp_25" val="0"/>
<literal name="tmp_26" val="0"/>
<literal name="tmp_27" val="0"/>
<literal name="tmp_28" val="0"/>
<literal name="tmp_29" val="0"/>
<literal name="tmp_30" val="0"/>
</and_exp></or_exp>
</condition>

<Node id="94" bw="0" op_0_bw="1" op_1_bw="0" op_2_bw="0">
<![CDATA[
:1  br i1 %tmp_31, label %.loopexit, label %29

]]></Node>
<StgValue><ssdm name="br_ln20"/></StgValue>
</operation>

<operation id="68" st_id="2" stage="1" lat="1">
<core>NULL</core>
<MemPortIdVec></MemPortIdVec>
<condition id="-1">
<or_exp><and_exp><literal name="tmp_18" val="0"/>
<literal name="tmp_19" val="0"/>
<literal name="tmp_20" val="0"/>
<literal name="tmp_21" val="0"/>
<literal name="tmp_22" val="0"/>
<literal name="tmp_23" val="0"/>
<literal name="tmp_24" val="0"/>
<literal name="tmp_25" val="0"/>
<literal name="tmp_26" val="0"/>
<literal name="tmp_27" val="0"/>
<literal name="tmp_28" val="0"/>
<literal name="tmp_29" val="0"/>
<literal name="tmp_30" val="0"/>
<literal name="tmp_31" val="0"/>
</and_exp></or_exp>
</condition>

<Node id="96" bw="1" op_0_bw="1" op_1_bw="32" op_2_bw="32">
<![CDATA[
:0  %tmp_32 = call i1 @_ssdm_op_BitSelect.i1.i32.i32(i32 %din_V_read, i32 1)

]]></Node>
<StgValue><ssdm name="tmp_32"/></StgValue>
</operation>

<operation id="69" st_id="2" stage="1" lat="1">
<core>NULL</core>
<MemPortIdVec></MemPortIdVec>
<condition id="-1">
<or_exp><and_exp><literal name="tmp_18" val="0"/>
<literal name="tmp_19" val="0"/>
<literal name="tmp_20" val="0"/>
<literal name="tmp_21" val="0"/>
<literal name="tmp_22" val="0"/>
<literal name="tmp_23" val="0"/>
<literal name="tmp_24" val="0"/>
<literal name="tmp_25" val="0"/>
<literal name="tmp_26" val="0"/>
<literal name="tmp_27" val="0"/>
<literal name="tmp_28" val="0"/>
<literal name="tmp_29" val="0"/>
<literal name="tmp_30" val="0"/>
<literal name="tmp_31" val="0"/>
</and_exp></or_exp>
</condition>

<Node id="97" bw="1" op_0_bw="32">
<![CDATA[
:1  %trunc_ln791 = trunc i32 %din_V_read to i1

]]></Node>
<StgValue><ssdm name="trunc_ln791"/></StgValue>
</operation>

<operation id="70" st_id="2" stage="1" lat="1">
<core>NULL</core>
<MemPortIdVec></MemPortIdVec>
<condition id="-1">
<or_exp><and_exp><literal name="tmp_18" val="0"/>
<literal name="tmp_19" val="0"/>
<literal name="tmp_20" val="0"/>
<literal name="tmp_21" val="0"/>
<literal name="tmp_22" val="0"/>
<literal name="tmp_23" val="0"/>
<literal name="tmp_24" val="0"/>
<literal name="tmp_25" val="0"/>
<literal name="tmp_26" val="0"/>
<literal name="tmp_27" val="0"/>
<literal name="tmp_28" val="0"/>
<literal name="tmp_29" val="0"/>
<literal name="tmp_30" val="0"/>
<literal name="tmp_31" val="0"/>
</and_exp></or_exp>
</condition>

<Node id="98" bw="4" op_0_bw="1">
<![CDATA[
:2  %zext_ln20 = zext i1 %tmp_32 to i4

]]></Node>
<StgValue><ssdm name="zext_ln20"/></StgValue>
</operation>

<operation id="71" st_id="2" stage="1" lat="1">
<core>LogicGate</core>
<MemPortIdVec></MemPortIdVec>
<condition id="-1">
<or_exp><and_exp><literal name="tmp_18" val="0"/>
<literal name="tmp_19" val="0"/>
<literal name="tmp_20" val="0"/>
<literal name="tmp_21" val="0"/>
<literal name="tmp_22" val="0"/>
<literal name="tmp_23" val="0"/>
<literal name="tmp_24" val="0"/>
<literal name="tmp_25" val="0"/>
<literal name="tmp_26" val="0"/>
<literal name="tmp_27" val="0"/>
<literal name="tmp_28" val="0"/>
<literal name="tmp_29" val="0"/>
<literal name="tmp_30" val="0"/>
<literal name="tmp_31" val="0"/>
</and_exp></or_exp>
</condition>

<Node id="99" bw="1" op_0_bw="1" op_1_bw="1">
<![CDATA[
:3  %or_ln20 = or i1 %trunc_ln791, %tmp_32

]]></Node>
<StgValue><ssdm name="or_ln20"/></StgValue>
</operation>

<operation id="72" st_id="2" stage="1" lat="1">
<core>NULL</core>
<MemPortIdVec></MemPortIdVec>
<condition id="-1">
<or_exp><and_exp><literal name="tmp_18" val="0"/>
<literal name="tmp_19" val="0"/>
<literal name="tmp_20" val="0"/>
<literal name="tmp_21" val="0"/>
<literal name="tmp_22" val="0"/>
<literal name="tmp_23" val="0"/>
<literal name="tmp_24" val="0"/>
<literal name="tmp_25" val="0"/>
<literal name="tmp_26" val="0"/>
<literal name="tmp_27" val="0"/>
<literal name="tmp_28" val="0"/>
<literal name="tmp_29" val="0"/>
<literal name="tmp_30" val="0"/>
<literal name="tmp_31" val="0"/>
</and_exp></or_exp>
</condition>

<Node id="100" bw="0" op_0_bw="0">
<![CDATA[
:4  br label %.loopexit

]]></Node>
<StgValue><ssdm name="br_ln20"/></StgValue>
</operation>
</state>

<state id="3" st_id="3">

<operation id="73" st_id="3" stage="1" lat="1">
<core>NULL</core>
<MemPortIdVec></MemPortIdVec>
<condition id="-1">
<or_exp><and_exp><literal name="flagu_0" val="0"/>
</and_exp></or_exp>
</condition>

<Node id="102" bw="4" op_0_bw="4" op_1_bw="0" op_2_bw="4" op_3_bw="0" op_4_bw="4" op_5_bw="0" op_6_bw="4" op_7_bw="0" op_8_bw="4" op_9_bw="0" op_10_bw="4" op_11_bw="0" op_12_bw="4" op_13_bw="0" op_14_bw="4" op_15_bw="0" op_16_bw="4" op_17_bw="0" op_18_bw="4" op_19_bw="0" op_20_bw="4" op_21_bw="0" op_22_bw="4" op_23_bw="0" op_24_bw="4" op_25_bw="0" op_26_bw="4" op_27_bw="0" op_28_bw="4" op_29_bw="0">
<![CDATA[
.loopexit:0  %phi_ln25_1 = phi i4 [ -1, %.loopexit26 ], [ -2, %16 ], [ -3, %17 ], [ -4, %18 ], [ -5, %19 ], [ -6, %20 ], [ -7, %21 ], [ -8, %22 ], [ 7, %23 ], [ 6, %24 ], [ 5, %25 ], [ 4, %26 ], [ 3, %27 ], [ 2, %28 ], [ %zext_ln20, %29 ]

]]></Node>
<StgValue><ssdm name="phi_ln25_1"/></StgValue>
</operation>

<operation id="74" st_id="3" stage="1" lat="1">
<core>NULL</core>
<MemPortIdVec></MemPortIdVec>
<condition id="-1">
<or_exp><and_exp></and_exp></or_exp>
</condition>

<Node id="103" bw="1" op_0_bw="1" op_1_bw="0" op_2_bw="1" op_3_bw="0" op_4_bw="1" op_5_bw="0" op_6_bw="1" op_7_bw="0" op_8_bw="1" op_9_bw="0" op_10_bw="1" op_11_bw="0" op_12_bw="1" op_13_bw="0" op_14_bw="1" op_15_bw="0" op_16_bw="1" op_17_bw="0" op_18_bw="1" op_19_bw="0" op_20_bw="1" op_21_bw="0" op_22_bw="1" op_23_bw="0" op_24_bw="1" op_25_bw="0" op_26_bw="1" op_27_bw="0" op_28_bw="1" op_29_bw="0">
<![CDATA[
.loopexit:1  %flagl_0 = phi i1 [ true, %.loopexit26 ], [ true, %16 ], [ true, %17 ], [ true, %18 ], [ true, %19 ], [ true, %20 ], [ true, %21 ], [ true, %22 ], [ true, %23 ], [ true, %24 ], [ true, %25 ], [ true, %26 ], [ true, %27 ], [ true, %28 ], [ %or_ln20, %29 ]

]]></Node>
<StgValue><ssdm name="flagl_0"/></StgValue>
</operation>

<operation id="75" st_id="3" stage="1" lat="1">
<core>NULL</core>
<MemPortIdVec></MemPortIdVec>
<condition id="-1">
<or_exp><and_exp><literal name="flagu_0" val="0"/>
</and_exp></or_exp>
</condition>

<Node id="104" bw="5" op_0_bw="4">
<![CDATA[
.loopexit:2  %zext_ln25 = zext i4 %phi_ln25_1 to i5

]]></Node>
<StgValue><ssdm name="zext_ln25"/></StgValue>
</operation>

<operation id="76" st_id="3" stage="1" lat="1">
<core>Sel</core>
<MemPortIdVec></MemPortIdVec>
<condition id="-1">
<or_exp><and_exp></and_exp></or_exp>
</condition>

<Node id="105" bw="5" op_0_bw="1" op_1_bw="5" op_2_bw="5">
<![CDATA[
.loopexit:3  %select_ln25 = select i1 %flagu_0, i5 %phi_ln25, i5 %zext_ln25

]]></Node>
<StgValue><ssdm name="select_ln25"/></StgValue>
</operation>

<operation id="77" st_id="3" stage="1" lat="1">
<core>LogicGate</core>
<MemPortIdVec></MemPortIdVec>
<condition id="-1">
<or_exp><and_exp></and_exp></or_exp>
</condition>

<Node id="106" bw="1" op_0_bw="1" op_1_bw="1">
<![CDATA[
.loopexit:4  %or_ln26 = or i1 %flagu_0, %flagl_0

]]></Node>
<StgValue><ssdm name="or_ln26"/></StgValue>
</operation>

<operation id="78" st_id="3" stage="1" lat="1">
<core>NULL</core>
<MemPortIdVec></MemPortIdVec>
<condition id="-1">
<or_exp><and_exp></and_exp></or_exp>
</condition>

<Node id="107" bw="6" op_0_bw="6" op_1_bw="1">
<![CDATA[
.loopexit:5  %mrv = insertvalue { i1, i5 } undef, i1 %or_ln26, 0

]]></Node>
<StgValue><ssdm name="mrv"/></StgValue>
</operation>

<operation id="79" st_id="3" stage="1" lat="1">
<core>NULL</core>
<MemPortIdVec></MemPortIdVec>
<condition id="-1">
<or_exp><and_exp></and_exp></or_exp>
</condition>

<Node id="108" bw="6" op_0_bw="6" op_1_bw="5">
<![CDATA[
.loopexit:6  %mrv_1 = insertvalue { i1, i5 } %mrv, i5 %select_ln25, 1

]]></Node>
<StgValue><ssdm name="mrv_1"/></StgValue>
</operation>

<operation id="80" st_id="3" stage="1" lat="1">
<core>NULL</core>
<MemPortIdVec></MemPortIdVec>
<condition id="-1">
<or_exp><and_exp></and_exp></or_exp>
</condition>

<Node id="109" bw="0" op_0_bw="6">
<![CDATA[
.loopexit:7  ret { i1, i5 } %mrv_1

]]></Node>
<StgValue><ssdm name="ret_ln26"/></StgValue>
</operation>
</state>
</state_list>


<ports>
<port id="112" name="din_V" dir="0" iftype="0">
<core>NULL</core><StgValue><ssdm name="din_V"/></StgValue>
</port>
</ports>


<dataflows>
<dataflow id="114" from="_ssdm_op_Read.ap_auto.i32" to="din_V_read" fromId="113" toId="4">
</dataflow>
<dataflow id="115" from="din_V" to="din_V_read" fromId="112" toId="4">
</dataflow>
<dataflow id="117" from="_ssdm_op_BitSelect.i1.i32.i32" to="tmp" fromId="116" toId="5">
</dataflow>
<dataflow id="118" from="din_V_read" to="tmp" fromId="4" toId="5">
</dataflow>
<dataflow id="120" from="StgValue_119" to="tmp" fromId="119" toId="5">
</dataflow>
<dataflow id="121" from="tmp" to="br_ln13" fromId="5" toId="6">
</dataflow>
<dataflow id="122" from="_ssdm_op_BitSelect.i1.i32.i32" to="tmp_3" fromId="116" toId="7">
</dataflow>
<dataflow id="123" from="din_V_read" to="tmp_3" fromId="4" toId="7">
</dataflow>
<dataflow id="125" from="StgValue_124" to="tmp_3" fromId="124" toId="7">
</dataflow>
<dataflow id="126" from="tmp_3" to="br_ln13" fromId="7" toId="8">
</dataflow>
<dataflow id="127" from="_ssdm_op_BitSelect.i1.i32.i32" to="tmp_4" fromId="116" toId="9">
</dataflow>
<dataflow id="128" from="din_V_read" to="tmp_4" fromId="4" toId="9">
</dataflow>
<dataflow id="130" from="StgValue_129" to="tmp_4" fromId="129" toId="9">
</dataflow>
<dataflow id="131" from="tmp_4" to="br_ln13" fromId="9" toId="10">
</dataflow>
<dataflow id="132" from="_ssdm_op_BitSelect.i1.i32.i32" to="tmp_5" fromId="116" toId="11">
</dataflow>
<dataflow id="133" from="din_V_read" to="tmp_5" fromId="4" toId="11">
</dataflow>
<dataflow id="135" from="StgValue_134" to="tmp_5" fromId="134" toId="11">
</dataflow>
<dataflow id="136" from="tmp_5" to="br_ln13" fromId="11" toId="12">
</dataflow>
<dataflow id="137" from="_ssdm_op_BitSelect.i1.i32.i32" to="tmp_6" fromId="116" toId="13">
</dataflow>
<dataflow id="138" from="din_V_read" to="tmp_6" fromId="4" toId="13">
</dataflow>
<dataflow id="140" from="StgValue_139" to="tmp_6" fromId="139" toId="13">
</dataflow>
<dataflow id="141" from="tmp_6" to="br_ln13" fromId="13" toId="14">
</dataflow>
<dataflow id="142" from="_ssdm_op_BitSelect.i1.i32.i32" to="tmp_7" fromId="116" toId="15">
</dataflow>
<dataflow id="143" from="din_V_read" to="tmp_7" fromId="4" toId="15">
</dataflow>
<dataflow id="145" from="StgValue_144" to="tmp_7" fromId="144" toId="15">
</dataflow>
<dataflow id="146" from="tmp_7" to="br_ln13" fromId="15" toId="16">
</dataflow>
<dataflow id="147" from="_ssdm_op_BitSelect.i1.i32.i32" to="tmp_8" fromId="116" toId="17">
</dataflow>
<dataflow id="148" from="din_V_read" to="tmp_8" fromId="4" toId="17">
</dataflow>
<dataflow id="150" from="StgValue_149" to="tmp_8" fromId="149" toId="17">
</dataflow>
<dataflow id="151" from="tmp_8" to="br_ln13" fromId="17" toId="18">
</dataflow>
<dataflow id="152" from="_ssdm_op_BitSelect.i1.i32.i32" to="tmp_9" fromId="116" toId="19">
</dataflow>
<dataflow id="153" from="din_V_read" to="tmp_9" fromId="4" toId="19">
</dataflow>
<dataflow id="155" from="StgValue_154" to="tmp_9" fromId="154" toId="19">
</dataflow>
<dataflow id="156" from="tmp_9" to="br_ln13" fromId="19" toId="20">
</dataflow>
<dataflow id="157" from="_ssdm_op_BitSelect.i1.i32.i32" to="tmp_10" fromId="116" toId="21">
</dataflow>
<dataflow id="158" from="din_V_read" to="tmp_10" fromId="4" toId="21">
</dataflow>
<dataflow id="160" from="StgValue_159" to="tmp_10" fromId="159" toId="21">
</dataflow>
<dataflow id="161" from="tmp_10" to="br_ln13" fromId="21" toId="22">
</dataflow>
<dataflow id="162" from="_ssdm_op_BitSelect.i1.i32.i32" to="tmp_11" fromId="116" toId="23">
</dataflow>
<dataflow id="163" from="din_V_read" to="tmp_11" fromId="4" toId="23">
</dataflow>
<dataflow id="165" from="StgValue_164" to="tmp_11" fromId="164" toId="23">
</dataflow>
<dataflow id="166" from="tmp_11" to="br_ln13" fromId="23" toId="24">
</dataflow>
<dataflow id="167" from="_ssdm_op_BitSelect.i1.i32.i32" to="tmp_12" fromId="116" toId="25">
</dataflow>
<dataflow id="168" from="din_V_read" to="tmp_12" fromId="4" toId="25">
</dataflow>
<dataflow id="170" from="StgValue_169" to="tmp_12" fromId="169" toId="25">
</dataflow>
<dataflow id="171" from="tmp_12" to="br_ln13" fromId="25" toId="26">
</dataflow>
<dataflow id="172" from="_ssdm_op_BitSelect.i1.i32.i32" to="tmp_13" fromId="116" toId="27">
</dataflow>
<dataflow id="173" from="din_V_read" to="tmp_13" fromId="4" toId="27">
</dataflow>
<dataflow id="175" from="StgValue_174" to="tmp_13" fromId="174" toId="27">
</dataflow>
<dataflow id="176" from="tmp_13" to="br_ln13" fromId="27" toId="28">
</dataflow>
<dataflow id="177" from="_ssdm_op_BitSelect.i1.i32.i32" to="tmp_14" fromId="116" toId="29">
</dataflow>
<dataflow id="178" from="din_V_read" to="tmp_14" fromId="4" toId="29">
</dataflow>
<dataflow id="180" from="StgValue_179" to="tmp_14" fromId="179" toId="29">
</dataflow>
<dataflow id="181" from="tmp_14" to="br_ln13" fromId="29" toId="30">
</dataflow>
<dataflow id="182" from="_ssdm_op_BitSelect.i1.i32.i32" to="tmp_15" fromId="116" toId="31">
</dataflow>
<dataflow id="183" from="din_V_read" to="tmp_15" fromId="4" toId="31">
</dataflow>
<dataflow id="185" from="StgValue_184" to="tmp_15" fromId="184" toId="31">
</dataflow>
<dataflow id="186" from="tmp_15" to="br_ln13" fromId="31" toId="32">
</dataflow>
<dataflow id="187" from="_ssdm_op_BitSelect.i1.i32.i32" to="tmp_16" fromId="116" toId="33">
</dataflow>
<dataflow id="188" from="din_V_read" to="tmp_16" fromId="4" toId="33">
</dataflow>
<dataflow id="190" from="StgValue_189" to="tmp_16" fromId="189" toId="33">
</dataflow>
<dataflow id="191" from="tmp_16" to="br_ln13" fromId="33" toId="34">
</dataflow>
<dataflow id="192" from="_ssdm_op_BitSelect.i1.i32.i32" to="tmp_17" fromId="116" toId="35">
</dataflow>
<dataflow id="193" from="din_V_read" to="tmp_17" fromId="4" toId="35">
</dataflow>
<dataflow id="195" from="StgValue_194" to="tmp_17" fromId="194" toId="35">
</dataflow>
<dataflow id="196" from="tmp_17" to="select_ln13" fromId="35" toId="36">
</dataflow>
<dataflow id="198" from="StgValue_197" to="select_ln13" fromId="197" toId="36">
</dataflow>
<dataflow id="200" from="StgValue_199" to="select_ln13" fromId="199" toId="36">
</dataflow>
<dataflow id="202" from="StgValue_201" to="phi_ln25" fromId="201" toId="38">
<condition id="-1">
<or_exp><and_exp><literal name="tmp" val="1"/>
</and_exp></or_exp>
</condition>
</dataflow>
<dataflow id="203" from="br_ln13" to="phi_ln25" fromId="6" toId="38">
</dataflow>
<dataflow id="205" from="StgValue_204" to="phi_ln25" fromId="204" toId="38">
<condition id="-1">
<or_exp><and_exp><literal name="tmp" val="0"/>
<literal name="tmp_3" val="1"/>
</and_exp></or_exp>
</condition>
</dataflow>
<dataflow id="206" from="br_ln13" to="phi_ln25" fromId="8" toId="38">
</dataflow>
<dataflow id="208" from="StgValue_207" to="phi_ln25" fromId="207" toId="38">
<condition id="-1">
<or_exp><and_exp><literal name="tmp" val="0"/>
<literal name="tmp_3" val="0"/>
<literal name="tmp_4" val="1"/>
</and_exp></or_exp>
</condition>
</dataflow>
<dataflow id="209" from="br_ln13" to="phi_ln25" fromId="10" toId="38">
</dataflow>
<dataflow id="211" from="StgValue_210" to="phi_ln25" fromId="210" toId="38">
<condition id="-1">
<or_exp><and_exp><literal name="tmp" val="0"/>
<literal name="tmp_3" val="0"/>
<literal name="tmp_4" val="0"/>
<literal name="tmp_5" val="1"/>
</and_exp></or_exp>
</condition>
</dataflow>
<dataflow id="212" from="br_ln13" to="phi_ln25" fromId="12" toId="38">
</dataflow>
<dataflow id="214" from="StgValue_213" to="phi_ln25" fromId="213" toId="38">
<condition id="-1">
<or_exp><and_exp><literal name="tmp" val="0"/>
<literal name="tmp_3" val="0"/>
<literal name="tmp_4" val="0"/>
<literal name="tmp_5" val="0"/>
<literal name="tmp_6" val="1"/>
</and_exp></or_exp>
</condition>
</dataflow>
<dataflow id="215" from="br_ln13" to="phi_ln25" fromId="14" toId="38">
</dataflow>
<dataflow id="217" from="StgValue_216" to="phi_ln25" fromId="216" toId="38">
<condition id="-1">
<or_exp><and_exp><literal name="tmp" val="0"/>
<literal name="tmp_3" val="0"/>
<literal name="tmp_4" val="0"/>
<literal name="tmp_5" val="0"/>
<literal name="tmp_6" val="0"/>
<literal name="tmp_7" val="1"/>
</and_exp></or_exp>
</condition>
</dataflow>
<dataflow id="218" from="br_ln13" to="phi_ln25" fromId="16" toId="38">
</dataflow>
<dataflow id="220" from="StgValue_219" to="phi_ln25" fromId="219" toId="38">
<condition id="-1">
<or_exp><and_exp><literal name="tmp" val="0"/>
<literal name="tmp_3" val="0"/>
<literal name="tmp_4" val="0"/>
<literal name="tmp_5" val="0"/>
<literal name="tmp_6" val="0"/>
<literal name="tmp_7" val="0"/>
<literal name="tmp_8" val="1"/>
</and_exp></or_exp>
</condition>
</dataflow>
<dataflow id="221" from="br_ln13" to="phi_ln25" fromId="18" toId="38">
</dataflow>
<dataflow id="223" from="StgValue_222" to="phi_ln25" fromId="222" toId="38">
<condition id="-1">
<or_exp><and_exp><literal name="tmp" val="0"/>
<literal name="tmp_3" val="0"/>
<literal name="tmp_4" val="0"/>
<literal name="tmp_5" val="0"/>
<literal name="tmp_6" val="0"/>
<literal name="tmp_7" val="0"/>
<literal name="tmp_8" val="0"/>
<literal name="tmp_9" val="1"/>
</and_exp></or_exp>
</condition>
</dataflow>
<dataflow id="224" from="br_ln13" to="phi_ln25" fromId="20" toId="38">
</dataflow>
<dataflow id="226" from="StgValue_225" to="phi_ln25" fromId="225" toId="38">
<condition id="-1">
<or_exp><and_exp><literal name="tmp" val="0"/>
<literal name="tmp_3" val="0"/>
<literal name="tmp_4" val="0"/>
<literal name="tmp_5" val="0"/>
<literal name="tmp_6" val="0"/>
<literal name="tmp_7" val="0"/>
<literal name="tmp_8" val="0"/>
<literal name="tmp_9" val="0"/>
<literal name="tmp_10" val="1"/>
</and_exp></or_exp>
</condition>
</dataflow>
<dataflow id="227" from="br_ln13" to="phi_ln25" fromId="22" toId="38">
</dataflow>
<dataflow id="229" from="StgValue_228" to="phi_ln25" fromId="228" toId="38">
<condition id="-1">
<or_exp><and_exp><literal name="tmp" val="0"/>
<literal name="tmp_3" val="0"/>
<literal name="tmp_4" val="0"/>
<literal name="tmp_5" val="0"/>
<literal name="tmp_6" val="0"/>
<literal name="tmp_7" val="0"/>
<literal name="tmp_8" val="0"/>
<literal name="tmp_9" val="0"/>
<literal name="tmp_10" val="0"/>
<literal name="tmp_11" val="1"/>
</and_exp></or_exp>
</condition>
</dataflow>
<dataflow id="230" from="br_ln13" to="phi_ln25" fromId="24" toId="38">
</dataflow>
<dataflow id="232" from="StgValue_231" to="phi_ln25" fromId="231" toId="38">
<condition id="-1">
<or_exp><and_exp><literal name="tmp" val="0"/>
<literal name="tmp_3" val="0"/>
<literal name="tmp_4" val="0"/>
<literal name="tmp_5" val="0"/>
<literal name="tmp_6" val="0"/>
<literal name="tmp_7" val="0"/>
<literal name="tmp_8" val="0"/>
<literal name="tmp_9" val="0"/>
<literal name="tmp_10" val="0"/>
<literal name="tmp_11" val="0"/>
<literal name="tmp_12" val="1"/>
</and_exp></or_exp>
</condition>
</dataflow>
<dataflow id="233" from="br_ln13" to="phi_ln25" fromId="26" toId="38">
</dataflow>
<dataflow id="235" from="StgValue_234" to="phi_ln25" fromId="234" toId="38">
<condition id="-1">
<or_exp><and_exp><literal name="tmp" val="0"/>
<literal name="tmp_3" val="0"/>
<literal name="tmp_4" val="0"/>
<literal name="tmp_5" val="0"/>
<literal name="tmp_6" val="0"/>
<literal name="tmp_7" val="0"/>
<literal name="tmp_8" val="0"/>
<literal name="tmp_9" val="0"/>
<literal name="tmp_10" val="0"/>
<literal name="tmp_11" val="0"/>
<literal name="tmp_12" val="0"/>
<literal name="tmp_13" val="1"/>
</and_exp></or_exp>
</condition>
</dataflow>
<dataflow id="236" from="br_ln13" to="phi_ln25" fromId="28" toId="38">
</dataflow>
<dataflow id="238" from="StgValue_237" to="phi_ln25" fromId="237" toId="38">
<condition id="-1">
<or_exp><and_exp><literal name="tmp" val="0"/>
<literal name="tmp_3" val="0"/>
<literal name="tmp_4" val="0"/>
<literal name="tmp_5" val="0"/>
<literal name="tmp_6" val="0"/>
<literal name="tmp_7" val="0"/>
<literal name="tmp_8" val="0"/>
<literal name="tmp_9" val="0"/>
<literal name="tmp_10" val="0"/>
<literal name="tmp_11" val="0"/>
<literal name="tmp_12" val="0"/>
<literal name="tmp_13" val="0"/>
<literal name="tmp_14" val="1"/>
</and_exp></or_exp>
</condition>
</dataflow>
<dataflow id="239" from="br_ln13" to="phi_ln25" fromId="30" toId="38">
</dataflow>
<dataflow id="241" from="StgValue_240" to="phi_ln25" fromId="240" toId="38">
<condition id="-1">
<or_exp><and_exp><literal name="tmp" val="0"/>
<literal name="tmp_3" val="0"/>
<literal name="tmp_4" val="0"/>
<literal name="tmp_5" val="0"/>
<literal name="tmp_6" val="0"/>
<literal name="tmp_7" val="0"/>
<literal name="tmp_8" val="0"/>
<literal name="tmp_9" val="0"/>
<literal name="tmp_10" val="0"/>
<literal name="tmp_11" val="0"/>
<literal name="tmp_12" val="0"/>
<literal name="tmp_13" val="0"/>
<literal name="tmp_14" val="0"/>
<literal name="tmp_15" val="1"/>
</and_exp></or_exp>
</condition>
</dataflow>
<dataflow id="242" from="br_ln13" to="phi_ln25" fromId="32" toId="38">
</dataflow>
<dataflow id="244" from="StgValue_243" to="phi_ln25" fromId="243" toId="38">
<condition id="-1">
<or_exp><and_exp><literal name="tmp" val="0"/>
<literal name="tmp_3" val="0"/>
<literal name="tmp_4" val="0"/>
<literal name="tmp_5" val="0"/>
<literal name="tmp_6" val="0"/>
<literal name="tmp_7" val="0"/>
<literal name="tmp_8" val="0"/>
<literal name="tmp_9" val="0"/>
<literal name="tmp_10" val="0"/>
<literal name="tmp_11" val="0"/>
<literal name="tmp_12" val="0"/>
<literal name="tmp_13" val="0"/>
<literal name="tmp_14" val="0"/>
<literal name="tmp_15" val="0"/>
<literal name="tmp_16" val="1"/>
</and_exp></or_exp>
</condition>
</dataflow>
<dataflow id="245" from="br_ln13" to="phi_ln25" fromId="34" toId="38">
</dataflow>
<dataflow id="246" from="select_ln13" to="phi_ln25" fromId="36" toId="38">
<condition id="-1">
<or_exp><and_exp><literal name="tmp" val="0"/>
<literal name="tmp_3" val="0"/>
<literal name="tmp_4" val="0"/>
<literal name="tmp_5" val="0"/>
<literal name="tmp_6" val="0"/>
<literal name="tmp_7" val="0"/>
<literal name="tmp_8" val="0"/>
<literal name="tmp_9" val="0"/>
<literal name="tmp_10" val="0"/>
<literal name="tmp_11" val="0"/>
<literal name="tmp_12" val="0"/>
<literal name="tmp_13" val="0"/>
<literal name="tmp_14" val="0"/>
<literal name="tmp_15" val="0"/>
<literal name="tmp_16" val="0"/>
</and_exp></or_exp>
</condition>
</dataflow>
<dataflow id="247" from="br_ln13" to="phi_ln25" fromId="37" toId="38">
</dataflow>
<dataflow id="249" from="StgValue_248" to="flagu_0" fromId="248" toId="39">
<condition id="-1">
<or_exp><and_exp><literal name="tmp" val="1"/>
</and_exp></or_exp>
</condition>
</dataflow>
<dataflow id="250" from="br_ln13" to="flagu_0" fromId="6" toId="39">
</dataflow>
<dataflow id="251" from="StgValue_248" to="flagu_0" fromId="248" toId="39">
<condition id="-1">
<or_exp><and_exp><literal name="tmp" val="0"/>
<literal name="tmp_3" val="1"/>
</and_exp></or_exp>
</condition>
</dataflow>
<dataflow id="252" from="br_ln13" to="flagu_0" fromId="8" toId="39">
</dataflow>
<dataflow id="253" from="StgValue_248" to="flagu_0" fromId="248" toId="39">
<condition id="-1">
<or_exp><and_exp><literal name="tmp" val="0"/>
<literal name="tmp_3" val="0"/>
<literal name="tmp_4" val="1"/>
</and_exp></or_exp>
</condition>
</dataflow>
<dataflow id="254" from="br_ln13" to="flagu_0" fromId="10" toId="39">
</dataflow>
<dataflow id="255" from="StgValue_248" to="flagu_0" fromId="248" toId="39">
<condition id="-1">
<or_exp><and_exp><literal name="tmp" val="0"/>
<literal name="tmp_3" val="0"/>
<literal name="tmp_4" val="0"/>
<literal name="tmp_5" val="1"/>
</and_exp></or_exp>
</condition>
</dataflow>
<dataflow id="256" from="br_ln13" to="flagu_0" fromId="12" toId="39">
</dataflow>
<dataflow id="257" from="StgValue_248" to="flagu_0" fromId="248" toId="39">
<condition id="-1">
<or_exp><and_exp><literal name="tmp" val="0"/>
<literal name="tmp_3" val="0"/>
<literal name="tmp_4" val="0"/>
<literal name="tmp_5" val="0"/>
<literal name="tmp_6" val="1"/>
</and_exp></or_exp>
</condition>
</dataflow>
<dataflow id="258" from="br_ln13" to="flagu_0" fromId="14" toId="39">
</dataflow>
<dataflow id="259" from="StgValue_248" to="flagu_0" fromId="248" toId="39">
<condition id="-1">
<or_exp><and_exp><literal name="tmp" val="0"/>
<literal name="tmp_3" val="0"/>
<literal name="tmp_4" val="0"/>
<literal name="tmp_5" val="0"/>
<literal name="tmp_6" val="0"/>
<literal name="tmp_7" val="1"/>
</and_exp></or_exp>
</condition>
</dataflow>
<dataflow id="260" from="br_ln13" to="flagu_0" fromId="16" toId="39">
</dataflow>
<dataflow id="261" from="StgValue_248" to="flagu_0" fromId="248" toId="39">
<condition id="-1">
<or_exp><and_exp><literal name="tmp" val="0"/>
<literal name="tmp_3" val="0"/>
<literal name="tmp_4" val="0"/>
<literal name="tmp_5" val="0"/>
<literal name="tmp_6" val="0"/>
<literal name="tmp_7" val="0"/>
<literal name="tmp_8" val="1"/>
</and_exp></or_exp>
</condition>
</dataflow>
<dataflow id="262" from="br_ln13" to="flagu_0" fromId="18" toId="39">
</dataflow>
<dataflow id="263" from="StgValue_248" to="flagu_0" fromId="248" toId="39">
<condition id="-1">
<or_exp><and_exp><literal name="tmp" val="0"/>
<literal name="tmp_3" val="0"/>
<literal name="tmp_4" val="0"/>
<literal name="tmp_5" val="0"/>
<literal name="tmp_6" val="0"/>
<literal name="tmp_7" val="0"/>
<literal name="tmp_8" val="0"/>
<literal name="tmp_9" val="1"/>
</and_exp></or_exp>
</condition>
</dataflow>
<dataflow id="264" from="br_ln13" to="flagu_0" fromId="20" toId="39">
</dataflow>
<dataflow id="265" from="StgValue_248" to="flagu_0" fromId="248" toId="39">
<condition id="-1">
<or_exp><and_exp><literal name="tmp" val="0"/>
<literal name="tmp_3" val="0"/>
<literal name="tmp_4" val="0"/>
<literal name="tmp_5" val="0"/>
<literal name="tmp_6" val="0"/>
<literal name="tmp_7" val="0"/>
<literal name="tmp_8" val="0"/>
<literal name="tmp_9" val="0"/>
<literal name="tmp_10" val="1"/>
</and_exp></or_exp>
</condition>
</dataflow>
<dataflow id="266" from="br_ln13" to="flagu_0" fromId="22" toId="39">
</dataflow>
<dataflow id="267" from="StgValue_248" to="flagu_0" fromId="248" toId="39">
<condition id="-1">
<or_exp><and_exp><literal name="tmp" val="0"/>
<literal name="tmp_3" val="0"/>
<literal name="tmp_4" val="0"/>
<literal name="tmp_5" val="0"/>
<literal name="tmp_6" val="0"/>
<literal name="tmp_7" val="0"/>
<literal name="tmp_8" val="0"/>
<literal name="tmp_9" val="0"/>
<literal name="tmp_10" val="0"/>
<literal name="tmp_11" val="1"/>
</and_exp></or_exp>
</condition>
</dataflow>
<dataflow id="268" from="br_ln13" to="flagu_0" fromId="24" toId="39">
</dataflow>
<dataflow id="269" from="StgValue_248" to="flagu_0" fromId="248" toId="39">
<condition id="-1">
<or_exp><and_exp><literal name="tmp" val="0"/>
<literal name="tmp_3" val="0"/>
<literal name="tmp_4" val="0"/>
<literal name="tmp_5" val="0"/>
<literal name="tmp_6" val="0"/>
<literal name="tmp_7" val="0"/>
<literal name="tmp_8" val="0"/>
<literal name="tmp_9" val="0"/>
<literal name="tmp_10" val="0"/>
<literal name="tmp_11" val="0"/>
<literal name="tmp_12" val="1"/>
</and_exp></or_exp>
</condition>
</dataflow>
<dataflow id="270" from="br_ln13" to="flagu_0" fromId="26" toId="39">
</dataflow>
<dataflow id="271" from="StgValue_248" to="flagu_0" fromId="248" toId="39">
<condition id="-1">
<or_exp><and_exp><literal name="tmp" val="0"/>
<literal name="tmp_3" val="0"/>
<literal name="tmp_4" val="0"/>
<literal name="tmp_5" val="0"/>
<literal name="tmp_6" val="0"/>
<literal name="tmp_7" val="0"/>
<literal name="tmp_8" val="0"/>
<literal name="tmp_9" val="0"/>
<literal name="tmp_10" val="0"/>
<literal name="tmp_11" val="0"/>
<literal name="tmp_12" val="0"/>
<literal name="tmp_13" val="1"/>
</and_exp></or_exp>
</condition>
</dataflow>
<dataflow id="272" from="br_ln13" to="flagu_0" fromId="28" toId="39">
</dataflow>
<dataflow id="273" from="StgValue_248" to="flagu_0" fromId="248" toId="39">
<condition id="-1">
<or_exp><and_exp><literal name="tmp" val="0"/>
<literal name="tmp_3" val="0"/>
<literal name="tmp_4" val="0"/>
<literal name="tmp_5" val="0"/>
<literal name="tmp_6" val="0"/>
<literal name="tmp_7" val="0"/>
<literal name="tmp_8" val="0"/>
<literal name="tmp_9" val="0"/>
<literal name="tmp_10" val="0"/>
<literal name="tmp_11" val="0"/>
<literal name="tmp_12" val="0"/>
<literal name="tmp_13" val="0"/>
<literal name="tmp_14" val="1"/>
</and_exp></or_exp>
</condition>
</dataflow>
<dataflow id="274" from="br_ln13" to="flagu_0" fromId="30" toId="39">
</dataflow>
<dataflow id="275" from="StgValue_248" to="flagu_0" fromId="248" toId="39">
<condition id="-1">
<or_exp><and_exp><literal name="tmp" val="0"/>
<literal name="tmp_3" val="0"/>
<literal name="tmp_4" val="0"/>
<literal name="tmp_5" val="0"/>
<literal name="tmp_6" val="0"/>
<literal name="tmp_7" val="0"/>
<literal name="tmp_8" val="0"/>
<literal name="tmp_9" val="0"/>
<literal name="tmp_10" val="0"/>
<literal name="tmp_11" val="0"/>
<literal name="tmp_12" val="0"/>
<literal name="tmp_13" val="0"/>
<literal name="tmp_14" val="0"/>
<literal name="tmp_15" val="1"/>
</and_exp></or_exp>
</condition>
</dataflow>
<dataflow id="276" from="br_ln13" to="flagu_0" fromId="32" toId="39">
</dataflow>
<dataflow id="277" from="StgValue_248" to="flagu_0" fromId="248" toId="39">
<condition id="-1">
<or_exp><and_exp><literal name="tmp" val="0"/>
<literal name="tmp_3" val="0"/>
<literal name="tmp_4" val="0"/>
<literal name="tmp_5" val="0"/>
<literal name="tmp_6" val="0"/>
<literal name="tmp_7" val="0"/>
<literal name="tmp_8" val="0"/>
<literal name="tmp_9" val="0"/>
<literal name="tmp_10" val="0"/>
<literal name="tmp_11" val="0"/>
<literal name="tmp_12" val="0"/>
<literal name="tmp_13" val="0"/>
<literal name="tmp_14" val="0"/>
<literal name="tmp_15" val="0"/>
<literal name="tmp_16" val="1"/>
</and_exp></or_exp>
</condition>
</dataflow>
<dataflow id="278" from="br_ln13" to="flagu_0" fromId="34" toId="39">
</dataflow>
<dataflow id="279" from="tmp_17" to="flagu_0" fromId="35" toId="39">
<condition id="-1">
<or_exp><and_exp><literal name="tmp" val="0"/>
<literal name="tmp_3" val="0"/>
<literal name="tmp_4" val="0"/>
<literal name="tmp_5" val="0"/>
<literal name="tmp_6" val="0"/>
<literal name="tmp_7" val="0"/>
<literal name="tmp_8" val="0"/>
<literal name="tmp_9" val="0"/>
<literal name="tmp_10" val="0"/>
<literal name="tmp_11" val="0"/>
<literal name="tmp_12" val="0"/>
<literal name="tmp_13" val="0"/>
<literal name="tmp_14" val="0"/>
<literal name="tmp_15" val="0"/>
<literal name="tmp_16" val="0"/>
</and_exp></or_exp>
</condition>
</dataflow>
<dataflow id="280" from="br_ln13" to="flagu_0" fromId="37" toId="39">
</dataflow>
<dataflow id="281" from="_ssdm_op_BitSelect.i1.i32.i32" to="tmp_18" fromId="116" toId="40">
</dataflow>
<dataflow id="282" from="din_V_read" to="tmp_18" fromId="4" toId="40">
</dataflow>
<dataflow id="284" from="StgValue_283" to="tmp_18" fromId="283" toId="40">
</dataflow>
<dataflow id="285" from="tmp_18" to="br_ln20" fromId="40" toId="41">
</dataflow>
<dataflow id="286" from="_ssdm_op_BitSelect.i1.i32.i32" to="tmp_19" fromId="116" toId="42">
</dataflow>
<dataflow id="287" from="din_V_read" to="tmp_19" fromId="4" toId="42">
</dataflow>
<dataflow id="289" from="StgValue_288" to="tmp_19" fromId="288" toId="42">
</dataflow>
<dataflow id="290" from="tmp_19" to="br_ln20" fromId="42" toId="43">
</dataflow>
<dataflow id="291" from="_ssdm_op_BitSelect.i1.i32.i32" to="tmp_20" fromId="116" toId="44">
</dataflow>
<dataflow id="292" from="din_V_read" to="tmp_20" fromId="4" toId="44">
</dataflow>
<dataflow id="294" from="StgValue_293" to="tmp_20" fromId="293" toId="44">
</dataflow>
<dataflow id="295" from="tmp_20" to="br_ln20" fromId="44" toId="45">
</dataflow>
<dataflow id="296" from="_ssdm_op_BitSelect.i1.i32.i32" to="tmp_21" fromId="116" toId="46">
</dataflow>
<dataflow id="297" from="din_V_read" to="tmp_21" fromId="4" toId="46">
</dataflow>
<dataflow id="299" from="StgValue_298" to="tmp_21" fromId="298" toId="46">
</dataflow>
<dataflow id="300" from="tmp_21" to="br_ln20" fromId="46" toId="47">
</dataflow>
<dataflow id="301" from="_ssdm_op_BitSelect.i1.i32.i32" to="tmp_22" fromId="116" toId="48">
</dataflow>
<dataflow id="302" from="din_V_read" to="tmp_22" fromId="4" toId="48">
</dataflow>
<dataflow id="304" from="StgValue_303" to="tmp_22" fromId="303" toId="48">
</dataflow>
<dataflow id="305" from="tmp_22" to="br_ln20" fromId="48" toId="49">
</dataflow>
<dataflow id="306" from="_ssdm_op_BitSelect.i1.i32.i32" to="tmp_23" fromId="116" toId="50">
</dataflow>
<dataflow id="307" from="din_V_read" to="tmp_23" fromId="4" toId="50">
</dataflow>
<dataflow id="309" from="StgValue_308" to="tmp_23" fromId="308" toId="50">
</dataflow>
<dataflow id="310" from="tmp_23" to="br_ln20" fromId="50" toId="51">
</dataflow>
<dataflow id="311" from="_ssdm_op_BitSelect.i1.i32.i32" to="tmp_24" fromId="116" toId="52">
</dataflow>
<dataflow id="312" from="din_V_read" to="tmp_24" fromId="4" toId="52">
</dataflow>
<dataflow id="314" from="StgValue_313" to="tmp_24" fromId="313" toId="52">
</dataflow>
<dataflow id="315" from="tmp_24" to="br_ln20" fromId="52" toId="53">
</dataflow>
<dataflow id="316" from="_ssdm_op_BitSelect.i1.i32.i32" to="tmp_25" fromId="116" toId="54">
</dataflow>
<dataflow id="317" from="din_V_read" to="tmp_25" fromId="4" toId="54">
</dataflow>
<dataflow id="319" from="StgValue_318" to="tmp_25" fromId="318" toId="54">
</dataflow>
<dataflow id="320" from="tmp_25" to="br_ln20" fromId="54" toId="55">
</dataflow>
<dataflow id="321" from="_ssdm_op_BitSelect.i1.i32.i32" to="tmp_26" fromId="116" toId="56">
</dataflow>
<dataflow id="322" from="din_V_read" to="tmp_26" fromId="4" toId="56">
</dataflow>
<dataflow id="324" from="StgValue_323" to="tmp_26" fromId="323" toId="56">
</dataflow>
<dataflow id="325" from="tmp_26" to="br_ln20" fromId="56" toId="57">
</dataflow>
<dataflow id="326" from="_ssdm_op_BitSelect.i1.i32.i32" to="tmp_27" fromId="116" toId="58">
</dataflow>
<dataflow id="327" from="din_V_read" to="tmp_27" fromId="4" toId="58">
</dataflow>
<dataflow id="329" from="StgValue_328" to="tmp_27" fromId="328" toId="58">
</dataflow>
<dataflow id="330" from="tmp_27" to="br_ln20" fromId="58" toId="59">
</dataflow>
<dataflow id="331" from="_ssdm_op_BitSelect.i1.i32.i32" to="tmp_28" fromId="116" toId="60">
</dataflow>
<dataflow id="332" from="din_V_read" to="tmp_28" fromId="4" toId="60">
</dataflow>
<dataflow id="334" from="StgValue_333" to="tmp_28" fromId="333" toId="60">
</dataflow>
<dataflow id="335" from="tmp_28" to="br_ln20" fromId="60" toId="61">
</dataflow>
<dataflow id="336" from="_ssdm_op_BitSelect.i1.i32.i32" to="tmp_29" fromId="116" toId="62">
</dataflow>
<dataflow id="337" from="din_V_read" to="tmp_29" fromId="4" toId="62">
</dataflow>
<dataflow id="339" from="StgValue_338" to="tmp_29" fromId="338" toId="62">
</dataflow>
<dataflow id="340" from="tmp_29" to="br_ln20" fromId="62" toId="63">
</dataflow>
<dataflow id="341" from="_ssdm_op_BitSelect.i1.i32.i32" to="tmp_30" fromId="116" toId="64">
</dataflow>
<dataflow id="342" from="din_V_read" to="tmp_30" fromId="4" toId="64">
</dataflow>
<dataflow id="344" from="StgValue_343" to="tmp_30" fromId="343" toId="64">
</dataflow>
<dataflow id="345" from="tmp_30" to="br_ln20" fromId="64" toId="65">
</dataflow>
<dataflow id="346" from="_ssdm_op_BitSelect.i1.i32.i32" to="tmp_31" fromId="116" toId="66">
</dataflow>
<dataflow id="347" from="din_V_read" to="tmp_31" fromId="4" toId="66">
</dataflow>
<dataflow id="349" from="StgValue_348" to="tmp_31" fromId="348" toId="66">
</dataflow>
<dataflow id="350" from="tmp_31" to="br_ln20" fromId="66" toId="67">
</dataflow>
<dataflow id="351" from="_ssdm_op_BitSelect.i1.i32.i32" to="tmp_32" fromId="116" toId="68">
</dataflow>
<dataflow id="352" from="din_V_read" to="tmp_32" fromId="4" toId="68">
</dataflow>
<dataflow id="354" from="StgValue_353" to="tmp_32" fromId="353" toId="68">
</dataflow>
<dataflow id="355" from="din_V_read" to="trunc_ln791" fromId="4" toId="69">
</dataflow>
<dataflow id="356" from="tmp_32" to="zext_ln20" fromId="68" toId="70">
</dataflow>
<dataflow id="357" from="trunc_ln791" to="or_ln20" fromId="69" toId="71">
</dataflow>
<dataflow id="358" from="tmp_32" to="or_ln20" fromId="68" toId="71">
</dataflow>
<dataflow id="360" from="StgValue_359" to="phi_ln25_1" fromId="359" toId="73">
<condition id="-1">
<or_exp><and_exp><literal name="tmp_18" val="1"/>
</and_exp></or_exp>
</condition>
</dataflow>
<dataflow id="361" from="br_ln20" to="phi_ln25_1" fromId="41" toId="73">
</dataflow>
<dataflow id="363" from="StgValue_362" to="phi_ln25_1" fromId="362" toId="73">
<condition id="-1">
<or_exp><and_exp><literal name="tmp_18" val="0"/>
<literal name="tmp_19" val="1"/>
</and_exp></or_exp>
</condition>
</dataflow>
<dataflow id="364" from="br_ln20" to="phi_ln25_1" fromId="43" toId="73">
</dataflow>
<dataflow id="366" from="StgValue_365" to="phi_ln25_1" fromId="365" toId="73">
<condition id="-1">
<or_exp><and_exp><literal name="tmp_18" val="0"/>
<literal name="tmp_19" val="0"/>
<literal name="tmp_20" val="1"/>
</and_exp></or_exp>
</condition>
</dataflow>
<dataflow id="367" from="br_ln20" to="phi_ln25_1" fromId="45" toId="73">
</dataflow>
<dataflow id="369" from="StgValue_368" to="phi_ln25_1" fromId="368" toId="73">
<condition id="-1">
<or_exp><and_exp><literal name="tmp_18" val="0"/>
<literal name="tmp_19" val="0"/>
<literal name="tmp_20" val="0"/>
<literal name="tmp_21" val="1"/>
</and_exp></or_exp>
</condition>
</dataflow>
<dataflow id="370" from="br_ln20" to="phi_ln25_1" fromId="47" toId="73">
</dataflow>
<dataflow id="372" from="StgValue_371" to="phi_ln25_1" fromId="371" toId="73">
<condition id="-1">
<or_exp><and_exp><literal name="tmp_18" val="0"/>
<literal name="tmp_19" val="0"/>
<literal name="tmp_20" val="0"/>
<literal name="tmp_21" val="0"/>
<literal name="tmp_22" val="1"/>
</and_exp></or_exp>
</condition>
</dataflow>
<dataflow id="373" from="br_ln20" to="phi_ln25_1" fromId="49" toId="73">
</dataflow>
<dataflow id="375" from="StgValue_374" to="phi_ln25_1" fromId="374" toId="73">
<condition id="-1">
<or_exp><and_exp><literal name="tmp_18" val="0"/>
<literal name="tmp_19" val="0"/>
<literal name="tmp_20" val="0"/>
<literal name="tmp_21" val="0"/>
<literal name="tmp_22" val="0"/>
<literal name="tmp_23" val="1"/>
</and_exp></or_exp>
</condition>
</dataflow>
<dataflow id="376" from="br_ln20" to="phi_ln25_1" fromId="51" toId="73">
</dataflow>
<dataflow id="378" from="StgValue_377" to="phi_ln25_1" fromId="377" toId="73">
<condition id="-1">
<or_exp><and_exp><literal name="tmp_18" val="0"/>
<literal name="tmp_19" val="0"/>
<literal name="tmp_20" val="0"/>
<literal name="tmp_21" val="0"/>
<literal name="tmp_22" val="0"/>
<literal name="tmp_23" val="0"/>
<literal name="tmp_24" val="1"/>
</and_exp></or_exp>
</condition>
</dataflow>
<dataflow id="379" from="br_ln20" to="phi_ln25_1" fromId="53" toId="73">
</dataflow>
<dataflow id="381" from="StgValue_380" to="phi_ln25_1" fromId="380" toId="73">
<condition id="-1">
<or_exp><and_exp><literal name="tmp_18" val="0"/>
<literal name="tmp_19" val="0"/>
<literal name="tmp_20" val="0"/>
<literal name="tmp_21" val="0"/>
<literal name="tmp_22" val="0"/>
<literal name="tmp_23" val="0"/>
<literal name="tmp_24" val="0"/>
<literal name="tmp_25" val="1"/>
</and_exp></or_exp>
</condition>
</dataflow>
<dataflow id="382" from="br_ln20" to="phi_ln25_1" fromId="55" toId="73">
</dataflow>
<dataflow id="384" from="StgValue_383" to="phi_ln25_1" fromId="383" toId="73">
<condition id="-1">
<or_exp><and_exp><literal name="tmp_18" val="0"/>
<literal name="tmp_19" val="0"/>
<literal name="tmp_20" val="0"/>
<literal name="tmp_21" val="0"/>
<literal name="tmp_22" val="0"/>
<literal name="tmp_23" val="0"/>
<literal name="tmp_24" val="0"/>
<literal name="tmp_25" val="0"/>
<literal name="tmp_26" val="1"/>
</and_exp></or_exp>
</condition>
</dataflow>
<dataflow id="385" from="br_ln20" to="phi_ln25_1" fromId="57" toId="73">
</dataflow>
<dataflow id="387" from="StgValue_386" to="phi_ln25_1" fromId="386" toId="73">
<condition id="-1">
<or_exp><and_exp><literal name="tmp_18" val="0"/>
<literal name="tmp_19" val="0"/>
<literal name="tmp_20" val="0"/>
<literal name="tmp_21" val="0"/>
<literal name="tmp_22" val="0"/>
<literal name="tmp_23" val="0"/>
<literal name="tmp_24" val="0"/>
<literal name="tmp_25" val="0"/>
<literal name="tmp_26" val="0"/>
<literal name="tmp_27" val="1"/>
</and_exp></or_exp>
</condition>
</dataflow>
<dataflow id="388" from="br_ln20" to="phi_ln25_1" fromId="59" toId="73">
</dataflow>
<dataflow id="390" from="StgValue_389" to="phi_ln25_1" fromId="389" toId="73">
<condition id="-1">
<or_exp><and_exp><literal name="tmp_18" val="0"/>
<literal name="tmp_19" val="0"/>
<literal name="tmp_20" val="0"/>
<literal name="tmp_21" val="0"/>
<literal name="tmp_22" val="0"/>
<literal name="tmp_23" val="0"/>
<literal name="tmp_24" val="0"/>
<literal name="tmp_25" val="0"/>
<literal name="tmp_26" val="0"/>
<literal name="tmp_27" val="0"/>
<literal name="tmp_28" val="1"/>
</and_exp></or_exp>
</condition>
</dataflow>
<dataflow id="391" from="br_ln20" to="phi_ln25_1" fromId="61" toId="73">
</dataflow>
<dataflow id="393" from="StgValue_392" to="phi_ln25_1" fromId="392" toId="73">
<condition id="-1">
<or_exp><and_exp><literal name="tmp_18" val="0"/>
<literal name="tmp_19" val="0"/>
<literal name="tmp_20" val="0"/>
<literal name="tmp_21" val="0"/>
<literal name="tmp_22" val="0"/>
<literal name="tmp_23" val="0"/>
<literal name="tmp_24" val="0"/>
<literal name="tmp_25" val="0"/>
<literal name="tmp_26" val="0"/>
<literal name="tmp_27" val="0"/>
<literal name="tmp_28" val="0"/>
<literal name="tmp_29" val="1"/>
</and_exp></or_exp>
</condition>
</dataflow>
<dataflow id="394" from="br_ln20" to="phi_ln25_1" fromId="63" toId="73">
</dataflow>
<dataflow id="396" from="StgValue_395" to="phi_ln25_1" fromId="395" toId="73">
<condition id="-1">
<or_exp><and_exp><literal name="tmp_18" val="0"/>
<literal name="tmp_19" val="0"/>
<literal name="tmp_20" val="0"/>
<literal name="tmp_21" val="0"/>
<literal name="tmp_22" val="0"/>
<literal name="tmp_23" val="0"/>
<literal name="tmp_24" val="0"/>
<literal name="tmp_25" val="0"/>
<literal name="tmp_26" val="0"/>
<literal name="tmp_27" val="0"/>
<literal name="tmp_28" val="0"/>
<literal name="tmp_29" val="0"/>
<literal name="tmp_30" val="1"/>
</and_exp></or_exp>
</condition>
</dataflow>
<dataflow id="397" from="br_ln20" to="phi_ln25_1" fromId="65" toId="73">
</dataflow>
<dataflow id="399" from="StgValue_398" to="phi_ln25_1" fromId="398" toId="73">
<condition id="-1">
<or_exp><and_exp><literal name="tmp_18" val="0"/>
<literal name="tmp_19" val="0"/>
<literal name="tmp_20" val="0"/>
<literal name="tmp_21" val="0"/>
<literal name="tmp_22" val="0"/>
<literal name="tmp_23" val="0"/>
<literal name="tmp_24" val="0"/>
<literal name="tmp_25" val="0"/>
<literal name="tmp_26" val="0"/>
<literal name="tmp_27" val="0"/>
<literal name="tmp_28" val="0"/>
<literal name="tmp_29" val="0"/>
<literal name="tmp_30" val="0"/>
<literal name="tmp_31" val="1"/>
</and_exp></or_exp>
</condition>
</dataflow>
<dataflow id="400" from="br_ln20" to="phi_ln25_1" fromId="67" toId="73">
</dataflow>
<dataflow id="401" from="zext_ln20" to="phi_ln25_1" fromId="70" toId="73">
<condition id="-1">
<or_exp><and_exp><literal name="tmp_18" val="0"/>
<literal name="tmp_19" val="0"/>
<literal name="tmp_20" val="0"/>
<literal name="tmp_21" val="0"/>
<literal name="tmp_22" val="0"/>
<literal name="tmp_23" val="0"/>
<literal name="tmp_24" val="0"/>
<literal name="tmp_25" val="0"/>
<literal name="tmp_26" val="0"/>
<literal name="tmp_27" val="0"/>
<literal name="tmp_28" val="0"/>
<literal name="tmp_29" val="0"/>
<literal name="tmp_30" val="0"/>
<literal name="tmp_31" val="0"/>
</and_exp></or_exp>
</condition>
</dataflow>
<dataflow id="402" from="br_ln20" to="phi_ln25_1" fromId="72" toId="73">
</dataflow>
<dataflow id="403" from="StgValue_248" to="flagl_0" fromId="248" toId="74">
<condition id="-1">
<or_exp><and_exp><literal name="tmp_18" val="1"/>
</and_exp></or_exp>
</condition>
</dataflow>
<dataflow id="404" from="br_ln20" to="flagl_0" fromId="41" toId="74">
</dataflow>
<dataflow id="405" from="StgValue_248" to="flagl_0" fromId="248" toId="74">
<condition id="-1">
<or_exp><and_exp><literal name="tmp_18" val="0"/>
<literal name="tmp_19" val="1"/>
</and_exp></or_exp>
</condition>
</dataflow>
<dataflow id="406" from="br_ln20" to="flagl_0" fromId="43" toId="74">
</dataflow>
<dataflow id="407" from="StgValue_248" to="flagl_0" fromId="248" toId="74">
<condition id="-1">
<or_exp><and_exp><literal name="tmp_18" val="0"/>
<literal name="tmp_19" val="0"/>
<literal name="tmp_20" val="1"/>
</and_exp></or_exp>
</condition>
</dataflow>
<dataflow id="408" from="br_ln20" to="flagl_0" fromId="45" toId="74">
</dataflow>
<dataflow id="409" from="StgValue_248" to="flagl_0" fromId="248" toId="74">
<condition id="-1">
<or_exp><and_exp><literal name="tmp_18" val="0"/>
<literal name="tmp_19" val="0"/>
<literal name="tmp_20" val="0"/>
<literal name="tmp_21" val="1"/>
</and_exp></or_exp>
</condition>
</dataflow>
<dataflow id="410" from="br_ln20" to="flagl_0" fromId="47" toId="74">
</dataflow>
<dataflow id="411" from="StgValue_248" to="flagl_0" fromId="248" toId="74">
<condition id="-1">
<or_exp><and_exp><literal name="tmp_18" val="0"/>
<literal name="tmp_19" val="0"/>
<literal name="tmp_20" val="0"/>
<literal name="tmp_21" val="0"/>
<literal name="tmp_22" val="1"/>
</and_exp></or_exp>
</condition>
</dataflow>
<dataflow id="412" from="br_ln20" to="flagl_0" fromId="49" toId="74">
</dataflow>
<dataflow id="413" from="StgValue_248" to="flagl_0" fromId="248" toId="74">
<condition id="-1">
<or_exp><and_exp><literal name="tmp_18" val="0"/>
<literal name="tmp_19" val="0"/>
<literal name="tmp_20" val="0"/>
<literal name="tmp_21" val="0"/>
<literal name="tmp_22" val="0"/>
<literal name="tmp_23" val="1"/>
</and_exp></or_exp>
</condition>
</dataflow>
<dataflow id="414" from="br_ln20" to="flagl_0" fromId="51" toId="74">
</dataflow>
<dataflow id="415" from="StgValue_248" to="flagl_0" fromId="248" toId="74">
<condition id="-1">
<or_exp><and_exp><literal name="tmp_18" val="0"/>
<literal name="tmp_19" val="0"/>
<literal name="tmp_20" val="0"/>
<literal name="tmp_21" val="0"/>
<literal name="tmp_22" val="0"/>
<literal name="tmp_23" val="0"/>
<literal name="tmp_24" val="1"/>
</and_exp></or_exp>
</condition>
</dataflow>
<dataflow id="416" from="br_ln20" to="flagl_0" fromId="53" toId="74">
</dataflow>
<dataflow id="417" from="StgValue_248" to="flagl_0" fromId="248" toId="74">
<condition id="-1">
<or_exp><and_exp><literal name="tmp_18" val="0"/>
<literal name="tmp_19" val="0"/>
<literal name="tmp_20" val="0"/>
<literal name="tmp_21" val="0"/>
<literal name="tmp_22" val="0"/>
<literal name="tmp_23" val="0"/>
<literal name="tmp_24" val="0"/>
<literal name="tmp_25" val="1"/>
</and_exp></or_exp>
</condition>
</dataflow>
<dataflow id="418" from="br_ln20" to="flagl_0" fromId="55" toId="74">
</dataflow>
<dataflow id="419" from="StgValue_248" to="flagl_0" fromId="248" toId="74">
<condition id="-1">
<or_exp><and_exp><literal name="tmp_18" val="0"/>
<literal name="tmp_19" val="0"/>
<literal name="tmp_20" val="0"/>
<literal name="tmp_21" val="0"/>
<literal name="tmp_22" val="0"/>
<literal name="tmp_23" val="0"/>
<literal name="tmp_24" val="0"/>
<literal name="tmp_25" val="0"/>
<literal name="tmp_26" val="1"/>
</and_exp></or_exp>
</condition>
</dataflow>
<dataflow id="420" from="br_ln20" to="flagl_0" fromId="57" toId="74">
</dataflow>
<dataflow id="421" from="StgValue_248" to="flagl_0" fromId="248" toId="74">
<condition id="-1">
<or_exp><and_exp><literal name="tmp_18" val="0"/>
<literal name="tmp_19" val="0"/>
<literal name="tmp_20" val="0"/>
<literal name="tmp_21" val="0"/>
<literal name="tmp_22" val="0"/>
<literal name="tmp_23" val="0"/>
<literal name="tmp_24" val="0"/>
<literal name="tmp_25" val="0"/>
<literal name="tmp_26" val="0"/>
<literal name="tmp_27" val="1"/>
</and_exp></or_exp>
</condition>
</dataflow>
<dataflow id="422" from="br_ln20" to="flagl_0" fromId="59" toId="74">
</dataflow>
<dataflow id="423" from="StgValue_248" to="flagl_0" fromId="248" toId="74">
<condition id="-1">
<or_exp><and_exp><literal name="tmp_18" val="0"/>
<literal name="tmp_19" val="0"/>
<literal name="tmp_20" val="0"/>
<literal name="tmp_21" val="0"/>
<literal name="tmp_22" val="0"/>
<literal name="tmp_23" val="0"/>
<literal name="tmp_24" val="0"/>
<literal name="tmp_25" val="0"/>
<literal name="tmp_26" val="0"/>
<literal name="tmp_27" val="0"/>
<literal name="tmp_28" val="1"/>
</and_exp></or_exp>
</condition>
</dataflow>
<dataflow id="424" from="br_ln20" to="flagl_0" fromId="61" toId="74">
</dataflow>
<dataflow id="425" from="StgValue_248" to="flagl_0" fromId="248" toId="74">
<condition id="-1">
<or_exp><and_exp><literal name="tmp_18" val="0"/>
<literal name="tmp_19" val="0"/>
<literal name="tmp_20" val="0"/>
<literal name="tmp_21" val="0"/>
<literal name="tmp_22" val="0"/>
<literal name="tmp_23" val="0"/>
<literal name="tmp_24" val="0"/>
<literal name="tmp_25" val="0"/>
<literal name="tmp_26" val="0"/>
<literal name="tmp_27" val="0"/>
<literal name="tmp_28" val="0"/>
<literal name="tmp_29" val="1"/>
</and_exp></or_exp>
</condition>
</dataflow>
<dataflow id="426" from="br_ln20" to="flagl_0" fromId="63" toId="74">
</dataflow>
<dataflow id="427" from="StgValue_248" to="flagl_0" fromId="248" toId="74">
<condition id="-1">
<or_exp><and_exp><literal name="tmp_18" val="0"/>
<literal name="tmp_19" val="0"/>
<literal name="tmp_20" val="0"/>
<literal name="tmp_21" val="0"/>
<literal name="tmp_22" val="0"/>
<literal name="tmp_23" val="0"/>
<literal name="tmp_24" val="0"/>
<literal name="tmp_25" val="0"/>
<literal name="tmp_26" val="0"/>
<literal name="tmp_27" val="0"/>
<literal name="tmp_28" val="0"/>
<literal name="tmp_29" val="0"/>
<literal name="tmp_30" val="1"/>
</and_exp></or_exp>
</condition>
</dataflow>
<dataflow id="428" from="br_ln20" to="flagl_0" fromId="65" toId="74">
</dataflow>
<dataflow id="429" from="StgValue_248" to="flagl_0" fromId="248" toId="74">
<condition id="-1">
<or_exp><and_exp><literal name="tmp_18" val="0"/>
<literal name="tmp_19" val="0"/>
<literal name="tmp_20" val="0"/>
<literal name="tmp_21" val="0"/>
<literal name="tmp_22" val="0"/>
<literal name="tmp_23" val="0"/>
<literal name="tmp_24" val="0"/>
<literal name="tmp_25" val="0"/>
<literal name="tmp_26" val="0"/>
<literal name="tmp_27" val="0"/>
<literal name="tmp_28" val="0"/>
<literal name="tmp_29" val="0"/>
<literal name="tmp_30" val="0"/>
<literal name="tmp_31" val="1"/>
</and_exp></or_exp>
</condition>
</dataflow>
<dataflow id="430" from="br_ln20" to="flagl_0" fromId="67" toId="74">
</dataflow>
<dataflow id="431" from="or_ln20" to="flagl_0" fromId="71" toId="74">
<condition id="-1">
<or_exp><and_exp><literal name="tmp_18" val="0"/>
<literal name="tmp_19" val="0"/>
<literal name="tmp_20" val="0"/>
<literal name="tmp_21" val="0"/>
<literal name="tmp_22" val="0"/>
<literal name="tmp_23" val="0"/>
<literal name="tmp_24" val="0"/>
<literal name="tmp_25" val="0"/>
<literal name="tmp_26" val="0"/>
<literal name="tmp_27" val="0"/>
<literal name="tmp_28" val="0"/>
<literal name="tmp_29" val="0"/>
<literal name="tmp_30" val="0"/>
<literal name="tmp_31" val="0"/>
</and_exp></or_exp>
</condition>
</dataflow>
<dataflow id="432" from="br_ln20" to="flagl_0" fromId="72" toId="74">
</dataflow>
<dataflow id="433" from="phi_ln25_1" to="zext_ln25" fromId="73" toId="75">
</dataflow>
<dataflow id="434" from="flagu_0" to="select_ln25" fromId="39" toId="76">
</dataflow>
<dataflow id="435" from="phi_ln25" to="select_ln25" fromId="38" toId="76">
</dataflow>
<dataflow id="436" from="zext_ln25" to="select_ln25" fromId="75" toId="76">
</dataflow>
<dataflow id="437" from="flagu_0" to="or_ln26" fromId="39" toId="77">
</dataflow>
<dataflow id="438" from="flagl_0" to="or_ln26" fromId="74" toId="77">
</dataflow>
<dataflow id="440" from="StgValue_439" to="mrv" fromId="439" toId="78">
</dataflow>
<dataflow id="441" from="or_ln26" to="mrv" fromId="77" toId="78">
</dataflow>
<dataflow id="442" from="mrv" to="mrv_1" fromId="78" toId="79">
</dataflow>
<dataflow id="443" from="select_ln25" to="mrv_1" fromId="76" toId="79">
</dataflow>
<dataflow id="444" from="mrv_1" to="ret_ln26" fromId="79" toId="80">
</dataflow>
<dataflow id="445" from="tmp" to="StgValue_1" fromId="5" toId="1">
</dataflow>
<dataflow id="446" from="tmp_3" to="StgValue_1" fromId="7" toId="1">
</dataflow>
<dataflow id="447" from="tmp_4" to="StgValue_1" fromId="9" toId="1">
</dataflow>
<dataflow id="448" from="tmp_5" to="StgValue_1" fromId="11" toId="1">
</dataflow>
<dataflow id="449" from="tmp_6" to="StgValue_1" fromId="13" toId="1">
</dataflow>
<dataflow id="450" from="tmp_7" to="StgValue_1" fromId="15" toId="1">
</dataflow>
<dataflow id="451" from="tmp_8" to="StgValue_1" fromId="17" toId="1">
</dataflow>
<dataflow id="452" from="tmp_9" to="StgValue_1" fromId="19" toId="1">
</dataflow>
<dataflow id="453" from="tmp_10" to="StgValue_1" fromId="21" toId="1">
</dataflow>
<dataflow id="454" from="tmp_11" to="StgValue_1" fromId="23" toId="1">
</dataflow>
<dataflow id="455" from="tmp_12" to="StgValue_1" fromId="25" toId="1">
</dataflow>
<dataflow id="456" from="tmp_13" to="StgValue_1" fromId="27" toId="1">
</dataflow>
<dataflow id="457" from="tmp_14" to="StgValue_1" fromId="29" toId="1">
</dataflow>
<dataflow id="458" from="tmp_15" to="StgValue_1" fromId="31" toId="1">
</dataflow>
<dataflow id="459" from="tmp_16" to="StgValue_1" fromId="33" toId="1">
</dataflow>
<dataflow id="460" from="tmp_18" to="StgValue_2" fromId="40" toId="2">
</dataflow>
<dataflow id="461" from="tmp_19" to="StgValue_2" fromId="42" toId="2">
</dataflow>
<dataflow id="462" from="tmp_20" to="StgValue_2" fromId="44" toId="2">
</dataflow>
<dataflow id="463" from="tmp_21" to="StgValue_2" fromId="46" toId="2">
</dataflow>
<dataflow id="464" from="tmp_22" to="StgValue_2" fromId="48" toId="2">
</dataflow>
<dataflow id="465" from="tmp_23" to="StgValue_2" fromId="50" toId="2">
</dataflow>
<dataflow id="466" from="tmp_24" to="StgValue_2" fromId="52" toId="2">
</dataflow>
<dataflow id="467" from="tmp_25" to="StgValue_2" fromId="54" toId="2">
</dataflow>
<dataflow id="468" from="tmp_26" to="StgValue_2" fromId="56" toId="2">
</dataflow>
<dataflow id="469" from="tmp_27" to="StgValue_2" fromId="58" toId="2">
</dataflow>
<dataflow id="470" from="tmp_28" to="StgValue_2" fromId="60" toId="2">
</dataflow>
<dataflow id="471" from="tmp_29" to="StgValue_2" fromId="62" toId="2">
</dataflow>
<dataflow id="472" from="tmp_30" to="StgValue_2" fromId="64" toId="2">
</dataflow>
<dataflow id="473" from="tmp_31" to="StgValue_2" fromId="66" toId="2">
</dataflow>
<dataflow id="474" from="flagu_0" to="StgValue_3" fromId="39" toId="3">
</dataflow>
</dataflows>


</stg>
