<stg><name>leading_ones_log2</name>


<trans_list>

<trans id="36" from="1" to="2">
<condition id="-1">
<or_exp><and_exp></and_exp></or_exp>
</condition>
</trans>
</trans_list>



<state_list>

<state id="1" st_id="1">

<operation id="3" st_id="1" stage="1" lat="1">
<core>NULL</core>
<MemPortIdVec></MemPortIdVec>
<condition id="-1">
<or_exp><and_exp></and_exp></or_exp>
</condition>

<Node id="2" bw="32" op_0_bw="32" op_1_bw="32">
<![CDATA[
_ZrsILi32ELb0EEN11ap_int_baseIXT_EXT0_EE5RTypeIXT_EXT0_EE4arg1ERKS1_i.exit2.0:0  %din_V_read = call i32 @_ssdm_op_Read.ap_auto.i32(i32 %din_V)

]]></Node>
<StgValue><ssdm name="din_V_read"/></StgValue>
</operation>

<operation id="4" st_id="1" stage="1" lat="1">
<core>Cmp</core>
<MemPortIdVec></MemPortIdVec>
<condition id="-1">
<or_exp><and_exp></and_exp></or_exp>
</condition>

<Node id="3" bw="1" op_0_bw="32" op_1_bw="32">
<![CDATA[
_ZrsILi32ELb0EEN11ap_int_baseIXT_EXT0_EE5RTypeIXT_EXT0_EE4arg1ERKS1_i.exit2.0:1  %flag = icmp ne i32 %din_V_read, 0

]]></Node>
<StgValue><ssdm name="flag"/></StgValue>
</operation>

<operation id="5" st_id="1" stage="1" lat="1">
<core>NULL</core>
<MemPortIdVec></MemPortIdVec>
<condition id="-1">
<or_exp><and_exp></and_exp></or_exp>
</condition>

<Node id="4" bw="16" op_0_bw="16" op_1_bw="32" op_2_bw="32" op_3_bw="32">
<![CDATA[
_ZrsILi32ELb0EEN11ap_int_baseIXT_EXT0_EE5RTypeIXT_EXT0_EE4arg1ERKS1_i.exit2.0:2  %trunc_ln = call i16 @_ssdm_op_PartSelect.i16.i32.i32.i32(i32 %din_V_read, i32 16, i32 31)

]]></Node>
<StgValue><ssdm name="trunc_ln"/></StgValue>
</operation>

<operation id="6" st_id="1" stage="1" lat="1">
<core>NULL</core>
<MemPortIdVec></MemPortIdVec>
<condition id="-1">
<or_exp><and_exp></and_exp></or_exp>
</condition>

<Node id="5" bw="16" op_0_bw="32">
<![CDATA[
_ZrsILi32ELb0EEN11ap_int_baseIXT_EXT0_EE5RTypeIXT_EXT0_EE4arg1ERKS1_i.exit2.0:3  %trunc_ln1355 = trunc i32 %din_V_read to i16

]]></Node>
<StgValue><ssdm name="trunc_ln1355"/></StgValue>
</operation>

<operation id="7" st_id="1" stage="1" lat="1">
<core>Cmp</core>
<MemPortIdVec></MemPortIdVec>
<condition id="-1">
<or_exp><and_exp></and_exp></or_exp>
</condition>

<Node id="6" bw="1" op_0_bw="16" op_1_bw="16">
<![CDATA[
_ZrsILi32ELb0EEN11ap_int_baseIXT_EXT0_EE5RTypeIXT_EXT0_EE4arg1ERKS1_i.exit2.0:4  %icmp_ln883 = icmp eq i16 %trunc_ln, 0

]]></Node>
<StgValue><ssdm name="icmp_ln883"/></StgValue>
</operation>

<operation id="8" st_id="1" stage="1" lat="1">
<core>Sel</core>
<MemPortIdVec></MemPortIdVec>
<condition id="-1">
<or_exp><and_exp></and_exp></or_exp>
</condition>

<Node id="7" bw="16" op_0_bw="1" op_1_bw="16" op_2_bw="16">
<![CDATA[
_ZrsILi32ELb0EEN11ap_int_baseIXT_EXT0_EE5RTypeIXT_EXT0_EE4arg1ERKS1_i.exit2.0:5  %select_ln25 = select i1 %icmp_ln883, i16 %trunc_ln1355, i16 %trunc_ln

]]></Node>
<StgValue><ssdm name="select_ln25"/></StgValue>
</operation>

<operation id="9" st_id="1" stage="1" lat="1">
<core>NULL</core>
<MemPortIdVec></MemPortIdVec>
<condition id="-1">
<or_exp><and_exp></and_exp></or_exp>
</condition>

<Node id="8" bw="8" op_0_bw="16">
<![CDATA[
_ZrsILi32ELb0EEN11ap_int_baseIXT_EXT0_EE5RTypeIXT_EXT0_EE4arg1ERKS1_i.exit2.0:6  %trunc_ln25 = trunc i16 %select_ln25 to i8

]]></Node>
<StgValue><ssdm name="trunc_ln25"/></StgValue>
</operation>

<operation id="10" st_id="1" stage="1" lat="1">
<core>NULL</core>
<MemPortIdVec></MemPortIdVec>
<condition id="-1">
<or_exp><and_exp></and_exp></or_exp>
</condition>

<Node id="10" bw="8" op_0_bw="8" op_1_bw="16" op_2_bw="32" op_3_bw="32">
<![CDATA[
_ZrsILi32ELb0EEN11ap_int_baseIXT_EXT0_EE5RTypeIXT_EXT0_EE4arg1ERKS1_i.exit2.0:8  %trunc_ln2 = call i8 @_ssdm_op_PartSelect.i8.i16.i32.i32(i16 %select_ln25, i32 8, i32 15)

]]></Node>
<StgValue><ssdm name="trunc_ln2"/></StgValue>
</operation>

<operation id="11" st_id="1" stage="1" lat="1">
<core>Cmp</core>
<MemPortIdVec></MemPortIdVec>
<condition id="-1">
<or_exp><and_exp></and_exp></or_exp>
</condition>

<Node id="11" bw="1" op_0_bw="8" op_1_bw="8">
<![CDATA[
_ZrsILi32ELb0EEN11ap_int_baseIXT_EXT0_EE5RTypeIXT_EXT0_EE4arg1ERKS1_i.exit2.0:9  %icmp_ln883_1 = icmp eq i8 %trunc_ln2, 0

]]></Node>
<StgValue><ssdm name="icmp_ln883_1"/></StgValue>
</operation>

<operation id="12" st_id="1" stage="1" lat="1">
<core>Sel</core>
<MemPortIdVec></MemPortIdVec>
<condition id="-1">
<or_exp><and_exp></and_exp></or_exp>
</condition>

<Node id="13" bw="8" op_0_bw="1" op_1_bw="8" op_2_bw="8">
<![CDATA[
_ZrsILi32ELb0EEN11ap_int_baseIXT_EXT0_EE5RTypeIXT_EXT0_EE4arg1ERKS1_i.exit2.0:11  %select_ln25_2 = select i1 %icmp_ln883_1, i8 %trunc_ln25, i8 %trunc_ln2

]]></Node>
<StgValue><ssdm name="select_ln25_2"/></StgValue>
</operation>

<operation id="13" st_id="1" stage="1" lat="1">
<core>NULL</core>
<MemPortIdVec></MemPortIdVec>
<condition id="-1">
<or_exp><and_exp></and_exp></or_exp>
</condition>

<Node id="14" bw="4" op_0_bw="8">
<![CDATA[
_ZrsILi32ELb0EEN11ap_int_baseIXT_EXT0_EE5RTypeIXT_EXT0_EE4arg1ERKS1_i.exit2.0:12  %trunc_ln25_1 = trunc i8 %select_ln25_2 to i4

]]></Node>
<StgValue><ssdm name="trunc_ln25_1"/></StgValue>
</operation>

<operation id="14" st_id="1" stage="1" lat="1">
<core>NULL</core>
<MemPortIdVec></MemPortIdVec>
<condition id="-1">
<or_exp><and_exp></and_exp></or_exp>
</condition>

<Node id="16" bw="4" op_0_bw="4" op_1_bw="8" op_2_bw="32" op_3_bw="32">
<![CDATA[
_ZrsILi32ELb0EEN11ap_int_baseIXT_EXT0_EE5RTypeIXT_EXT0_EE4arg1ERKS1_i.exit2.0:14  %trunc_ln1503_1 = call i4 @_ssdm_op_PartSelect.i4.i8.i32.i32(i8 %select_ln25_2, i32 4, i32 7)

]]></Node>
<StgValue><ssdm name="trunc_ln1503_1"/></StgValue>
</operation>
</state>

<state id="2" st_id="2">

<operation id="15" st_id="2" stage="1" lat="1">
<core>Sel</core>
<MemPortIdVec></MemPortIdVec>
<condition id="-1">
<or_exp><and_exp><literal name="icmp_ln883_1" val="1"/>
</and_exp></or_exp>
</condition>

<Node id="9" bw="5" op_0_bw="1" op_1_bw="5" op_2_bw="5">
<![CDATA[
_ZrsILi32ELb0EEN11ap_int_baseIXT_EXT0_EE5RTypeIXT_EXT0_EE4arg1ERKS1_i.exit2.0:7  %select_ln25_1 = select i1 %icmp_ln883, i5 0, i5 -16

]]></Node>
<StgValue><ssdm name="select_ln25_1"/></StgValue>
</operation>

<operation id="16" st_id="2" stage="1" lat="1">
<core>Sel</core>
<MemPortIdVec></MemPortIdVec>
<condition id="-1">
<or_exp><and_exp><literal name="icmp_ln883_1" val="0"/>
</and_exp></or_exp>
</condition>

<Node id="12" bw="5" op_0_bw="1" op_1_bw="5" op_2_bw="5">
<![CDATA[
_ZrsILi32ELb0EEN11ap_int_baseIXT_EXT0_EE5RTypeIXT_EXT0_EE4arg1ERKS1_i.exit2.0:10  %select_ln26 = select i1 %icmp_ln883, i5 8, i5 -8

]]></Node>
<StgValue><ssdm name="select_ln26"/></StgValue>
</operation>

<operation id="17" st_id="2" stage="1" lat="1">
<core>Sel</core>
<MemPortIdVec></MemPortIdVec>
<condition id="-1">
<or_exp><and_exp></and_exp></or_exp>
</condition>

<Node id="15" bw="5" op_0_bw="1" op_1_bw="5" op_2_bw="5">
<![CDATA[
_ZrsILi32ELb0EEN11ap_int_baseIXT_EXT0_EE5RTypeIXT_EXT0_EE4arg1ERKS1_i.exit2.0:13  %select_ln25_3 = select i1 %icmp_ln883_1, i5 %select_ln25_1, i5 %select_ln26

]]></Node>
<StgValue><ssdm name="select_ln25_3"/></StgValue>
</operation>

<operation id="18" st_id="2" stage="1" lat="1">
<core>Cmp</core>
<MemPortIdVec></MemPortIdVec>
<condition id="-1">
<or_exp><and_exp></and_exp></or_exp>
</condition>

<Node id="17" bw="1" op_0_bw="4" op_1_bw="4">
<![CDATA[
_ZrsILi32ELb0EEN11ap_int_baseIXT_EXT0_EE5RTypeIXT_EXT0_EE4arg1ERKS1_i.exit2.0:15  %icmp_ln883_2 = icmp eq i4 %trunc_ln1503_1, 0

]]></Node>
<StgValue><ssdm name="icmp_ln883_2"/></StgValue>
</operation>

<operation id="19" st_id="2" stage="1" lat="1">
<core>Sel</core>
<MemPortIdVec></MemPortIdVec>
<condition id="-1">
<or_exp><and_exp></and_exp></or_exp>
</condition>

<Node id="18" bw="4" op_0_bw="1" op_1_bw="4" op_2_bw="4">
<![CDATA[
_ZrsILi32ELb0EEN11ap_int_baseIXT_EXT0_EE5RTypeIXT_EXT0_EE4arg1ERKS1_i.exit2.0:16  %select_ln25_4 = select i1 %icmp_ln883_2, i4 %trunc_ln25_1, i4 %trunc_ln1503_1

]]></Node>
<StgValue><ssdm name="select_ln25_4"/></StgValue>
</operation>

<operation id="20" st_id="2" stage="1" lat="1">
<core>NULL</core>
<MemPortIdVec></MemPortIdVec>
<condition id="-1">
<or_exp><and_exp></and_exp></or_exp>
</condition>

<Node id="19" bw="5" op_0_bw="5" op_1_bw="5">
<![CDATA[
_ZrsILi32ELb0EEN11ap_int_baseIXT_EXT0_EE5RTypeIXT_EXT0_EE4arg1ERKS1_i.exit2.0:17  %or_ln25 = or i5 %select_ln25_3, 4

]]></Node>
<StgValue><ssdm name="or_ln25"/></StgValue>
</operation>

<operation id="21" st_id="2" stage="1" lat="1">
<core>Sel</core>
<MemPortIdVec></MemPortIdVec>
<condition id="-1">
<or_exp><and_exp></and_exp></or_exp>
</condition>

<Node id="20" bw="5" op_0_bw="1" op_1_bw="5" op_2_bw="5">
<![CDATA[
_ZrsILi32ELb0EEN11ap_int_baseIXT_EXT0_EE5RTypeIXT_EXT0_EE4arg1ERKS1_i.exit2.0:18  %select_ln25_5 = select i1 %icmp_ln883_2, i5 %select_ln25_3, i5 %or_ln25

]]></Node>
<StgValue><ssdm name="select_ln25_5"/></StgValue>
</operation>

<operation id="22" st_id="2" stage="1" lat="1">
<core>NULL</core>
<MemPortIdVec></MemPortIdVec>
<condition id="-1">
<or_exp><and_exp></and_exp></or_exp>
</condition>

<Node id="21" bw="2" op_0_bw="2" op_1_bw="4" op_2_bw="32" op_3_bw="32">
<![CDATA[
_ZrsILi32ELb0EEN11ap_int_baseIXT_EXT0_EE5RTypeIXT_EXT0_EE4arg1ERKS1_i.exit2.0:19  %trunc_ln1503_2 = call i2 @_ssdm_op_PartSelect.i2.i4.i32.i32(i4 %select_ln25_4, i32 2, i32 3)

]]></Node>
<StgValue><ssdm name="trunc_ln1503_2"/></StgValue>
</operation>

<operation id="23" st_id="2" stage="1" lat="1">
<core>Cmp</core>
<MemPortIdVec></MemPortIdVec>
<condition id="-1">
<or_exp><and_exp></and_exp></or_exp>
</condition>

<Node id="22" bw="1" op_0_bw="2" op_1_bw="2">
<![CDATA[
_ZrsILi32ELb0EEN11ap_int_baseIXT_EXT0_EE5RTypeIXT_EXT0_EE4arg1ERKS1_i.exit2.0:20  %icmp_ln883_3 = icmp eq i2 %trunc_ln1503_2, 0

]]></Node>
<StgValue><ssdm name="icmp_ln883_3"/></StgValue>
</operation>

<operation id="24" st_id="2" stage="1" lat="1">
<core>NULL</core>
<MemPortIdVec></MemPortIdVec>
<condition id="-1">
<or_exp><and_exp></and_exp></or_exp>
</condition>

<Node id="23" bw="5" op_0_bw="5" op_1_bw="5">
<![CDATA[
_ZrsILi32ELb0EEN11ap_int_baseIXT_EXT0_EE5RTypeIXT_EXT0_EE4arg1ERKS1_i.exit2.0:21  %or_ln25_1 = or i5 %select_ln25_5, 2

]]></Node>
<StgValue><ssdm name="or_ln25_1"/></StgValue>
</operation>

<operation id="25" st_id="2" stage="1" lat="1">
<core>Sel</core>
<MemPortIdVec></MemPortIdVec>
<condition id="-1">
<or_exp><and_exp></and_exp></or_exp>
</condition>

<Node id="24" bw="5" op_0_bw="1" op_1_bw="5" op_2_bw="5">
<![CDATA[
_ZrsILi32ELb0EEN11ap_int_baseIXT_EXT0_EE5RTypeIXT_EXT0_EE4arg1ERKS1_i.exit2.0:22  %select_ln25_6 = select i1 %icmp_ln883_3, i5 %select_ln25_5, i5 %or_ln25_1

]]></Node>
<StgValue><ssdm name="select_ln25_6"/></StgValue>
</operation>

<operation id="26" st_id="2" stage="1" lat="1">
<core>NULL</core>
<MemPortIdVec></MemPortIdVec>
<condition id="-1">
<or_exp><and_exp></and_exp></or_exp>
</condition>

<Node id="25" bw="1" op_0_bw="1" op_1_bw="4" op_2_bw="32">
<![CDATA[
_ZrsILi32ELb0EEN11ap_int_baseIXT_EXT0_EE5RTypeIXT_EXT0_EE4arg1ERKS1_i.exit2.0:23  %tmp = call i1 @_ssdm_op_BitSelect.i1.i4.i32(i4 %select_ln25_4, i32 1)

]]></Node>
<StgValue><ssdm name="tmp"/></StgValue>
</operation>

<operation id="27" st_id="2" stage="1" lat="1">
<core>NULL</core>
<MemPortIdVec></MemPortIdVec>
<condition id="-1">
<or_exp><and_exp></and_exp></or_exp>
</condition>

<Node id="26" bw="1" op_0_bw="1" op_1_bw="4" op_2_bw="32">
<![CDATA[
_ZrsILi32ELb0EEN11ap_int_baseIXT_EXT0_EE5RTypeIXT_EXT0_EE4arg1ERKS1_i.exit2.0:24  %tmp_1 = call i1 @_ssdm_op_BitSelect.i1.i4.i32(i4 %select_ln25_4, i32 3)

]]></Node>
<StgValue><ssdm name="tmp_1"/></StgValue>
</operation>

<operation id="28" st_id="2" stage="1" lat="1">
<core>Sel</core>
<MemPortIdVec></MemPortIdVec>
<condition id="-1">
<or_exp><and_exp></and_exp></or_exp>
</condition>

<Node id="27" bw="1" op_0_bw="1" op_1_bw="1" op_2_bw="1">
<![CDATA[
_ZrsILi32ELb0EEN11ap_int_baseIXT_EXT0_EE5RTypeIXT_EXT0_EE4arg1ERKS1_i.exit2.0:25  %select_ln25_7 = select i1 %icmp_ln883_3, i1 %tmp, i1 %tmp_1

]]></Node>
<StgValue><ssdm name="select_ln25_7"/></StgValue>
</operation>

<operation id="29" st_id="2" stage="1" lat="1">
<core>NULL</core>
<MemPortIdVec></MemPortIdVec>
<condition id="-1">
<or_exp><and_exp></and_exp></or_exp>
</condition>

<Node id="28" bw="1" op_0_bw="5">
<![CDATA[
_ZrsILi32ELb0EEN11ap_int_baseIXT_EXT0_EE5RTypeIXT_EXT0_EE4arg1ERKS1_i.exit2.0:26  %trunc_ln25_2 = trunc i5 %select_ln25_6 to i1

]]></Node>
<StgValue><ssdm name="trunc_ln25_2"/></StgValue>
</operation>

<operation id="30" st_id="2" stage="1" lat="1">
<core>LogicGate</core>
<MemPortIdVec></MemPortIdVec>
<condition id="-1">
<or_exp><and_exp></and_exp></or_exp>
</condition>

<Node id="29" bw="1" op_0_bw="1" op_1_bw="1">
<![CDATA[
_ZrsILi32ELb0EEN11ap_int_baseIXT_EXT0_EE5RTypeIXT_EXT0_EE4arg1ERKS1_i.exit2.0:27  %or_ln25_2 = or i1 %trunc_ln25_2, %select_ln25_7

]]></Node>
<StgValue><ssdm name="or_ln25_2"/></StgValue>
</operation>

<operation id="31" st_id="2" stage="1" lat="1">
<core>NULL</core>
<MemPortIdVec></MemPortIdVec>
<condition id="-1">
<or_exp><and_exp></and_exp></or_exp>
</condition>

<Node id="30" bw="4" op_0_bw="4" op_1_bw="5" op_2_bw="32" op_3_bw="32">
<![CDATA[
_ZrsILi32ELb0EEN11ap_int_baseIXT_EXT0_EE5RTypeIXT_EXT0_EE4arg1ERKS1_i.exit2.0:28  %tmp_2 = call i4 @_ssdm_op_PartSelect.i4.i5.i32.i32(i5 %select_ln25_6, i32 1, i32 4)

]]></Node>
<StgValue><ssdm name="tmp_2"/></StgValue>
</operation>

<operation id="32" st_id="2" stage="1" lat="1">
<core>NULL</core>
<MemPortIdVec></MemPortIdVec>
<condition id="-1">
<or_exp><and_exp></and_exp></or_exp>
</condition>

<Node id="31" bw="5" op_0_bw="5" op_1_bw="4" op_2_bw="1">
<![CDATA[
_ZrsILi32ELb0EEN11ap_int_baseIXT_EXT0_EE5RTypeIXT_EXT0_EE4arg1ERKS1_i.exit2.0:29  %ssdm_int_V_write_ass = call i5 @_ssdm_op_BitConcatenate.i5.i4.i1(i4 %tmp_2, i1 %or_ln25_2)

]]></Node>
<StgValue><ssdm name="ssdm_int_V_write_ass"/></StgValue>
</operation>

<operation id="33" st_id="2" stage="1" lat="1">
<core>NULL</core>
<MemPortIdVec></MemPortIdVec>
<condition id="-1">
<or_exp><and_exp></and_exp></or_exp>
</condition>

<Node id="32" bw="6" op_0_bw="6" op_1_bw="1">
<![CDATA[
_ZrsILi32ELb0EEN11ap_int_baseIXT_EXT0_EE5RTypeIXT_EXT0_EE4arg1ERKS1_i.exit2.0:30  %mrv = insertvalue { i1, i5 } undef, i1 %flag, 0

]]></Node>
<StgValue><ssdm name="mrv"/></StgValue>
</operation>

<operation id="34" st_id="2" stage="1" lat="1">
<core>NULL</core>
<MemPortIdVec></MemPortIdVec>
<condition id="-1">
<or_exp><and_exp></and_exp></or_exp>
</condition>

<Node id="33" bw="6" op_0_bw="6" op_1_bw="5">
<![CDATA[
_ZrsILi32ELb0EEN11ap_int_baseIXT_EXT0_EE5RTypeIXT_EXT0_EE4arg1ERKS1_i.exit2.0:31  %mrv_1 = insertvalue { i1, i5 } %mrv, i5 %ssdm_int_V_write_ass, 1

]]></Node>
<StgValue><ssdm name="mrv_1"/></StgValue>
</operation>

<operation id="35" st_id="2" stage="1" lat="1">
<core>NULL</core>
<MemPortIdVec></MemPortIdVec>
<condition id="-1">
<or_exp><and_exp></and_exp></or_exp>
</condition>

<Node id="34" bw="0" op_0_bw="6">
<![CDATA[
_ZrsILi32ELb0EEN11ap_int_baseIXT_EXT0_EE5RTypeIXT_EXT0_EE4arg1ERKS1_i.exit2.0:32  ret { i1, i5 } %mrv_1

]]></Node>
<StgValue><ssdm name="ret_ln33"/></StgValue>
</operation>
</state>
</state_list>


<ports>
<port id="37" name="din_V" dir="0" iftype="0">
<core>NULL</core><StgValue><ssdm name="din_V"/></StgValue>
</port>
</ports>


<dataflows>
<dataflow id="39" from="_ssdm_op_Read.ap_auto.i32" to="din_V_read" fromId="38" toId="3">
</dataflow>
<dataflow id="40" from="din_V" to="din_V_read" fromId="37" toId="3">
</dataflow>
<dataflow id="41" from="din_V_read" to="flag" fromId="3" toId="4">
</dataflow>
<dataflow id="43" from="StgValue_42" to="flag" fromId="42" toId="4">
</dataflow>
<dataflow id="45" from="_ssdm_op_PartSelect.i16.i32.i32.i32" to="trunc_ln" fromId="44" toId="5">
</dataflow>
<dataflow id="46" from="din_V_read" to="trunc_ln" fromId="3" toId="5">
</dataflow>
<dataflow id="48" from="StgValue_47" to="trunc_ln" fromId="47" toId="5">
</dataflow>
<dataflow id="50" from="StgValue_49" to="trunc_ln" fromId="49" toId="5">
</dataflow>
<dataflow id="51" from="din_V_read" to="trunc_ln1355" fromId="3" toId="6">
</dataflow>
<dataflow id="52" from="trunc_ln" to="icmp_ln883" fromId="5" toId="7">
</dataflow>
<dataflow id="54" from="StgValue_53" to="icmp_ln883" fromId="53" toId="7">
</dataflow>
<dataflow id="55" from="icmp_ln883" to="select_ln25" fromId="7" toId="8">
</dataflow>
<dataflow id="56" from="trunc_ln1355" to="select_ln25" fromId="6" toId="8">
</dataflow>
<dataflow id="57" from="trunc_ln" to="select_ln25" fromId="5" toId="8">
</dataflow>
<dataflow id="58" from="select_ln25" to="trunc_ln25" fromId="8" toId="9">
</dataflow>
<dataflow id="60" from="_ssdm_op_PartSelect.i8.i16.i32.i32" to="trunc_ln2" fromId="59" toId="10">
</dataflow>
<dataflow id="61" from="select_ln25" to="trunc_ln2" fromId="8" toId="10">
</dataflow>
<dataflow id="63" from="StgValue_62" to="trunc_ln2" fromId="62" toId="10">
</dataflow>
<dataflow id="65" from="StgValue_64" to="trunc_ln2" fromId="64" toId="10">
</dataflow>
<dataflow id="66" from="trunc_ln2" to="icmp_ln883_1" fromId="10" toId="11">
</dataflow>
<dataflow id="68" from="StgValue_67" to="icmp_ln883_1" fromId="67" toId="11">
</dataflow>
<dataflow id="69" from="icmp_ln883_1" to="select_ln25_2" fromId="11" toId="12">
</dataflow>
<dataflow id="70" from="trunc_ln25" to="select_ln25_2" fromId="9" toId="12">
</dataflow>
<dataflow id="71" from="trunc_ln2" to="select_ln25_2" fromId="10" toId="12">
</dataflow>
<dataflow id="72" from="select_ln25_2" to="trunc_ln25_1" fromId="12" toId="13">
</dataflow>
<dataflow id="74" from="_ssdm_op_PartSelect.i4.i8.i32.i32" to="trunc_ln1503_1" fromId="73" toId="14">
</dataflow>
<dataflow id="75" from="select_ln25_2" to="trunc_ln1503_1" fromId="12" toId="14">
</dataflow>
<dataflow id="77" from="StgValue_76" to="trunc_ln1503_1" fromId="76" toId="14">
</dataflow>
<dataflow id="79" from="StgValue_78" to="trunc_ln1503_1" fromId="78" toId="14">
</dataflow>
<dataflow id="80" from="icmp_ln883" to="select_ln25_1" fromId="7" toId="15">
</dataflow>
<dataflow id="82" from="StgValue_81" to="select_ln25_1" fromId="81" toId="15">
</dataflow>
<dataflow id="84" from="StgValue_83" to="select_ln25_1" fromId="83" toId="15">
</dataflow>
<dataflow id="85" from="icmp_ln883" to="select_ln26" fromId="7" toId="16">
</dataflow>
<dataflow id="87" from="StgValue_86" to="select_ln26" fromId="86" toId="16">
</dataflow>
<dataflow id="89" from="StgValue_88" to="select_ln26" fromId="88" toId="16">
</dataflow>
<dataflow id="90" from="icmp_ln883_1" to="select_ln25_3" fromId="11" toId="17">
</dataflow>
<dataflow id="91" from="select_ln25_1" to="select_ln25_3" fromId="15" toId="17">
</dataflow>
<dataflow id="92" from="select_ln26" to="select_ln25_3" fromId="16" toId="17">
</dataflow>
<dataflow id="93" from="trunc_ln1503_1" to="icmp_ln883_2" fromId="14" toId="18">
</dataflow>
<dataflow id="95" from="StgValue_94" to="icmp_ln883_2" fromId="94" toId="18">
</dataflow>
<dataflow id="96" from="icmp_ln883_2" to="select_ln25_4" fromId="18" toId="19">
</dataflow>
<dataflow id="97" from="trunc_ln25_1" to="select_ln25_4" fromId="13" toId="19">
</dataflow>
<dataflow id="98" from="trunc_ln1503_1" to="select_ln25_4" fromId="14" toId="19">
</dataflow>
<dataflow id="99" from="select_ln25_3" to="or_ln25" fromId="17" toId="20">
</dataflow>
<dataflow id="101" from="StgValue_100" to="or_ln25" fromId="100" toId="20">
</dataflow>
<dataflow id="102" from="icmp_ln883_2" to="select_ln25_5" fromId="18" toId="21">
</dataflow>
<dataflow id="103" from="select_ln25_3" to="select_ln25_5" fromId="17" toId="21">
</dataflow>
<dataflow id="104" from="or_ln25" to="select_ln25_5" fromId="20" toId="21">
</dataflow>
<dataflow id="106" from="_ssdm_op_PartSelect.i2.i4.i32.i32" to="trunc_ln1503_2" fromId="105" toId="22">
</dataflow>
<dataflow id="107" from="select_ln25_4" to="trunc_ln1503_2" fromId="19" toId="22">
</dataflow>
<dataflow id="109" from="StgValue_108" to="trunc_ln1503_2" fromId="108" toId="22">
</dataflow>
<dataflow id="111" from="StgValue_110" to="trunc_ln1503_2" fromId="110" toId="22">
</dataflow>
<dataflow id="112" from="trunc_ln1503_2" to="icmp_ln883_3" fromId="22" toId="23">
</dataflow>
<dataflow id="114" from="StgValue_113" to="icmp_ln883_3" fromId="113" toId="23">
</dataflow>
<dataflow id="115" from="select_ln25_5" to="or_ln25_1" fromId="21" toId="24">
</dataflow>
<dataflow id="117" from="StgValue_116" to="or_ln25_1" fromId="116" toId="24">
</dataflow>
<dataflow id="118" from="icmp_ln883_3" to="select_ln25_6" fromId="23" toId="25">
</dataflow>
<dataflow id="119" from="select_ln25_5" to="select_ln25_6" fromId="21" toId="25">
</dataflow>
<dataflow id="120" from="or_ln25_1" to="select_ln25_6" fromId="24" toId="25">
</dataflow>
<dataflow id="122" from="_ssdm_op_BitSelect.i1.i4.i32" to="tmp" fromId="121" toId="26">
</dataflow>
<dataflow id="123" from="select_ln25_4" to="tmp" fromId="19" toId="26">
</dataflow>
<dataflow id="125" from="StgValue_124" to="tmp" fromId="124" toId="26">
</dataflow>
<dataflow id="126" from="_ssdm_op_BitSelect.i1.i4.i32" to="tmp_1" fromId="121" toId="27">
</dataflow>
<dataflow id="127" from="select_ln25_4" to="tmp_1" fromId="19" toId="27">
</dataflow>
<dataflow id="128" from="StgValue_110" to="tmp_1" fromId="110" toId="27">
</dataflow>
<dataflow id="129" from="icmp_ln883_3" to="select_ln25_7" fromId="23" toId="28">
</dataflow>
<dataflow id="130" from="tmp" to="select_ln25_7" fromId="26" toId="28">
</dataflow>
<dataflow id="131" from="tmp_1" to="select_ln25_7" fromId="27" toId="28">
</dataflow>
<dataflow id="132" from="select_ln25_6" to="trunc_ln25_2" fromId="25" toId="29">
</dataflow>
<dataflow id="133" from="trunc_ln25_2" to="or_ln25_2" fromId="29" toId="30">
</dataflow>
<dataflow id="134" from="select_ln25_7" to="or_ln25_2" fromId="28" toId="30">
</dataflow>
<dataflow id="136" from="_ssdm_op_PartSelect.i4.i5.i32.i32" to="tmp_2" fromId="135" toId="31">
</dataflow>
<dataflow id="137" from="select_ln25_6" to="tmp_2" fromId="25" toId="31">
</dataflow>
<dataflow id="138" from="StgValue_124" to="tmp_2" fromId="124" toId="31">
</dataflow>
<dataflow id="139" from="StgValue_76" to="tmp_2" fromId="76" toId="31">
</dataflow>
<dataflow id="141" from="_ssdm_op_BitConcatenate.i5.i4.i1" to="ssdm_int_V_write_ass" fromId="140" toId="32">
</dataflow>
<dataflow id="142" from="tmp_2" to="ssdm_int_V_write_ass" fromId="31" toId="32">
</dataflow>
<dataflow id="143" from="or_ln25_2" to="ssdm_int_V_write_ass" fromId="30" toId="32">
</dataflow>
<dataflow id="145" from="StgValue_144" to="mrv" fromId="144" toId="33">
</dataflow>
<dataflow id="146" from="flag" to="mrv" fromId="4" toId="33">
</dataflow>
<dataflow id="147" from="mrv" to="mrv_1" fromId="33" toId="34">
</dataflow>
<dataflow id="148" from="ssdm_int_V_write_ass" to="mrv_1" fromId="32" toId="34">
</dataflow>
<dataflow id="149" from="mrv_1" to="ret_ln33" fromId="34" toId="35">
</dataflow>
<dataflow id="150" from="icmp_ln883_1" to="StgValue_2" fromId="11" toId="2">
</dataflow>
</dataflows>


</stg>
