<profile>

<section name = "Vivado HLS Report for 'leading_ones_log2'" level="0">
<item name = "Date">Thu Apr  8 05:50:03 2021
</item>
<item name = "Version">2019.2 (Build 2704478 on Wed Nov 06 22:10:23 MST 2019)</item>
<item name = "Project">Multiplexor</item>
<item name = "Solution">solution1</item>
<item name = "Product family">zynq</item>
<item name = "Target device">xc7z020-clg400-1</item>
</section>

<section name = "Performance Estimates" level="0">
<item name = "Timing">
<section name = "" level="1">
<item name = "Summary"><table name="" hasTotal="0">
<keys size="4">Clock, Target, Estimated, Uncertainty</keys>
<column name="ap_clk">10.00 ns, 6.033 ns, 1.25 ns</column>
</table>
</item>
</section>
</item>
<item name = "Latency">
<section name = "" level="1">
<item name = "Summary"><table name="" hasTotal="0">
<keys size="8">, min, max, min, max, min, max, Type</keys>
<column name="">1, 1, 10.000 ns, 10.000 ns, 1, 1, none</column>
</table>
</item>
<item name = "Detail">
<section name = "" level="1">
<item name = "Instance"><table name="" hasTotal="0">
<keys size="9">Instance, Module, min, max, min, max, min, max, Type</keys>
</table>
</item>
<item name = "Loop"><table name="" hasTotal="0">
<keys size="8">Loop Name, min, max, Latency, achieved, target, Count, Pipelined</keys>
</table>
</item>
</section>
</item>
</section>
</item>
</section>

<section name = "Utilization Estimates" level="0">
<item name = "Summary"><table name="" hasTotal="1">
<keys size="6">Name, BRAM_18K, DSP48E, FF, LUT, URAM</keys>
<column name="DSP">-, -, -, -, -</column>
<column name="Expression">-, -, 0, 127, -</column>
<column name="FIFO">-, -, -, -, -</column>
<column name="Instance">-, -, -, -, -</column>
<column name="Memory">-, -, -, -, -</column>
<column name="Multiplexer">-, -, -, 15, -</column>
<column name="Register">-, -, 13, -, -</column>
<specialColumn name="Available">280, 220, 106400, 53200, 0</specialColumn>
<specialColumn name="Utilization (%)">0, 0, ~0, ~0, 0</specialColumn>
</table>
</item>
<item name = "Detail">
<section name = "" level="1">
<item name = "Instance"><table name="" hasTotal="1">
<keys size="7">Instance, Module, BRAM_18K, DSP48E, FF, LUT, URAM</keys>
</table>
</item>
<item name = "DSP48E"><table name="" hasTotal="0">
<keys size="3">Instance, Module, Expression</keys>
</table>
</item>
<item name = "Memory"><table name="" hasTotal="1">
<keys size="10">Memory, Module, BRAM_18K, FF, LUT, URAM, Words, Bits, Banks, W*Bits*Banks</keys>
</table>
</item>
<item name = "FIFO"><table name="" hasTotal="1">
<keys size="8">Name, BRAM_18K, FF, LUT, URAM, Depth, Bits, Size:D*B</keys>
</table>
</item>
<item name = "Expression"><table name="" hasTotal="1">
<keys size="7">Variable Name, Operation, DSP48E, FF, LUT, Bitwidth P0, Bitwidth P1</keys>
<column name="flag_fu_66_p2">icmp, 0, 0, 18, 32, 1</column>
<column name="icmp_ln883_1_fu_114_p2">icmp, 0, 0, 11, 8, 1</column>
<column name="icmp_ln883_2_fu_163_p2">icmp, 0, 0, 9, 4, 1</column>
<column name="icmp_ln883_3_fu_198_p2">icmp, 0, 0, 8, 2, 1</column>
<column name="icmp_ln883_fu_86_p2">icmp, 0, 0, 13, 16, 1</column>
<column name="or_ln25_1_fu_204_p2">or, 0, 0, 5, 5, 2</column>
<column name="or_ln25_2_fu_246_p2">or, 0, 0, 2, 1, 1</column>
<column name="or_ln25_fu_174_p2">or, 0, 0, 5, 5, 3</column>
<column name="select_ln25_1_fu_142_p3">select, 0, 0, 6, 1, 1</column>
<column name="select_ln25_2_fu_120_p3">select, 0, 0, 8, 1, 8</column>
<column name="select_ln25_3_fu_156_p3">select, 0, 0, 5, 1, 5</column>
<column name="select_ln25_4_fu_168_p3">select, 0, 0, 4, 1, 4</column>
<column name="select_ln25_5_fu_180_p3">select, 0, 0, 5, 1, 5</column>
<column name="select_ln25_6_fu_210_p3">select, 0, 0, 5, 1, 5</column>
<column name="select_ln25_7_fu_234_p3">select, 0, 0, 2, 1, 1</column>
<column name="select_ln25_fu_92_p3">select, 0, 0, 16, 1, 16</column>
<column name="select_ln26_fu_149_p3">select, 0, 0, 5, 1, 4</column>
</table>
</item>
<item name = "Multiplexer"><table name="" hasTotal="1">
<keys size="5">Name, LUT, Input Size, Bits, Total Bits</keys>
<column name="ap_NS_fsm">15, 3, 1, 3</column>
</table>
</item>
<item name = "Register"><table name="" hasTotal="1">
<keys size="5">Name, FF, LUT, Bits, Const Bits</keys>
<column name="ap_CS_fsm">2, 0, 2, 0</column>
<column name="flag_reg_281">1, 0, 1, 0</column>
<column name="icmp_ln883_1_reg_292">1, 0, 1, 0</column>
<column name="icmp_ln883_reg_286">1, 0, 1, 0</column>
<column name="trunc_ln1503_1_reg_302">4, 0, 4, 0</column>
<column name="trunc_ln25_1_reg_297">4, 0, 4, 0</column>
</table>
</item>
</section>
</item>
</section>

<section name = "Interface" level="0">
<item name = "Summary"><table name="" hasTotal="0">
<keys size="6">RTL Ports, Dir, Bits, Protocol, Source Object, C Type</keys>
<column name="ap_clk">in, 1, ap_ctrl_hs, leading_ones_log2, return value</column>
<column name="ap_rst">in, 1, ap_ctrl_hs, leading_ones_log2, return value</column>
<column name="ap_start">in, 1, ap_ctrl_hs, leading_ones_log2, return value</column>
<column name="ap_done">out, 1, ap_ctrl_hs, leading_ones_log2, return value</column>
<column name="ap_idle">out, 1, ap_ctrl_hs, leading_ones_log2, return value</column>
<column name="ap_ready">out, 1, ap_ctrl_hs, leading_ones_log2, return value</column>
<column name="ap_return_0">out, 1, ap_ctrl_hs, leading_ones_log2, return value</column>
<column name="ap_return_1">out, 5, ap_ctrl_hs, leading_ones_log2, return value</column>
<column name="din_V">in, 32, ap_none, din_V, scalar</column>
</table>
</item>
</section>
</profile>
