<stg><name>leading_ones_templat</name>


<trans_list>
</trans_list>



<state_list>

<state id="1" st_id="1">

<operation id="2" st_id="1" stage="1" lat="1">
<core>NULL</core>
<MemPortIdVec></MemPortIdVec>
<condition id="-1">
<or_exp><and_exp></and_exp></or_exp>
</condition>

<Node id="2" bw="32" op_0_bw="32" op_1_bw="32">
<![CDATA[
:0  %din_V_read_1 = call i32 @_ssdm_op_Read.ap_auto.i32(i32 %din_V_read)

]]></Node>
<StgValue><ssdm name="din_V_read_1"/></StgValue>
</operation>

<operation id="3" st_id="1" stage="1" lat="1">
<core></core>
<MemPortIdVec></MemPortIdVec>
<condition id="-1">
<or_exp><and_exp></and_exp></or_exp>
</condition>

<Node id="3" bw="6" op_0_bw="6" op_1_bw="32">
<![CDATA[
:1  %call_ret = call fastcc { i1, i5 } @"leading_ones<32>"(i32 %din_V_read_1)

]]></Node>
<StgValue><ssdm name="call_ret"/></StgValue>
</operation>

<operation id="4" st_id="1" stage="1" lat="1">
<core>NULL</core>
<MemPortIdVec></MemPortIdVec>
<condition id="-1">
<or_exp><and_exp></and_exp></or_exp>
</condition>

<Node id="4" bw="0" op_0_bw="6">
<![CDATA[
:2  ret { i1, i5 } %call_ret

]]></Node>
<StgValue><ssdm name="ret_ln8"/></StgValue>
</operation>
</state>
</state_list>


<ports>
<port id="5" name="din_V_read" dir="0" iftype="0">
<core>NULL</core><StgValue><ssdm name="din_V_read"/></StgValue>
</port>
</ports>


<dataflows>
<dataflow id="7" from="_ssdm_op_Read.ap_auto.i32" to="din_V_read_1" fromId="6" toId="2">
</dataflow>
<dataflow id="8" from="din_V_read" to="din_V_read_1" fromId="5" toId="2">
</dataflow>
<dataflow id="10" from="leading_ones<32>" to="call_ret" fromId="9" toId="3">
</dataflow>
<dataflow id="11" from="din_V_read_1" to="call_ret" fromId="2" toId="3">
</dataflow>
<dataflow id="12" from="call_ret" to="ret_ln8" fromId="3" toId="4">
</dataflow>
</dataflows>


</stg>
