<stg><name>leading_ones_log2</name>


<trans_list>

<trans id="36" from="1" to="2">
<condition id="-1">
<or_exp><and_exp></and_exp></or_exp>
</condition>
</trans>
</trans_list>



<state_list>

<state id="1" st_id="1">

<operation id="3" st_id="1" stage="1" lat="1">
<core>NULL</core>
<MemPortIdVec></MemPortIdVec>
<condition id="-1">
<or_exp><and_exp></and_exp></or_exp>
</condition>

<Node id="2" bw="32" op_0_bw="32" op_1_bw="32">
<![CDATA[
_ZrsILi32ELb0EEN11ap_int_baseIXT_EXT0_EE5RTypeIXT_EXT0_EE4arg1ERKS1_i.exit2.0:0  %din_V_read = call i32 @_ssdm_op_Read.ap_auto.i32(i32 %din_V)

]]></Node>
<StgValue><ssdm name="din_V_read"/></StgValue>
</operation>

<operation id="4" st_id="1" stage="1" lat="1">
<core>Cmp</core>
<MemPortIdVec></MemPortIdVec>
<condition id="-1">
<or_exp><and_exp></and_exp></or_exp>
</condition>

<Node id="3" bw="1" op_0_bw="32" op_1_bw="32">
<![CDATA[
_ZrsILi32ELb0EEN11ap_int_baseIXT_EXT0_EE5RTypeIXT_EXT0_EE4arg1ERKS1_i.exit2.0:1  %flag = icmp ne i32 %din_V_read, 0

]]></Node>
<StgValue><ssdm name="flag"/></StgValue>
</operation>

<operation id="5" st_id="1" stage="1" lat="1">
<core>NULL</core>
<MemPortIdVec></MemPortIdVec>
<condition id="-1">
<or_exp><and_exp></and_exp></or_exp>
</condition>

<Node id="4" bw="16" op_0_bw="16" op_1_bw="32" op_2_bw="32" op_3_bw="32">
<![CDATA[
_ZrsILi32ELb0EEN11ap_int_baseIXT_EXT0_EE5RTypeIXT_EXT0_EE4arg1ERKS1_i.exit2.0:2  %trunc_ln = call i16 @_ssdm_op_PartSelect.i16.i32.i32.i32(i32 %din_V_read, i32 16, i32 31)

]]></Node>
<StgValue><ssdm name="trunc_ln"/></StgValue>
</operation>

<operation id="6" st_id="1" stage="1" lat="1">
<core>NULL</core>
<MemPortIdVec></MemPortIdVec>
<condition id="-1">
<or_exp><and_exp></and_exp></or_exp>
</condition>

<Node id="5" bw="16" op_0_bw="32">
<![CDATA[
_ZrsILi32ELb0EEN11ap_int_baseIXT_EXT0_EE5RTypeIXT_EXT0_EE4arg1ERKS1_i.exit2.0:3  %trunc_ln1355 = trunc i32 %din_V_read to i16

]]></Node>
<StgValue><ssdm name="trunc_ln1355"/></StgValue>
</operation>

<operation id="7" st_id="1" stage="1" lat="1">
<core>Cmp</core>
<MemPortIdVec></MemPortIdVec>
<condition id="-1">
<or_exp><and_exp></and_exp></or_exp>
</condition>

<Node id="6" bw="1" op_0_bw="16" op_1_bw="16">
<![CDATA[
_ZrsILi32ELb0EEN11ap_int_baseIXT_EXT0_EE5RTypeIXT_EXT0_EE4arg1ERKS1_i.exit2.0:4  %icmp_ln883 = icmp eq i16 %trunc_ln, 0

]]></Node>
<StgValue><ssdm name="icmp_ln883"/></StgValue>
</operation>

<operation id="8" st_id="1" stage="1" lat="1">
<core>Sel</core>
<MemPortIdVec></MemPortIdVec>
<condition id="-1">
<or_exp><and_exp></and_exp></or_exp>
</condition>

<Node id="7" bw="16" op_0_bw="1" op_1_bw="16" op_2_bw="16">
<![CDATA[
_ZrsILi32ELb0EEN11ap_int_baseIXT_EXT0_EE5RTypeIXT_EXT0_EE4arg1ERKS1_i.exit2.0:5  %select_ln25 = select i1 %icmp_ln883, i16 %trunc_ln1355, i16 %trunc_ln

]]></Node>
<StgValue><ssdm name="select_ln25"/></StgValue>
</operation>

<operation id="9" st_id="1" stage="1" lat="1">
<core>NULL</core>
<MemPortIdVec></MemPortIdVec>
<condition id="-1">
<or_exp><and_exp></and_exp></or_exp>
</condition>

<Node id="8" bw="8" op_0_bw="16">
<![CDATA[
_ZrsILi32ELb0EEN11ap_int_baseIXT_EXT0_EE5RTypeIXT_EXT0_EE4arg1ERKS1_i.exit2.0:6  %trunc_ln25 = trunc i16 %select_ln25 to i8

]]></Node>
<StgValue><ssdm name="trunc_ln25"/></StgValue>
</operation>

<operation id="10" st_id="1" stage="1" lat="1">
<core>NULL</core>
<MemPortIdVec></MemPortIdVec>
<condition id="-1">
<or_exp><and_exp></and_exp></or_exp>
</condition>

<Node id="10" bw="8" op_0_bw="8" op_1_bw="16" op_2_bw="32" op_3_bw="32">
<![CDATA[
_ZrsILi32ELb0EEN11ap_int_baseIXT_EXT0_EE5RTypeIXT_EXT0_EE4arg1ERKS1_i.exit2.0:8  %trunc_ln2 = call i8 @_ssdm_op_PartSelect.i8.i16.i32.i32(i16 %select_ln25, i32 8, i32 15)

]]></Node>
<StgValue><ssdm name="trunc_ln2"/></StgValue>
</operation>

<operation id="11" st_id="1" stage="1" lat="1">
<core>Cmp</core>
<MemPortIdVec></MemPortIdVec>
<condition id="-1">
<or_exp><and_exp></and_exp></or_exp>
</condition>

<Node id="11" bw="1" op_0_bw="8" op_1_bw="8">
<![CDATA[
_ZrsILi32ELb0EEN11ap_int_baseIXT_EXT0_EE5RTypeIXT_EXT0_EE4arg1ERKS1_i.exit2.0:9  %icmp_ln883_1 = icmp eq i8 %trunc_ln2, 0

]]></Node>
<StgValue><ssdm name="icmp_ln883_1"/></StgValue>
</operation>

<operation id="12" st_id="1" stage="1" lat="1">
<core>Sel</core>
<MemPortIdVec></MemPortIdVec>
<condition id="-1">
<or_exp><and_exp></and_exp></or_exp>
</condition>

<Node id="13" bw="8" op_0_bw="1" op_1_bw="8" op_2_bw="8">
<![CDATA[
_ZrsILi32ELb0EEN11ap_int_baseIXT_EXT0_EE5RTypeIXT_EXT0_EE4arg1ERKS1_i.exit2.0:11  %select_ln25_2 = select i1 %icmp_ln883_1, i8 %trunc_ln25, i8 %trunc_ln2

]]></Node>
<StgValue><ssdm name="select_ln25_2"/></StgValue>
</operation>

<operation id="13" st_id="1" stage="1" lat="1">
<core>NULL</core>
<MemPortIdVec></MemPortIdVec>
<condition id="-1">
<or_exp><and_exp></and_exp></or_exp>
</condition>

<Node id="14" bw="4" op_0_bw="8">
<![CDATA[
_ZrsILi32ELb0EEN11ap_int_baseIXT_EXT0_EE5RTypeIXT_EXT0_EE4arg1ERKS1_i.exit2.0:12  %trunc_ln25_1 = trunc i8 %select_ln25_2 to i4

]]></Node>
<StgValue><ssdm name="trunc_ln25_1"/></StgValue>
</operation>

<operation id="14" st_id="1" stage="1" lat="1">
<core>NULL</core>
<MemPortIdVec></MemPortIdVec>
<condition id="-1">
<or_exp><and_exp></and_exp></or_exp>
</condition>

<Node id="16" bw="4" op_0_bw="4" op_1_bw="8" op_2_bw="32" op_3_bw="32">
<![CDATA[
_ZrsILi32ELb0EEN11ap_int_baseIXT_EXT0_EE5RTypeIXT_EXT0_EE4arg1ERKS1_i.exit2.0:14  %trunc_ln1503_1 = call i4 @_ssdm_op_PartSelect.i4.i8.i32.i32(i8 %select_ln25_2, i32 4, i32 7)

]]></Node>
<StgValue><ssdm name="trunc_ln1503_1"/></StgValue>
</operation>
</state>

<state id="2" st_id="2">

<operation id="15" st_id="2" stage="1" lat="1">
<core>Sel</core>
<MemPortIdVec></MemPortIdVec>
<condition id="-1">
<or_exp><and_exp><literal name="icmp_ln883_1" val="1"/>
</and_exp></or_exp>
</condition>

<Node id="9" bw="5" op_0_bw="1" op_1_bw="5" op_2_bw="5">
<![CDATA[
_ZrsILi32ELb0EEN11ap_int_baseIXT_EXT0_EE5RTypeIXT_EXT0_EE4arg1ERKS1_i.exit2.0:7  %select_ln25_1 = select i1 %icmp_ln883, i5 0, i5 -16

]]></Node>
<StgValue><ssdm name="select_ln25_1"/></StgValue>
</operation>

<operation id="16" st_id="2" stage="1" lat="1">
<core>Sel</core>
<MemPortIdVec></MemPortIdVec>
<condition id="-1">
<or_exp><and_exp><literal name="icmp_ln883_1" val="0"/>
</and_exp></or_exp>
</condition>

<Node id="12" bw="5" op_0_bw="1" op_1_bw="5" op_2_bw="5">
<![CDATA[
_ZrsILi32ELb0EEN11ap_int_baseIXT_EXT0_EE5RTypeIXT_EXT0_EE4arg1ERKS1_i.exit2.0:10  %select_ln26 = select i1 %icmp_ln883, i5 8, i5 -8

]]></Node>
<StgValue><ssdm name="select_ln26"/></StgValue>
</operation>

<operation id="17" st_id="2" stage="1" lat="1">
<core>Sel</core>
<MemPortIdVec></MemPortIdVec>
<condition id="-1">
<or_exp><and_exp></and_exp></or_exp>
</condition>

<Node id="15" bw="5" op_0_bw="1" op_1_bw="5" op_2_bw="5">
<![CDATA[
_ZrsILi32ELb0EEN11ap_int_baseIXT_EXT0_EE5RTypeIXT_EXT0_EE4arg1ERKS1_i.exit2.0:13  %select_ln25_3 = select i1 %icmp_ln883_1, i5 %select_ln25_1, i5 %select_ln26

]]></Node>
<StgValue><ssdm name="select_ln25_3"/></StgValue>
</operation>

<operation id="18" st_id="2" stage="1" lat="1">
<core>Cmp</core>
<MemPortIdVec></MemPortIdVec>
<condition id="-1">
<or_exp><and_exp></and_exp></or_exp>
</condition>

<Node id="17" bw="1" op_0_bw="4" op_1_bw="4">
<![CDATA[
_ZrsILi32ELb0EEN11ap_int_baseIXT_EXT0_EE5RTypeIXT_EXT0_EE4arg1ERKS1_i.exit2.0:15  %icmp_ln883_2 = icmp eq i4 %trunc_ln1503_1, 0

]]></Node>
<StgValue><ssdm name="icmp_ln883_2"/></StgValue>
</operation>

<operation id="19" st_id="2" stage="1" lat="1">
<core>Sel</core>
<MemPortIdVec></MemPortIdVec>
<condition id="-1">
<or_exp><and_exp></and_exp></or_exp>
</condition>

<Node id="18" bw="4" op_0_bw="1" op_1_bw="4" op_2_bw="4">
<![CDATA[
_ZrsILi32ELb0EEN11ap_int_baseIXT_EXT0_EE5RTypeIXT_EXT0_EE4arg1ERKS1_i.exit2.0:16  %select_ln25_4 = select i1 %icmp_ln883_2, i4 %trunc_ln25_1, i4 %trunc_ln1503_1

]]></Node>
<StgValue><ssdm name="select_ln25_4"/></StgValue>
</operation>

<operation id="20" st_id="2" stage="1" lat="1">
<core>NULL</core>
<MemPortIdVec></MemPortIdVec>
<condition id="-1">
<or_exp><and_exp></and_exp></or_exp>
</condition>

<Node id="19" bw="5" op_0_bw="5" op_1_bw="5">
<![CDATA[
_ZrsILi32ELb0EEN11ap_int_baseIXT_EXT0_EE5RTypeIXT_EXT0_EE4arg1ERKS1_i.exit2.0:17  %or_ln25 = or i5 %select_ln25_3, 4

]]></Node>
<StgValue><ssdm name="or_ln25"/></StgValue>
</operation>

<operation id="21" st_id="2" stage="1" lat="1">
<core>Sel</core>
<MemPortIdVec></MemPortIdVec>
<condition id="-1">
<or_exp><and_exp></and_exp></or_exp>
</condition>

<Node id="20" bw="5" op_0_bw="1" op_1_bw="5" op_2_bw="5">
<![CDATA[
_ZrsILi32ELb0EEN11ap_int_baseIXT_EXT0_EE5RTypeIXT_EXT0_EE4arg1ERKS1_i.exit2.0:18  %select_ln25_5 = select i1 %icmp_ln883_2, i5 %select_ln25_3, i5 %or_ln25

]]></Node>
<StgValue><ssdm name="select_ln25_5"/></StgValue>
</operation>

<operation id="22" st_id="2" stage="1" lat="1">
<core>NULL</core>
<MemPortIdVec></MemPortIdVec>
<condition id="-1">
<or_exp><and_exp></and_exp></or_exp>
</condition>

<Node id="21" bw="2" op_0_bw="2" op_1_bw="4" op_2_bw="32" op_3_bw="32">
<![CDATA[
_ZrsILi32ELb0EEN11ap_int_baseIXT_EXT0_EE5RTypeIXT_EXT0_EE4arg1ERKS1_i.exit2.0:19  %trunc_ln1503_2 = call i2 @_ssdm_op_PartSelect.i2.i4.i32.i32(i4 %select_ln25_4, i32 2, i32 3)

]]></Node>
<StgValue><ssdm name="trunc_ln1503_2"/></StgValue>
</operation>

<operation id="23" st_id="2" stage="1" lat="1">
<core>Cmp</core>
<MemPortIdVec></MemPortIdVec>
<condition id="-1">
<or_exp><and_exp></and_exp></or_exp>
</condition>

<Node id="22" bw="1" op_0_bw="2" op_1_bw="2">
<![CDATA[
_ZrsILi32ELb0EEN11ap_int_baseIXT_EXT0_EE5RTypeIXT_EXT0_EE4arg1ERKS1_i.exit2.0:20  %icmp_ln883_3 = icmp eq i2 %trunc_ln1503_2, 0

]]></Node>
<StgValue><ssdm name="icmp_ln883_3"/></StgValue>
</operation>

<operation id="24" st_id="2" stage="1" lat="1">
<core>NULL</core>
<MemPortIdVec></MemPortIdVec>
<condition id="-1">
<or_exp><and_exp></and_exp></or_exp>
</condition>

<Node id="23" bw="5" op_0_bw="5" op_1_bw="5">
<![CDATA[
_ZrsILi32ELb0EEN11ap_int_baseIXT_EXT0_EE5RTypeIXT_EXT0_EE4arg1ERKS1_i.exit2.0:21  %or_ln25_1 = or i5 %select_ln25_5, 2

]]></Node>
<StgValue><ssdm name="or_ln25_1"/></StgValue>
</operation>

<operation id="25" st_id="2" stage="1" lat="1">
<core>Sel</core>
<MemPortIdVec></MemPortIdVec>
<condition id="-1">
<or_exp><and_exp></and_exp></or_exp>
</condition>

<Node id="24" bw="5" op_0_bw="1" op_1_bw="5" op_2_bw="5">
<![CDATA[
_ZrsILi32ELb0EEN11ap_int_baseIXT_EXT0_EE5RTypeIXT_EXT0_EE4arg1ERKS1_i.exit2.0:22  %select_ln25_6 = select i1 %icmp_ln883_3, i5 %select_ln25_5, i5 %or_ln25_1

]]></Node>
<StgValue><ssdm name="select_ln25_6"/></StgValue>
</operation>

<operation id="26" st_id="2" stage="1" lat="1">
<core>NULL</core>
<MemPortIdVec></MemPortIdVec>
<condition id="-1">
<or_exp><and_exp></and_exp></or_exp>
</condition>

<Node id="25" bw="1" op_0_bw="1" op_1_bw="4" op_2_bw="32">
<![CDATA[
_ZrsILi32ELb0EEN11ap_int_baseIXT_EXT0_EE5RTypeIXT_EXT0_EE4arg1ERKS1_i.exit2.0:23  %tmp = call i1 @_ssdm_op_BitSelect.i1.i4.i32(i4 %select_ln25_4, i32 1)

]]></Node>
<StgValue><ssdm name="tmp"/></StgValue>
</operation>

<operation id="27" st_id="2" stage="1" lat="1">
<core>NULL</core>
<MemPortIdVec></MemPortIdVec>
<condition id="-1">
<or_exp><and_exp></and_exp></or_exp>
</condition>

<Node id="26" bw="1" op_0_bw="1" op_1_bw="4" op_2_bw="32">
<![CDATA[
_ZrsILi32ELb0EEN11ap_int_baseIXT_EXT0_EE5RTypeIXT_EXT0_EE4arg1ERKS1_i.exit2.0:24  %tmp_1 = call i1 @_ssdm_op_BitSelect.i1.i4.i32(i4 %select_ln25_4, i32 3)

]]></Node>
<StgValue><ssdm name="tmp_1"/></StgValue>
</operation>

<operation id="28" st_id="2" stage="1" lat="1">
<core>Sel</core>
<MemPortIdVec></MemPortIdVec>
<condition id="-1">
<or_exp><and_exp></and_exp></or_exp>
</condition>

<Node id="27" bw="1" op_0_bw="1" op_1_bw="1" op_2_bw="1">
<![CDATA[
_ZrsILi32ELb0EEN11ap_int_baseIXT_EXT0_EE5RTypeIXT_EXT0_EE4arg1ERKS1_i.exit2.0:25  %select_ln25_7 = select i1 %icmp_ln883_3, i1 %tmp, i1 %tmp_1

]]></Node>
<StgValue><ssdm name="select_ln25_7"/></StgValue>
</operation>

<operation id="29" st_id="2" stage="1" lat="1">
<core>NULL</core>
<MemPortIdVec></MemPortIdVec>
<condition id="-1">
<or_exp><and_exp></and_exp></or_exp>
</condition>

<Node id="28" bw="1" op_0_bw="5">
<![CDATA[
_ZrsILi32ELb0EEN11ap_int_baseIXT_EXT0_EE5RTypeIXT_EXT0_EE4arg1ERKS1_i.exit2.0:26  %trunc_ln25_2 = trunc i5 %select_ln25_6 to i1

]]></Node>
<StgValue><ssdm name="trunc_ln25_2"/></StgValue>
</operation>

<operation id="30" st_id="2" stage="1" lat="1">
<core>LogicGate</core>
<MemPortIdVec></MemPortIdVec>
<condition id="-1">
<or_exp><and_exp></and_exp></or_exp>
</condition>

<Node id="29" bw="1" op_0_bw="1" op_1_bw="1">
<![CDATA[
_ZrsILi32ELb0EEN11ap_int_baseIXT_EXT0_EE5RTypeIXT_EXT0_EE4arg1ERKS1_i.exit2.0:27  %or_ln25_2 = or i1 %trunc_ln25_2, %select_ln25_7

]]></Node>
<StgValue><ssdm name="or_ln25_2"/></StgValue>
</operation>

<operation id="31" st_id="2" stage="1" lat="1">
<core>NULL</core>
<MemPortIdVec></MemPortIdVec>
<condition id="-1">
<or_exp><and_exp></and_exp></or_exp>
</condition>

<Node id="30" bw="4" op_0_bw="4" op_1_bw="5" op_2_bw="32" op_3_bw="32">
<![CDATA[
_ZrsILi32ELb0EEN11ap_int_baseIXT_EXT0_EE5RTypeIXT_EXT0_EE4arg1ERKS1_i.exit2.0:28  %tmp_2 = call i4 @_ssdm_op_PartSelect.i4.i5.i32.i32(i5 %select_ln25_6, i32 1, i32 4)

]]></Node>
<StgValue><ssdm name="tmp_2"/></StgValue>
</operation>

<operation id="32" st_id="2" stage="1" lat="1">
<core>NULL</core>
<MemPortIdVec></MemPortIdVec>
<condition id="-1">
<or_exp><and_exp></and_exp></or_exp>
</condition>

<Node id="31" bw="5" op_0_bw="5" op_1_bw="4" op_2_bw="1">
<![CDATA[
_ZrsILi32ELb0EEN11ap_int_baseIXT_EXT0_EE5RTypeIXT_EXT0_EE4arg1ERKS1_i.exit2.0:29  %ssdm_int_V_write_ass = call i5 @_ssdm_op_BitConcatenate.i5.i4.i1(i4 %tmp_2, i1 %or_ln25_2)

]]></Node>
<StgValue><ssdm name="ssdm_int_V_write_ass"/></StgValue>
</operation>

<operation id="33" st_id="2" stage="1" lat="1">
<core>NULL</core>
<MemPortIdVec></MemPortIdVec>
<condition id="-1">
<or_exp><and_exp></and_exp></or_exp>
</condition>

<Node id="32" bw="6" op_0_bw="6" op_1_bw="1">
<![CDATA[
_ZrsILi32ELb0EEN11ap_int_baseIXT_EXT0_EE5RTypeIXT_EXT0_EE4arg1ERKS1_i.exit2.0:30  %mrv = insertvalue { i1, i5 } undef, i1 %flag, 0

]]></Node>
<StgValue><ssdm name="mrv"/></StgValue>
</operation>

<operation id="34" st_id="2" stage="1" lat="1">
<core>NULL</core>
<MemPortIdVec></MemPortIdVec>
<condition id="-1">
<or_exp><and_exp></and_exp></or_exp>
</condition>

<Node id="33" bw="6" op_0_bw="6" op_1_bw="5">
<![CDATA[
_ZrsILi32ELb0EEN11ap_int_baseIXT_EXT0_EE5RTypeIXT_EXT0_EE4arg1ERKS1_i.exit2.0:31  %mrv_1 = insertvalue { i1, i5 } %mrv, i5 %ssdm_int_V_write_ass, 1

]]></Node>
<StgValue><ssdm name="mrv_1"/></StgValue>
</operation>

<operation id="35" st_id="2" stage="1" lat="1">
<core>NULL</core>
<MemPortIdVec></MemPortIdVec>
<condition id="-1">
<or_exp><and_exp></and_exp></or_exp>
</condition>

<Node id="34" bw="0" op_0_bw="6">
<![CDATA[
_ZrsILi32ELb0EEN11ap_int_baseIXT_EXT0_EE5RTypeIXT_EXT0_EE4arg1ERKS1_i.exit2.0:32  ret { i1, i5 } %mrv_1

]]></Node>
<StgValue><ssdm name="ret_ln33"/></StgValue>
</operation>
</state>
</state_list>


<ports>
</ports>


<dataflows>
</dataflows>


</stg>
