<profile>

<section name = "Vivado HLS Report for 'leading_ones'" level="0">
<item name = "Date">Thu Apr  8 05:50:03 2021
</item>
<item name = "Version">2019.2 (Build 2704478 on Wed Nov 06 22:10:23 MST 2019)</item>
<item name = "Project">Multiplexor</item>
<item name = "Solution">solution1</item>
<item name = "Product family">zynq</item>
<item name = "Target device">xc7z020-clg400-1</item>
</section>

<section name = "Performance Estimates" level="0">
<item name = "Timing">
<section name = "" level="1">
<item name = "Summary"><table name="" hasTotal="0">
<keys size="4">Clock, Target, Estimated, Uncertainty</keys>
<column name="ap_clk">10.00 ns, 2.702 ns, 1.25 ns</column>
</table>
</item>
</section>
</item>
<item name = "Latency">
<section name = "" level="1">
<item name = "Summary"><table name="" hasTotal="0">
<keys size="8">, min, max, min, max, min, max, Type</keys>
<column name="">1, 1, 10.000 ns, 10.000 ns, 1, 1, none</column>
</table>
</item>
<item name = "Detail">
<section name = "" level="1">
<item name = "Instance"><table name="" hasTotal="0">
<keys size="9">Instance, Module, min, max, min, max, min, max, Type</keys>
</table>
</item>
<item name = "Loop"><table name="" hasTotal="0">
<keys size="8">Loop Name, min, max, Latency, achieved, target, Count, Pipelined</keys>
</table>
</item>
</section>
</item>
</section>
</item>
</section>

<section name = "Utilization Estimates" level="0">
<item name = "Summary"><table name="" hasTotal="1">
<keys size="6">Name, BRAM_18K, DSP48E, FF, LUT, URAM</keys>
<column name="DSP">-, -, -, -, -</column>
<column name="Expression">-, -, 0, 60, -</column>
<column name="FIFO">-, -, -, -, -</column>
<column name="Instance">-, -, -, -, -</column>
<column name="Memory">-, -, -, -, -</column>
<column name="Multiplexer">-, -, -, 183, -</column>
<column name="Register">-, -, 14, -, -</column>
<specialColumn name="Available">280, 220, 106400, 53200, 0</specialColumn>
<specialColumn name="Utilization (%)">0, 0, ~0, ~0, 0</specialColumn>
</table>
</item>
<item name = "Detail">
<section name = "" level="1">
<item name = "Instance"><table name="" hasTotal="1">
<keys size="7">Instance, Module, BRAM_18K, DSP48E, FF, LUT, URAM</keys>
</table>
</item>
<item name = "DSP48E"><table name="" hasTotal="0">
<keys size="3">Instance, Module, Expression</keys>
</table>
</item>
<item name = "Memory"><table name="" hasTotal="1">
<keys size="10">Memory, Module, BRAM_18K, FF, LUT, URAM, Words, Bits, Banks, W*Bits*Banks</keys>
</table>
</item>
<item name = "FIFO"><table name="" hasTotal="1">
<keys size="8">Name, BRAM_18K, FF, LUT, URAM, Depth, Bits, Size:D*B</keys>
</table>
</item>
<item name = "Expression"><table name="" hasTotal="1">
<keys size="7">Variable Name, Operation, DSP48E, FF, LUT, Bitwidth P0, Bitwidth P1</keys>
<column name="ap_condition_119">and, 0, 0, 2, 1, 1</column>
<column name="ap_condition_135">and, 0, 0, 2, 1, 1</column>
<column name="ap_condition_139">and, 0, 0, 2, 1, 1</column>
<column name="ap_condition_143">and, 0, 0, 2, 1, 1</column>
<column name="ap_condition_147">and, 0, 0, 2, 1, 1</column>
<column name="ap_condition_151">and, 0, 0, 2, 1, 1</column>
<column name="ap_condition_155">and, 0, 0, 2, 1, 1</column>
<column name="ap_condition_159">and, 0, 0, 2, 1, 1</column>
<column name="ap_condition_163">and, 0, 0, 2, 1, 1</column>
<column name="ap_condition_167">and, 0, 0, 2, 1, 1</column>
<column name="ap_condition_171">and, 0, 0, 2, 1, 1</column>
<column name="ap_condition_175">and, 0, 0, 2, 1, 1</column>
<column name="ap_condition_179">and, 0, 0, 2, 1, 1</column>
<column name="ap_condition_183">and, 0, 0, 2, 1, 1</column>
<column name="ap_condition_187">and, 0, 0, 2, 1, 1</column>
<column name="ap_condition_191">and, 0, 0, 2, 1, 1</column>
<column name="ap_condition_195">and, 0, 0, 2, 1, 1</column>
<column name="ap_condition_199">and, 0, 0, 2, 1, 1</column>
<column name="ap_condition_203">and, 0, 0, 2, 1, 1</column>
<column name="ap_condition_207">and, 0, 0, 2, 1, 1</column>
<column name="ap_condition_211">and, 0, 0, 2, 1, 1</column>
<column name="ap_condition_215">and, 0, 0, 2, 1, 1</column>
<column name="ap_condition_219">and, 0, 0, 2, 1, 1</column>
<column name="ap_condition_223">and, 0, 0, 2, 1, 1</column>
<column name="ap_condition_227">and, 0, 0, 2, 1, 1</column>
<column name="ap_condition_231">and, 0, 0, 2, 1, 1</column>
<column name="ap_condition_235">and, 0, 0, 2, 1, 1</column>
<column name="ap_condition_239">and, 0, 0, 2, 1, 1</column>
<column name="ap_condition_243">and, 0, 0, 2, 1, 1</column>
<column name="or_ln11_fu_619_p2">or, 0, 0, 2, 1, 1</column>
</table>
</item>
<item name = "Multiplexer"><table name="" hasTotal="1">
<keys size="5">Name, LUT, Input Size, Bits, Total Bits</keys>
<column name="ap_NS_fsm">15, 3, 1, 3</column>
<column name="ap_return_0">9, 2, 1, 2</column>
<column name="ap_return_1">9, 2, 5, 10</column>
<column name="flag_0_reg_265">9, 2, 1, 2</column>
<column name="phi_ln301_reg_138">141, 31, 5, 155</column>
</table>
</item>
<item name = "Register"><table name="" hasTotal="1">
<keys size="5">Name, FF, LUT, Bits, Const Bits</keys>
<column name="ap_CS_fsm">2, 0, 2, 0</column>
<column name="ap_return_0_preg">1, 0, 1, 0</column>
<column name="ap_return_1_preg">5, 0, 5, 0</column>
<column name="flag_0_reg_265">1, 0, 1, 0</column>
<column name="phi_ln301_reg_138">5, 0, 5, 0</column>
</table>
</item>
</section>
</item>
</section>

<section name = "Interface" level="0">
<item name = "Summary"><table name="" hasTotal="0">
<keys size="6">RTL Ports, Dir, Bits, Protocol, Source Object, C Type</keys>
<column name="ap_clk">in, 1, ap_ctrl_hs, leading_ones, return value</column>
<column name="ap_rst">in, 1, ap_ctrl_hs, leading_ones, return value</column>
<column name="ap_start">in, 1, ap_ctrl_hs, leading_ones, return value</column>
<column name="ap_done">out, 1, ap_ctrl_hs, leading_ones, return value</column>
<column name="ap_idle">out, 1, ap_ctrl_hs, leading_ones, return value</column>
<column name="ap_ready">out, 1, ap_ctrl_hs, leading_ones, return value</column>
<column name="ap_return_0">out, 1, ap_ctrl_hs, leading_ones, return value</column>
<column name="ap_return_1">out, 5, ap_ctrl_hs, leading_ones, return value</column>
<column name="din_V">in, 32, ap_none, din_V, scalar</column>
</table>
</item>
</section>
</profile>
