<stg><name>leading_ones<32></name>


<trans_list>
</trans_list>



<state_list>

<state id="1" st_id="1">

<operation id="2" st_id="1" stage="1" lat="1">
<core>NULL</core>
<MemPortIdVec></MemPortIdVec>
<condition id="-1">
<or_exp><and_exp></and_exp></or_exp>
</condition>

<Node id="2" bw="32" op_0_bw="32" op_1_bw="32">
<![CDATA[
_ZrsILi32ELb0EEN11ap_int_baseIXT_EXT0_EE5RTypeIXT_EXT0_EE4arg1ERKS1_i.exit:0  %din_V_read_2 = call i32 @_ssdm_op_Read.ap_auto.i32(i32 %din_V_read)

]]></Node>
<StgValue><ssdm name="din_V_read_2"/></StgValue>
</operation>

<operation id="3" st_id="1" stage="1" lat="1">
<core>NULL</core>
<MemPortIdVec></MemPortIdVec>
<condition id="-1">
<or_exp><and_exp></and_exp></or_exp>
</condition>

<Node id="3" bw="16" op_0_bw="16" op_1_bw="32" op_2_bw="32" op_3_bw="32">
<![CDATA[
_ZrsILi32ELb0EEN11ap_int_baseIXT_EXT0_EE5RTypeIXT_EXT0_EE4arg1ERKS1_i.exit:1  %upper_V = call i16 @_ssdm_op_PartSelect.i16.i32.i32.i32(i32 %din_V_read_2, i32 16, i32 31)

]]></Node>
<StgValue><ssdm name="upper_V"/></StgValue>
</operation>

<operation id="4" st_id="1" stage="1" lat="1">
<core>Cmp</core>
<MemPortIdVec></MemPortIdVec>
<condition id="-1">
<or_exp><and_exp></and_exp></or_exp>
</condition>

<Node id="4" bw="1" op_0_bw="32" op_1_bw="32">
<![CDATA[
_ZrsILi32ELb0EEN11ap_int_baseIXT_EXT0_EE5RTypeIXT_EXT0_EE4arg1ERKS1_i.exit:2  %icmp_ln883 = icmp ne i32 %din_V_read_2, 0

]]></Node>
<StgValue><ssdm name="icmp_ln883"/></StgValue>
</operation>

<operation id="5" st_id="1" stage="1" lat="1">
<core>Cmp</core>
<MemPortIdVec></MemPortIdVec>
<condition id="-1">
<or_exp><and_exp></and_exp></or_exp>
</condition>

<Node id="5" bw="1" op_0_bw="16" op_1_bw="16">
<![CDATA[
_ZrsILi32ELb0EEN11ap_int_baseIXT_EXT0_EE5RTypeIXT_EXT0_EE4arg1ERKS1_i.exit:3  %icmp_ln22 = icmp eq i16 %upper_V, 0

]]></Node>
<StgValue><ssdm name="icmp_ln22"/></StgValue>
</operation>

<operation id="6" st_id="1" stage="1" lat="1">
<core>NULL</core>
<MemPortIdVec></MemPortIdVec>
<condition id="-1">
<or_exp><and_exp></and_exp></or_exp>
</condition>

<Node id="6" bw="0" op_0_bw="1" op_1_bw="0" op_2_bw="0">
<![CDATA[
_ZrsILi32ELb0EEN11ap_int_baseIXT_EXT0_EE5RTypeIXT_EXT0_EE4arg1ERKS1_i.exit:4  br i1 %icmp_ln22, label %3, label %0

]]></Node>
<StgValue><ssdm name="br_ln22"/></StgValue>
</operation>

<operation id="7" st_id="1" stage="1" lat="1">
<core>NULL</core>
<MemPortIdVec></MemPortIdVec>
<condition id="-1">
<or_exp><and_exp><literal name="icmp_ln22" val="0"/>
</and_exp></or_exp>
</condition>

<Node id="8" bw="8" op_0_bw="8" op_1_bw="32" op_2_bw="32" op_3_bw="32">
<![CDATA[
:0  %upper_V_2 = call i8 @_ssdm_op_PartSelect.i8.i32.i32.i32(i32 %din_V_read_2, i32 24, i32 31)

]]></Node>
<StgValue><ssdm name="upper_V_2"/></StgValue>
</operation>

<operation id="8" st_id="1" stage="1" lat="1">
<core>Cmp</core>
<MemPortIdVec></MemPortIdVec>
<condition id="-1">
<or_exp><and_exp><literal name="icmp_ln22" val="0"/>
</and_exp></or_exp>
</condition>

<Node id="9" bw="1" op_0_bw="8" op_1_bw="8">
<![CDATA[
:1  %icmp_ln22_2 = icmp eq i8 %upper_V_2, 0

]]></Node>
<StgValue><ssdm name="icmp_ln22_2"/></StgValue>
</operation>

<operation id="9" st_id="1" stage="1" lat="1">
<core>NULL</core>
<MemPortIdVec></MemPortIdVec>
<condition id="-1">
<or_exp><and_exp><literal name="icmp_ln22" val="0"/>
</and_exp></or_exp>
</condition>

<Node id="10" bw="0" op_0_bw="1" op_1_bw="0" op_2_bw="0">
<![CDATA[
:2  br i1 %icmp_ln22_2, label %2, label %1

]]></Node>
<StgValue><ssdm name="br_ln22"/></StgValue>
</operation>

<operation id="10" st_id="1" stage="1" lat="1">
<core>NULL</core>
<MemPortIdVec></MemPortIdVec>
<condition id="-1">
<or_exp><and_exp><literal name="icmp_ln22" val="0"/>
<literal name="icmp_ln22_2" val="0"/>
</and_exp></or_exp>
</condition>

<Node id="12" bw="4" op_0_bw="4" op_1_bw="32" op_2_bw="32" op_3_bw="32">
<![CDATA[
:0  %upper_V_24 = call i4 @_ssdm_op_PartSelect.i4.i32.i32.i32(i32 %din_V_read_2, i32 28, i32 31)

]]></Node>
<StgValue><ssdm name="upper_V_24"/></StgValue>
</operation>

<operation id="11" st_id="1" stage="1" lat="1">
<core>Cmp</core>
<MemPortIdVec></MemPortIdVec>
<condition id="-1">
<or_exp><and_exp><literal name="icmp_ln22" val="0"/>
<literal name="icmp_ln22_2" val="0"/>
</and_exp></or_exp>
</condition>

<Node id="13" bw="1" op_0_bw="4" op_1_bw="4">
<![CDATA[
:1  %icmp_ln22_12 = icmp eq i4 %upper_V_24, 0

]]></Node>
<StgValue><ssdm name="icmp_ln22_12"/></StgValue>
</operation>

<operation id="12" st_id="1" stage="1" lat="1">
<core>NULL</core>
<MemPortIdVec></MemPortIdVec>
<condition id="-1">
<or_exp><and_exp><literal name="icmp_ln22" val="0"/>
<literal name="icmp_ln22_2" val="0"/>
<literal name="icmp_ln22_12" val="1"/>
</and_exp></or_exp>
</condition>

<Node id="14" bw="2" op_0_bw="2" op_1_bw="32" op_2_bw="32" op_3_bw="32">
<![CDATA[
:2  %upper_V_25 = call i2 @_ssdm_op_PartSelect.i2.i32.i32.i32(i32 %din_V_read_2, i32 26, i32 27)

]]></Node>
<StgValue><ssdm name="upper_V_25"/></StgValue>
</operation>

<operation id="13" st_id="1" stage="1" lat="1">
<core>Cmp</core>
<MemPortIdVec></MemPortIdVec>
<condition id="-1">
<or_exp><and_exp><literal name="icmp_ln22" val="0"/>
<literal name="icmp_ln22_2" val="0"/>
<literal name="icmp_ln22_12" val="1"/>
</and_exp></or_exp>
</condition>

<Node id="15" bw="1" op_0_bw="2" op_1_bw="2">
<![CDATA[
:3  %icmp_ln22_13 = icmp eq i2 %upper_V_25, 0

]]></Node>
<StgValue><ssdm name="icmp_ln22_13"/></StgValue>
</operation>

<operation id="14" st_id="1" stage="1" lat="1">
<core>NULL</core>
<MemPortIdVec></MemPortIdVec>
<condition id="-1">
<or_exp><and_exp><literal name="icmp_ln22" val="0"/>
<literal name="icmp_ln22_2" val="0"/>
<literal name="icmp_ln22_12" val="0"/>
</and_exp></or_exp>
</condition>

<Node id="16" bw="2" op_0_bw="2" op_1_bw="32" op_2_bw="32" op_3_bw="32">
<![CDATA[
:4  %upper_V_26 = call i2 @_ssdm_op_PartSelect.i2.i32.i32.i32(i32 %din_V_read_2, i32 30, i32 31)

]]></Node>
<StgValue><ssdm name="upper_V_26"/></StgValue>
</operation>

<operation id="15" st_id="1" stage="1" lat="1">
<core>Cmp</core>
<MemPortIdVec></MemPortIdVec>
<condition id="-1">
<or_exp><and_exp><literal name="icmp_ln22" val="0"/>
<literal name="icmp_ln22_2" val="0"/>
<literal name="icmp_ln22_12" val="0"/>
</and_exp></or_exp>
</condition>

<Node id="17" bw="1" op_0_bw="2" op_1_bw="2">
<![CDATA[
:5  %icmp_ln22_14 = icmp eq i2 %upper_V_26, 0

]]></Node>
<StgValue><ssdm name="icmp_ln22_14"/></StgValue>
</operation>

<operation id="16" st_id="1" stage="1" lat="1">
<core>NULL</core>
<MemPortIdVec></MemPortIdVec>
<condition id="-1">
<or_exp><and_exp><literal name="icmp_ln22" val="0"/>
<literal name="icmp_ln22_2" val="0"/>
<literal name="icmp_ln22_13" val="1"/>
<literal name="icmp_ln22_12" val="1"/>
</and_exp></or_exp>
</condition>

<Node id="18" bw="1" op_0_bw="1" op_1_bw="32" op_2_bw="32">
<![CDATA[
:6  %upper_V_31 = call i1 @_ssdm_op_BitSelect.i1.i32.i32(i32 %din_V_read_2, i32 25)

]]></Node>
<StgValue><ssdm name="upper_V_31"/></StgValue>
</operation>

<operation id="17" st_id="1" stage="1" lat="1">
<core>NULL</core>
<MemPortIdVec></MemPortIdVec>
<condition id="-1">
<or_exp><and_exp><literal name="icmp_ln22" val="0"/>
<literal name="icmp_ln22_2" val="0"/>
<literal name="icmp_ln22_13" val="1"/>
<literal name="icmp_ln22_12" val="1"/>
</and_exp></or_exp>
</condition>

<Node id="19" bw="2" op_0_bw="1">
<![CDATA[
:7  %idx_V_25 = zext i1 %upper_V_31 to i2

]]></Node>
<StgValue><ssdm name="idx_V_25"/></StgValue>
</operation>

<operation id="18" st_id="1" stage="1" lat="1">
<core>NULL</core>
<MemPortIdVec></MemPortIdVec>
<condition id="-1">
<or_exp><and_exp><literal name="icmp_ln22" val="0"/>
<literal name="icmp_ln22_2" val="0"/>
<literal name="icmp_ln22_13" val="0"/>
<literal name="icmp_ln22_12" val="1"/>
</and_exp></or_exp>
</condition>

<Node id="20" bw="1" op_0_bw="1" op_1_bw="32" op_2_bw="32">
<![CDATA[
:8  %upper_V_32 = call i1 @_ssdm_op_BitSelect.i1.i32.i32(i32 %din_V_read_2, i32 27)

]]></Node>
<StgValue><ssdm name="upper_V_32"/></StgValue>
</operation>

<operation id="19" st_id="1" stage="1" lat="1">
<core>NULL</core>
<MemPortIdVec></MemPortIdVec>
<condition id="-1">
<or_exp><and_exp><literal name="icmp_ln22" val="0"/>
<literal name="icmp_ln22_2" val="0"/>
<literal name="icmp_ln22_13" val="0"/>
<literal name="icmp_ln22_12" val="1"/>
</and_exp></or_exp>
</condition>

<Node id="21" bw="2" op_0_bw="2" op_1_bw="1" op_2_bw="1">
<![CDATA[
:9  %idx_V_26 = call i2 @_ssdm_op_BitConcatenate.i2.i1.i1(i1 true, i1 %upper_V_32)

]]></Node>
<StgValue><ssdm name="idx_V_26"/></StgValue>
</operation>

<operation id="20" st_id="1" stage="1" lat="1">
<core>NULL</core>
<MemPortIdVec></MemPortIdVec>
<condition id="-1">
<or_exp><and_exp><literal name="icmp_ln22" val="0"/>
<literal name="icmp_ln22_2" val="0"/>
<literal name="icmp_ln22_14" val="1"/>
<literal name="icmp_ln22_12" val="0"/>
</and_exp></or_exp>
</condition>

<Node id="22" bw="1" op_0_bw="1" op_1_bw="32" op_2_bw="32">
<![CDATA[
:10  %upper_V_33 = call i1 @_ssdm_op_BitSelect.i1.i32.i32(i32 %din_V_read_2, i32 29)

]]></Node>
<StgValue><ssdm name="upper_V_33"/></StgValue>
</operation>

<operation id="21" st_id="1" stage="1" lat="1">
<core>NULL</core>
<MemPortIdVec></MemPortIdVec>
<condition id="-1">
<or_exp><and_exp><literal name="icmp_ln22" val="0"/>
<literal name="icmp_ln22_2" val="0"/>
<literal name="icmp_ln22_14" val="1"/>
<literal name="icmp_ln22_12" val="0"/>
</and_exp></or_exp>
</condition>

<Node id="23" bw="2" op_0_bw="1">
<![CDATA[
:11  %idx_V_27 = zext i1 %upper_V_33 to i2

]]></Node>
<StgValue><ssdm name="idx_V_27"/></StgValue>
</operation>

<operation id="22" st_id="1" stage="1" lat="1">
<core>NULL</core>
<MemPortIdVec></MemPortIdVec>
<condition id="-1">
<or_exp><and_exp><literal name="icmp_ln22" val="0"/>
<literal name="icmp_ln22_2" val="0"/>
<literal name="icmp_ln22_14" val="0"/>
<literal name="icmp_ln22_12" val="0"/>
</and_exp></or_exp>
</condition>

<Node id="24" bw="1" op_0_bw="1" op_1_bw="32" op_2_bw="32">
<![CDATA[
:12  %upper_V_34 = call i1 @_ssdm_op_BitSelect.i1.i32.i32(i32 %din_V_read_2, i32 31)

]]></Node>
<StgValue><ssdm name="upper_V_34"/></StgValue>
</operation>

<operation id="23" st_id="1" stage="1" lat="1">
<core>NULL</core>
<MemPortIdVec></MemPortIdVec>
<condition id="-1">
<or_exp><and_exp><literal name="icmp_ln22" val="0"/>
<literal name="icmp_ln22_2" val="0"/>
<literal name="icmp_ln22_14" val="0"/>
<literal name="icmp_ln22_12" val="0"/>
</and_exp></or_exp>
</condition>

<Node id="25" bw="2" op_0_bw="2" op_1_bw="1" op_2_bw="1">
<![CDATA[
:13  %idx_V_28 = call i2 @_ssdm_op_BitConcatenate.i2.i1.i1(i1 true, i1 %upper_V_34)

]]></Node>
<StgValue><ssdm name="idx_V_28"/></StgValue>
</operation>

<operation id="24" st_id="1" stage="1" lat="1">
<core>Sel</core>
<MemPortIdVec></MemPortIdVec>
<condition id="-1">
<or_exp><and_exp><literal name="icmp_ln22" val="0"/>
<literal name="icmp_ln22_2" val="0"/>
<literal name="icmp_ln22_12" val="1"/>
</and_exp></or_exp>
</condition>

<Node id="26" bw="2" op_0_bw="1" op_1_bw="2" op_2_bw="2">
<![CDATA[
:14  %idxl_V_13 = select i1 %icmp_ln22_13, i2 %idx_V_25, i2 %idx_V_26

]]></Node>
<StgValue><ssdm name="idxl_V_13"/></StgValue>
</operation>

<operation id="25" st_id="1" stage="1" lat="1">
<core>NULL</core>
<MemPortIdVec></MemPortIdVec>
<condition id="-1">
<or_exp><and_exp><literal name="icmp_ln22" val="0"/>
<literal name="icmp_ln22_2" val="0"/>
<literal name="icmp_ln22_12" val="1"/>
</and_exp></or_exp>
</condition>

<Node id="27" bw="3" op_0_bw="2">
<![CDATA[
:15  %idx_V_29 = zext i2 %idxl_V_13 to i3

]]></Node>
<StgValue><ssdm name="idx_V_29"/></StgValue>
</operation>

<operation id="26" st_id="1" stage="1" lat="1">
<core>Sel</core>
<MemPortIdVec></MemPortIdVec>
<condition id="-1">
<or_exp><and_exp><literal name="icmp_ln22" val="0"/>
<literal name="icmp_ln22_2" val="0"/>
<literal name="icmp_ln22_12" val="0"/>
</and_exp></or_exp>
</condition>

<Node id="28" bw="2" op_0_bw="1" op_1_bw="2" op_2_bw="2">
<![CDATA[
:16  %idxu_V_12 = select i1 %icmp_ln22_14, i2 %idx_V_27, i2 %idx_V_28

]]></Node>
<StgValue><ssdm name="idxu_V_12"/></StgValue>
</operation>

<operation id="27" st_id="1" stage="1" lat="1">
<core>NULL</core>
<MemPortIdVec></MemPortIdVec>
<condition id="-1">
<or_exp><and_exp><literal name="icmp_ln22" val="0"/>
<literal name="icmp_ln22_2" val="0"/>
<literal name="icmp_ln22_12" val="0"/>
</and_exp></or_exp>
</condition>

<Node id="29" bw="3" op_0_bw="3" op_1_bw="1" op_2_bw="2">
<![CDATA[
:17  %idx_V_30 = call i3 @_ssdm_op_BitConcatenate.i3.i1.i2(i1 true, i2 %idxu_V_12)

]]></Node>
<StgValue><ssdm name="idx_V_30"/></StgValue>
</operation>

<operation id="28" st_id="1" stage="1" lat="1">
<core>Sel</core>
<MemPortIdVec></MemPortIdVec>
<condition id="-1">
<or_exp><and_exp><literal name="icmp_ln22" val="0"/>
<literal name="icmp_ln22_2" val="0"/>
</and_exp></or_exp>
</condition>

<Node id="30" bw="3" op_0_bw="1" op_1_bw="3" op_2_bw="3">
<![CDATA[
:18  %idx_V_34 = select i1 %icmp_ln22_12, i3 %idx_V_29, i3 %idx_V_30

]]></Node>
<StgValue><ssdm name="idx_V_34"/></StgValue>
</operation>

<operation id="29" st_id="1" stage="1" lat="1">
<core>NULL</core>
<MemPortIdVec></MemPortIdVec>
<condition id="-1">
<or_exp><and_exp><literal name="icmp_ln22" val="0"/>
<literal name="icmp_ln22_2" val="0"/>
</and_exp></or_exp>
</condition>

<Node id="31" bw="4" op_0_bw="4" op_1_bw="1" op_2_bw="3">
<![CDATA[
:19  %idx_V_32 = call i4 @_ssdm_op_BitConcatenate.i4.i1.i3(i1 true, i3 %idx_V_34)

]]></Node>
<StgValue><ssdm name="idx_V_32"/></StgValue>
</operation>

<operation id="30" st_id="1" stage="1" lat="1">
<core>NULL</core>
<MemPortIdVec></MemPortIdVec>
<condition id="-1">
<or_exp><and_exp><literal name="icmp_ln22" val="0"/>
<literal name="icmp_ln22_2" val="0"/>
</and_exp></or_exp>
</condition>

<Node id="32" bw="0" op_0_bw="0">
<![CDATA[
:20  br label %"leading_ones<16>.exit"

]]></Node>
<StgValue><ssdm name="br_ln25"/></StgValue>
</operation>

<operation id="31" st_id="1" stage="1" lat="1">
<core>NULL</core>
<MemPortIdVec></MemPortIdVec>
<condition id="-1">
<or_exp><and_exp><literal name="icmp_ln22" val="0"/>
<literal name="icmp_ln22_2" val="1"/>
</and_exp></or_exp>
</condition>

<Node id="34" bw="4" op_0_bw="4" op_1_bw="32" op_2_bw="32" op_3_bw="32">
<![CDATA[
:0  %upper_V_17 = call i4 @_ssdm_op_PartSelect.i4.i32.i32.i32(i32 %din_V_read_2, i32 20, i32 23)

]]></Node>
<StgValue><ssdm name="upper_V_17"/></StgValue>
</operation>

<operation id="32" st_id="1" stage="1" lat="1">
<core>Cmp</core>
<MemPortIdVec></MemPortIdVec>
<condition id="-1">
<or_exp><and_exp><literal name="icmp_ln22" val="0"/>
<literal name="icmp_ln22_2" val="1"/>
</and_exp></or_exp>
</condition>

<Node id="35" bw="1" op_0_bw="4" op_1_bw="4">
<![CDATA[
:1  %icmp_ln22_9 = icmp eq i4 %upper_V_17, 0

]]></Node>
<StgValue><ssdm name="icmp_ln22_9"/></StgValue>
</operation>

<operation id="33" st_id="1" stage="1" lat="1">
<core>NULL</core>
<MemPortIdVec></MemPortIdVec>
<condition id="-1">
<or_exp><and_exp><literal name="icmp_ln22" val="0"/>
<literal name="icmp_ln22_2" val="1"/>
<literal name="icmp_ln22_9" val="1"/>
</and_exp></or_exp>
</condition>

<Node id="36" bw="2" op_0_bw="2" op_1_bw="32" op_2_bw="32" op_3_bw="32">
<![CDATA[
:2  %upper_V_18 = call i2 @_ssdm_op_PartSelect.i2.i32.i32.i32(i32 %din_V_read_2, i32 18, i32 19)

]]></Node>
<StgValue><ssdm name="upper_V_18"/></StgValue>
</operation>

<operation id="34" st_id="1" stage="1" lat="1">
<core>Cmp</core>
<MemPortIdVec></MemPortIdVec>
<condition id="-1">
<or_exp><and_exp><literal name="icmp_ln22" val="0"/>
<literal name="icmp_ln22_2" val="1"/>
<literal name="icmp_ln22_9" val="1"/>
</and_exp></or_exp>
</condition>

<Node id="37" bw="1" op_0_bw="2" op_1_bw="2">
<![CDATA[
:3  %icmp_ln22_10 = icmp eq i2 %upper_V_18, 0

]]></Node>
<StgValue><ssdm name="icmp_ln22_10"/></StgValue>
</operation>

<operation id="35" st_id="1" stage="1" lat="1">
<core>NULL</core>
<MemPortIdVec></MemPortIdVec>
<condition id="-1">
<or_exp><and_exp><literal name="icmp_ln22" val="0"/>
<literal name="icmp_ln22_2" val="1"/>
<literal name="icmp_ln22_9" val="0"/>
</and_exp></or_exp>
</condition>

<Node id="38" bw="2" op_0_bw="2" op_1_bw="32" op_2_bw="32" op_3_bw="32">
<![CDATA[
:4  %upper_V_19 = call i2 @_ssdm_op_PartSelect.i2.i32.i32.i32(i32 %din_V_read_2, i32 22, i32 23)

]]></Node>
<StgValue><ssdm name="upper_V_19"/></StgValue>
</operation>

<operation id="36" st_id="1" stage="1" lat="1">
<core>Cmp</core>
<MemPortIdVec></MemPortIdVec>
<condition id="-1">
<or_exp><and_exp><literal name="icmp_ln22" val="0"/>
<literal name="icmp_ln22_2" val="1"/>
<literal name="icmp_ln22_9" val="0"/>
</and_exp></or_exp>
</condition>

<Node id="39" bw="1" op_0_bw="2" op_1_bw="2">
<![CDATA[
:5  %icmp_ln22_11 = icmp eq i2 %upper_V_19, 0

]]></Node>
<StgValue><ssdm name="icmp_ln22_11"/></StgValue>
</operation>

<operation id="37" st_id="1" stage="1" lat="1">
<core>NULL</core>
<MemPortIdVec></MemPortIdVec>
<condition id="-1">
<or_exp><and_exp><literal name="icmp_ln22" val="0"/>
<literal name="icmp_ln22_2" val="1"/>
<literal name="icmp_ln22_10" val="1"/>
<literal name="icmp_ln22_9" val="1"/>
</and_exp></or_exp>
</condition>

<Node id="40" bw="1" op_0_bw="1" op_1_bw="32" op_2_bw="32">
<![CDATA[
:6  %upper_V_35 = call i1 @_ssdm_op_BitSelect.i1.i32.i32(i32 %din_V_read_2, i32 17)

]]></Node>
<StgValue><ssdm name="upper_V_35"/></StgValue>
</operation>

<operation id="38" st_id="1" stage="1" lat="1">
<core>NULL</core>
<MemPortIdVec></MemPortIdVec>
<condition id="-1">
<or_exp><and_exp><literal name="icmp_ln22" val="0"/>
<literal name="icmp_ln22_2" val="1"/>
<literal name="icmp_ln22_10" val="1"/>
<literal name="icmp_ln22_9" val="1"/>
</and_exp></or_exp>
</condition>

<Node id="41" bw="2" op_0_bw="1">
<![CDATA[
:7  %idx_V_17 = zext i1 %upper_V_35 to i2

]]></Node>
<StgValue><ssdm name="idx_V_17"/></StgValue>
</operation>

<operation id="39" st_id="1" stage="1" lat="1">
<core>NULL</core>
<MemPortIdVec></MemPortIdVec>
<condition id="-1">
<or_exp><and_exp><literal name="icmp_ln22" val="0"/>
<literal name="icmp_ln22_2" val="1"/>
<literal name="icmp_ln22_10" val="0"/>
<literal name="icmp_ln22_9" val="1"/>
</and_exp></or_exp>
</condition>

<Node id="42" bw="1" op_0_bw="1" op_1_bw="32" op_2_bw="32">
<![CDATA[
:8  %upper_V_36 = call i1 @_ssdm_op_BitSelect.i1.i32.i32(i32 %din_V_read_2, i32 19)

]]></Node>
<StgValue><ssdm name="upper_V_36"/></StgValue>
</operation>

<operation id="40" st_id="1" stage="1" lat="1">
<core>NULL</core>
<MemPortIdVec></MemPortIdVec>
<condition id="-1">
<or_exp><and_exp><literal name="icmp_ln22" val="0"/>
<literal name="icmp_ln22_2" val="1"/>
<literal name="icmp_ln22_10" val="0"/>
<literal name="icmp_ln22_9" val="1"/>
</and_exp></or_exp>
</condition>

<Node id="43" bw="2" op_0_bw="2" op_1_bw="1" op_2_bw="1">
<![CDATA[
:9  %idx_V_18 = call i2 @_ssdm_op_BitConcatenate.i2.i1.i1(i1 true, i1 %upper_V_36)

]]></Node>
<StgValue><ssdm name="idx_V_18"/></StgValue>
</operation>

<operation id="41" st_id="1" stage="1" lat="1">
<core>NULL</core>
<MemPortIdVec></MemPortIdVec>
<condition id="-1">
<or_exp><and_exp><literal name="icmp_ln22" val="0"/>
<literal name="icmp_ln22_2" val="1"/>
<literal name="icmp_ln22_11" val="1"/>
<literal name="icmp_ln22_9" val="0"/>
</and_exp></or_exp>
</condition>

<Node id="44" bw="1" op_0_bw="1" op_1_bw="32" op_2_bw="32">
<![CDATA[
:10  %upper_V_37 = call i1 @_ssdm_op_BitSelect.i1.i32.i32(i32 %din_V_read_2, i32 21)

]]></Node>
<StgValue><ssdm name="upper_V_37"/></StgValue>
</operation>

<operation id="42" st_id="1" stage="1" lat="1">
<core>NULL</core>
<MemPortIdVec></MemPortIdVec>
<condition id="-1">
<or_exp><and_exp><literal name="icmp_ln22" val="0"/>
<literal name="icmp_ln22_2" val="1"/>
<literal name="icmp_ln22_11" val="1"/>
<literal name="icmp_ln22_9" val="0"/>
</and_exp></or_exp>
</condition>

<Node id="45" bw="2" op_0_bw="1">
<![CDATA[
:11  %idx_V_19 = zext i1 %upper_V_37 to i2

]]></Node>
<StgValue><ssdm name="idx_V_19"/></StgValue>
</operation>

<operation id="43" st_id="1" stage="1" lat="1">
<core>NULL</core>
<MemPortIdVec></MemPortIdVec>
<condition id="-1">
<or_exp><and_exp><literal name="icmp_ln22" val="0"/>
<literal name="icmp_ln22_2" val="1"/>
<literal name="icmp_ln22_11" val="0"/>
<literal name="icmp_ln22_9" val="0"/>
</and_exp></or_exp>
</condition>

<Node id="46" bw="1" op_0_bw="1" op_1_bw="32" op_2_bw="32">
<![CDATA[
:12  %upper_V_38 = call i1 @_ssdm_op_BitSelect.i1.i32.i32(i32 %din_V_read_2, i32 23)

]]></Node>
<StgValue><ssdm name="upper_V_38"/></StgValue>
</operation>

<operation id="44" st_id="1" stage="1" lat="1">
<core>NULL</core>
<MemPortIdVec></MemPortIdVec>
<condition id="-1">
<or_exp><and_exp><literal name="icmp_ln22" val="0"/>
<literal name="icmp_ln22_2" val="1"/>
<literal name="icmp_ln22_11" val="0"/>
<literal name="icmp_ln22_9" val="0"/>
</and_exp></or_exp>
</condition>

<Node id="47" bw="2" op_0_bw="2" op_1_bw="1" op_2_bw="1">
<![CDATA[
:13  %idx_V_20 = call i2 @_ssdm_op_BitConcatenate.i2.i1.i1(i1 true, i1 %upper_V_38)

]]></Node>
<StgValue><ssdm name="idx_V_20"/></StgValue>
</operation>

<operation id="45" st_id="1" stage="1" lat="1">
<core>Sel</core>
<MemPortIdVec></MemPortIdVec>
<condition id="-1">
<or_exp><and_exp><literal name="icmp_ln22" val="0"/>
<literal name="icmp_ln22_2" val="1"/>
<literal name="icmp_ln22_9" val="1"/>
</and_exp></or_exp>
</condition>

<Node id="48" bw="2" op_0_bw="1" op_1_bw="2" op_2_bw="2">
<![CDATA[
:14  %idxl_V_9 = select i1 %icmp_ln22_10, i2 %idx_V_17, i2 %idx_V_18

]]></Node>
<StgValue><ssdm name="idxl_V_9"/></StgValue>
</operation>

<operation id="46" st_id="1" stage="1" lat="1">
<core>NULL</core>
<MemPortIdVec></MemPortIdVec>
<condition id="-1">
<or_exp><and_exp><literal name="icmp_ln22" val="0"/>
<literal name="icmp_ln22_2" val="1"/>
<literal name="icmp_ln22_9" val="1"/>
</and_exp></or_exp>
</condition>

<Node id="49" bw="3" op_0_bw="2">
<![CDATA[
:15  %idx_V_21 = zext i2 %idxl_V_9 to i3

]]></Node>
<StgValue><ssdm name="idx_V_21"/></StgValue>
</operation>

<operation id="47" st_id="1" stage="1" lat="1">
<core>Sel</core>
<MemPortIdVec></MemPortIdVec>
<condition id="-1">
<or_exp><and_exp><literal name="icmp_ln22" val="0"/>
<literal name="icmp_ln22_2" val="1"/>
<literal name="icmp_ln22_9" val="0"/>
</and_exp></or_exp>
</condition>

<Node id="50" bw="2" op_0_bw="1" op_1_bw="2" op_2_bw="2">
<![CDATA[
:16  %idxu_V_9 = select i1 %icmp_ln22_11, i2 %idx_V_19, i2 %idx_V_20

]]></Node>
<StgValue><ssdm name="idxu_V_9"/></StgValue>
</operation>

<operation id="48" st_id="1" stage="1" lat="1">
<core>NULL</core>
<MemPortIdVec></MemPortIdVec>
<condition id="-1">
<or_exp><and_exp><literal name="icmp_ln22" val="0"/>
<literal name="icmp_ln22_2" val="1"/>
<literal name="icmp_ln22_9" val="0"/>
</and_exp></or_exp>
</condition>

<Node id="51" bw="3" op_0_bw="3" op_1_bw="1" op_2_bw="2">
<![CDATA[
:17  %idx_V_22 = call i3 @_ssdm_op_BitConcatenate.i3.i1.i2(i1 true, i2 %idxu_V_9)

]]></Node>
<StgValue><ssdm name="idx_V_22"/></StgValue>
</operation>

<operation id="49" st_id="1" stage="1" lat="1">
<core>Sel</core>
<MemPortIdVec></MemPortIdVec>
<condition id="-1">
<or_exp><and_exp><literal name="icmp_ln22" val="0"/>
<literal name="icmp_ln22_2" val="1"/>
</and_exp></or_exp>
</condition>

<Node id="52" bw="3" op_0_bw="1" op_1_bw="3" op_2_bw="3">
<![CDATA[
:18  %idx_V_35 = select i1 %icmp_ln22_9, i3 %idx_V_21, i3 %idx_V_22

]]></Node>
<StgValue><ssdm name="idx_V_35"/></StgValue>
</operation>

<operation id="50" st_id="1" stage="1" lat="1">
<core>NULL</core>
<MemPortIdVec></MemPortIdVec>
<condition id="-1">
<or_exp><and_exp><literal name="icmp_ln22" val="0"/>
<literal name="icmp_ln22_2" val="1"/>
</and_exp></or_exp>
</condition>

<Node id="53" bw="4" op_0_bw="3">
<![CDATA[
:19  %idx_V_24 = zext i3 %idx_V_35 to i4

]]></Node>
<StgValue><ssdm name="idx_V_24"/></StgValue>
</operation>

<operation id="51" st_id="1" stage="1" lat="1">
<core>NULL</core>
<MemPortIdVec></MemPortIdVec>
<condition id="-1">
<or_exp><and_exp><literal name="icmp_ln22" val="0"/>
<literal name="icmp_ln22_2" val="1"/>
</and_exp></or_exp>
</condition>

<Node id="54" bw="0" op_0_bw="0">
<![CDATA[
:20  br label %"leading_ones<16>.exit"

]]></Node>
<StgValue><ssdm name="br_ln0"/></StgValue>
</operation>

<operation id="52" st_id="1" stage="1" lat="1">
<core>NULL</core>
<MemPortIdVec></MemPortIdVec>
<condition id="-1">
<or_exp><and_exp><literal name="icmp_ln22" val="0"/>
</and_exp></or_exp>
</condition>

<Node id="56" bw="4" op_0_bw="4" op_1_bw="0" op_2_bw="4" op_3_bw="0">
<![CDATA[
leading_ones<16>.exit:0  %idxu_V_14 = phi i4 [ %idx_V_32, %1 ], [ %idx_V_24, %2 ]

]]></Node>
<StgValue><ssdm name="idxu_V_14"/></StgValue>
</operation>

<operation id="53" st_id="1" stage="1" lat="1">
<core>NULL</core>
<MemPortIdVec></MemPortIdVec>
<condition id="-1">
<or_exp><and_exp><literal name="icmp_ln22" val="0"/>
</and_exp></or_exp>
</condition>

<Node id="57" bw="5" op_0_bw="5" op_1_bw="1" op_2_bw="4">
<![CDATA[
leading_ones<16>.exit:1  %idx_V_33 = call i5 @_ssdm_op_BitConcatenate.i5.i1.i4(i1 true, i4 %idxu_V_14)

]]></Node>
<StgValue><ssdm name="idx_V_33"/></StgValue>
</operation>

<operation id="54" st_id="1" stage="1" lat="1">
<core>NULL</core>
<MemPortIdVec></MemPortIdVec>
<condition id="-1">
<or_exp><and_exp><literal name="icmp_ln22" val="0"/>
</and_exp></or_exp>
</condition>

<Node id="58" bw="0" op_0_bw="0">
<![CDATA[
leading_ones<16>.exit:2  br label %6

]]></Node>
<StgValue><ssdm name="br_ln25"/></StgValue>
</operation>

<operation id="55" st_id="1" stage="1" lat="1">
<core>NULL</core>
<MemPortIdVec></MemPortIdVec>
<condition id="-1">
<or_exp><and_exp><literal name="icmp_ln22" val="1"/>
</and_exp></or_exp>
</condition>

<Node id="60" bw="8" op_0_bw="8" op_1_bw="32" op_2_bw="32" op_3_bw="32">
<![CDATA[
:0  %upper_V_1 = call i8 @_ssdm_op_PartSelect.i8.i32.i32.i32(i32 %din_V_read_2, i32 8, i32 15)

]]></Node>
<StgValue><ssdm name="upper_V_1"/></StgValue>
</operation>

<operation id="56" st_id="1" stage="1" lat="1">
<core>Cmp</core>
<MemPortIdVec></MemPortIdVec>
<condition id="-1">
<or_exp><and_exp><literal name="icmp_ln22" val="1"/>
</and_exp></or_exp>
</condition>

<Node id="61" bw="1" op_0_bw="8" op_1_bw="8">
<![CDATA[
:1  %icmp_ln22_1 = icmp eq i8 %upper_V_1, 0

]]></Node>
<StgValue><ssdm name="icmp_ln22_1"/></StgValue>
</operation>

<operation id="57" st_id="1" stage="1" lat="1">
<core>NULL</core>
<MemPortIdVec></MemPortIdVec>
<condition id="-1">
<or_exp><and_exp><literal name="icmp_ln22" val="1"/>
</and_exp></or_exp>
</condition>

<Node id="62" bw="0" op_0_bw="1" op_1_bw="0" op_2_bw="0">
<![CDATA[
:2  br i1 %icmp_ln22_1, label %5, label %4

]]></Node>
<StgValue><ssdm name="br_ln22"/></StgValue>
</operation>

<operation id="58" st_id="1" stage="1" lat="1">
<core>NULL</core>
<MemPortIdVec></MemPortIdVec>
<condition id="-1">
<or_exp><and_exp><literal name="icmp_ln22" val="1"/>
<literal name="icmp_ln22_1" val="0"/>
</and_exp></or_exp>
</condition>

<Node id="64" bw="4" op_0_bw="4" op_1_bw="32" op_2_bw="32" op_3_bw="32">
<![CDATA[
:0  %upper_V_10 = call i4 @_ssdm_op_PartSelect.i4.i32.i32.i32(i32 %din_V_read_2, i32 12, i32 15)

]]></Node>
<StgValue><ssdm name="upper_V_10"/></StgValue>
</operation>

<operation id="59" st_id="1" stage="1" lat="1">
<core>Cmp</core>
<MemPortIdVec></MemPortIdVec>
<condition id="-1">
<or_exp><and_exp><literal name="icmp_ln22" val="1"/>
<literal name="icmp_ln22_1" val="0"/>
</and_exp></or_exp>
</condition>

<Node id="65" bw="1" op_0_bw="4" op_1_bw="4">
<![CDATA[
:1  %icmp_ln22_6 = icmp eq i4 %upper_V_10, 0

]]></Node>
<StgValue><ssdm name="icmp_ln22_6"/></StgValue>
</operation>

<operation id="60" st_id="1" stage="1" lat="1">
<core>NULL</core>
<MemPortIdVec></MemPortIdVec>
<condition id="-1">
<or_exp><and_exp><literal name="icmp_ln22" val="1"/>
<literal name="icmp_ln22_1" val="0"/>
<literal name="icmp_ln22_6" val="1"/>
</and_exp></or_exp>
</condition>

<Node id="66" bw="2" op_0_bw="2" op_1_bw="32" op_2_bw="32" op_3_bw="32">
<![CDATA[
:2  %upper_V_11 = call i2 @_ssdm_op_PartSelect.i2.i32.i32.i32(i32 %din_V_read_2, i32 10, i32 11)

]]></Node>
<StgValue><ssdm name="upper_V_11"/></StgValue>
</operation>

<operation id="61" st_id="1" stage="1" lat="1">
<core>Cmp</core>
<MemPortIdVec></MemPortIdVec>
<condition id="-1">
<or_exp><and_exp><literal name="icmp_ln22" val="1"/>
<literal name="icmp_ln22_1" val="0"/>
<literal name="icmp_ln22_6" val="1"/>
</and_exp></or_exp>
</condition>

<Node id="67" bw="1" op_0_bw="2" op_1_bw="2">
<![CDATA[
:3  %icmp_ln22_7 = icmp eq i2 %upper_V_11, 0

]]></Node>
<StgValue><ssdm name="icmp_ln22_7"/></StgValue>
</operation>

<operation id="62" st_id="1" stage="1" lat="1">
<core>NULL</core>
<MemPortIdVec></MemPortIdVec>
<condition id="-1">
<or_exp><and_exp><literal name="icmp_ln22" val="1"/>
<literal name="icmp_ln22_1" val="0"/>
<literal name="icmp_ln22_6" val="0"/>
</and_exp></or_exp>
</condition>

<Node id="68" bw="2" op_0_bw="2" op_1_bw="32" op_2_bw="32" op_3_bw="32">
<![CDATA[
:4  %upper_V_12 = call i2 @_ssdm_op_PartSelect.i2.i32.i32.i32(i32 %din_V_read_2, i32 14, i32 15)

]]></Node>
<StgValue><ssdm name="upper_V_12"/></StgValue>
</operation>

<operation id="63" st_id="1" stage="1" lat="1">
<core>Cmp</core>
<MemPortIdVec></MemPortIdVec>
<condition id="-1">
<or_exp><and_exp><literal name="icmp_ln22" val="1"/>
<literal name="icmp_ln22_1" val="0"/>
<literal name="icmp_ln22_6" val="0"/>
</and_exp></or_exp>
</condition>

<Node id="69" bw="1" op_0_bw="2" op_1_bw="2">
<![CDATA[
:5  %icmp_ln22_8 = icmp eq i2 %upper_V_12, 0

]]></Node>
<StgValue><ssdm name="icmp_ln22_8"/></StgValue>
</operation>

<operation id="64" st_id="1" stage="1" lat="1">
<core>NULL</core>
<MemPortIdVec></MemPortIdVec>
<condition id="-1">
<or_exp><and_exp><literal name="icmp_ln22" val="1"/>
<literal name="icmp_ln22_1" val="0"/>
<literal name="icmp_ln22_7" val="1"/>
<literal name="icmp_ln22_6" val="1"/>
</and_exp></or_exp>
</condition>

<Node id="70" bw="1" op_0_bw="1" op_1_bw="32" op_2_bw="32">
<![CDATA[
:6  %upper_V_39 = call i1 @_ssdm_op_BitSelect.i1.i32.i32(i32 %din_V_read_2, i32 9)

]]></Node>
<StgValue><ssdm name="upper_V_39"/></StgValue>
</operation>

<operation id="65" st_id="1" stage="1" lat="1">
<core>NULL</core>
<MemPortIdVec></MemPortIdVec>
<condition id="-1">
<or_exp><and_exp><literal name="icmp_ln22" val="1"/>
<literal name="icmp_ln22_1" val="0"/>
<literal name="icmp_ln22_7" val="1"/>
<literal name="icmp_ln22_6" val="1"/>
</and_exp></or_exp>
</condition>

<Node id="71" bw="2" op_0_bw="1">
<![CDATA[
:7  %idx_V_9 = zext i1 %upper_V_39 to i2

]]></Node>
<StgValue><ssdm name="idx_V_9"/></StgValue>
</operation>

<operation id="66" st_id="1" stage="1" lat="1">
<core>NULL</core>
<MemPortIdVec></MemPortIdVec>
<condition id="-1">
<or_exp><and_exp><literal name="icmp_ln22" val="1"/>
<literal name="icmp_ln22_1" val="0"/>
<literal name="icmp_ln22_7" val="0"/>
<literal name="icmp_ln22_6" val="1"/>
</and_exp></or_exp>
</condition>

<Node id="72" bw="1" op_0_bw="1" op_1_bw="32" op_2_bw="32">
<![CDATA[
:8  %upper_V_40 = call i1 @_ssdm_op_BitSelect.i1.i32.i32(i32 %din_V_read_2, i32 11)

]]></Node>
<StgValue><ssdm name="upper_V_40"/></StgValue>
</operation>

<operation id="67" st_id="1" stage="1" lat="1">
<core>NULL</core>
<MemPortIdVec></MemPortIdVec>
<condition id="-1">
<or_exp><and_exp><literal name="icmp_ln22" val="1"/>
<literal name="icmp_ln22_1" val="0"/>
<literal name="icmp_ln22_7" val="0"/>
<literal name="icmp_ln22_6" val="1"/>
</and_exp></or_exp>
</condition>

<Node id="73" bw="2" op_0_bw="2" op_1_bw="1" op_2_bw="1">
<![CDATA[
:9  %idx_V_10 = call i2 @_ssdm_op_BitConcatenate.i2.i1.i1(i1 true, i1 %upper_V_40)

]]></Node>
<StgValue><ssdm name="idx_V_10"/></StgValue>
</operation>

<operation id="68" st_id="1" stage="1" lat="1">
<core>NULL</core>
<MemPortIdVec></MemPortIdVec>
<condition id="-1">
<or_exp><and_exp><literal name="icmp_ln22" val="1"/>
<literal name="icmp_ln22_1" val="0"/>
<literal name="icmp_ln22_8" val="1"/>
<literal name="icmp_ln22_6" val="0"/>
</and_exp></or_exp>
</condition>

<Node id="74" bw="1" op_0_bw="1" op_1_bw="32" op_2_bw="32">
<![CDATA[
:10  %upper_V_41 = call i1 @_ssdm_op_BitSelect.i1.i32.i32(i32 %din_V_read_2, i32 13)

]]></Node>
<StgValue><ssdm name="upper_V_41"/></StgValue>
</operation>

<operation id="69" st_id="1" stage="1" lat="1">
<core>NULL</core>
<MemPortIdVec></MemPortIdVec>
<condition id="-1">
<or_exp><and_exp><literal name="icmp_ln22" val="1"/>
<literal name="icmp_ln22_1" val="0"/>
<literal name="icmp_ln22_8" val="1"/>
<literal name="icmp_ln22_6" val="0"/>
</and_exp></or_exp>
</condition>

<Node id="75" bw="2" op_0_bw="1">
<![CDATA[
:11  %idx_V_11 = zext i1 %upper_V_41 to i2

]]></Node>
<StgValue><ssdm name="idx_V_11"/></StgValue>
</operation>

<operation id="70" st_id="1" stage="1" lat="1">
<core>NULL</core>
<MemPortIdVec></MemPortIdVec>
<condition id="-1">
<or_exp><and_exp><literal name="icmp_ln22" val="1"/>
<literal name="icmp_ln22_1" val="0"/>
<literal name="icmp_ln22_8" val="0"/>
<literal name="icmp_ln22_6" val="0"/>
</and_exp></or_exp>
</condition>

<Node id="76" bw="1" op_0_bw="1" op_1_bw="32" op_2_bw="32">
<![CDATA[
:12  %upper_V_42 = call i1 @_ssdm_op_BitSelect.i1.i32.i32(i32 %din_V_read_2, i32 15)

]]></Node>
<StgValue><ssdm name="upper_V_42"/></StgValue>
</operation>

<operation id="71" st_id="1" stage="1" lat="1">
<core>NULL</core>
<MemPortIdVec></MemPortIdVec>
<condition id="-1">
<or_exp><and_exp><literal name="icmp_ln22" val="1"/>
<literal name="icmp_ln22_1" val="0"/>
<literal name="icmp_ln22_8" val="0"/>
<literal name="icmp_ln22_6" val="0"/>
</and_exp></or_exp>
</condition>

<Node id="77" bw="2" op_0_bw="2" op_1_bw="1" op_2_bw="1">
<![CDATA[
:13  %idx_V_12 = call i2 @_ssdm_op_BitConcatenate.i2.i1.i1(i1 true, i1 %upper_V_42)

]]></Node>
<StgValue><ssdm name="idx_V_12"/></StgValue>
</operation>

<operation id="72" st_id="1" stage="1" lat="1">
<core>Sel</core>
<MemPortIdVec></MemPortIdVec>
<condition id="-1">
<or_exp><and_exp><literal name="icmp_ln22" val="1"/>
<literal name="icmp_ln22_1" val="0"/>
<literal name="icmp_ln22_6" val="1"/>
</and_exp></or_exp>
</condition>

<Node id="78" bw="2" op_0_bw="1" op_1_bw="2" op_2_bw="2">
<![CDATA[
:14  %idxl_V_6 = select i1 %icmp_ln22_7, i2 %idx_V_9, i2 %idx_V_10

]]></Node>
<StgValue><ssdm name="idxl_V_6"/></StgValue>
</operation>

<operation id="73" st_id="1" stage="1" lat="1">
<core>NULL</core>
<MemPortIdVec></MemPortIdVec>
<condition id="-1">
<or_exp><and_exp><literal name="icmp_ln22" val="1"/>
<literal name="icmp_ln22_1" val="0"/>
<literal name="icmp_ln22_6" val="1"/>
</and_exp></or_exp>
</condition>

<Node id="79" bw="3" op_0_bw="2">
<![CDATA[
:15  %idx_V_13 = zext i2 %idxl_V_6 to i3

]]></Node>
<StgValue><ssdm name="idx_V_13"/></StgValue>
</operation>

<operation id="74" st_id="1" stage="1" lat="1">
<core>Sel</core>
<MemPortIdVec></MemPortIdVec>
<condition id="-1">
<or_exp><and_exp><literal name="icmp_ln22" val="1"/>
<literal name="icmp_ln22_1" val="0"/>
<literal name="icmp_ln22_6" val="0"/>
</and_exp></or_exp>
</condition>

<Node id="80" bw="2" op_0_bw="1" op_1_bw="2" op_2_bw="2">
<![CDATA[
:16  %idxu_V_5 = select i1 %icmp_ln22_8, i2 %idx_V_11, i2 %idx_V_12

]]></Node>
<StgValue><ssdm name="idxu_V_5"/></StgValue>
</operation>

<operation id="75" st_id="1" stage="1" lat="1">
<core>NULL</core>
<MemPortIdVec></MemPortIdVec>
<condition id="-1">
<or_exp><and_exp><literal name="icmp_ln22" val="1"/>
<literal name="icmp_ln22_1" val="0"/>
<literal name="icmp_ln22_6" val="0"/>
</and_exp></or_exp>
</condition>

<Node id="81" bw="3" op_0_bw="3" op_1_bw="1" op_2_bw="2">
<![CDATA[
:17  %idx_V_14 = call i3 @_ssdm_op_BitConcatenate.i3.i1.i2(i1 true, i2 %idxu_V_5)

]]></Node>
<StgValue><ssdm name="idx_V_14"/></StgValue>
</operation>

<operation id="76" st_id="1" stage="1" lat="1">
<core>Sel</core>
<MemPortIdVec></MemPortIdVec>
<condition id="-1">
<or_exp><and_exp><literal name="icmp_ln22" val="1"/>
<literal name="icmp_ln22_1" val="0"/>
</and_exp></or_exp>
</condition>

<Node id="82" bw="3" op_0_bw="1" op_1_bw="3" op_2_bw="3">
<![CDATA[
:18  %idx_V_36 = select i1 %icmp_ln22_6, i3 %idx_V_13, i3 %idx_V_14

]]></Node>
<StgValue><ssdm name="idx_V_36"/></StgValue>
</operation>

<operation id="77" st_id="1" stage="1" lat="1">
<core>NULL</core>
<MemPortIdVec></MemPortIdVec>
<condition id="-1">
<or_exp><and_exp><literal name="icmp_ln22" val="1"/>
<literal name="icmp_ln22_1" val="0"/>
</and_exp></or_exp>
</condition>

<Node id="83" bw="4" op_0_bw="4" op_1_bw="1" op_2_bw="3">
<![CDATA[
:19  %idx_V_16 = call i4 @_ssdm_op_BitConcatenate.i4.i1.i3(i1 true, i3 %idx_V_36)

]]></Node>
<StgValue><ssdm name="idx_V_16"/></StgValue>
</operation>

<operation id="78" st_id="1" stage="1" lat="1">
<core>NULL</core>
<MemPortIdVec></MemPortIdVec>
<condition id="-1">
<or_exp><and_exp><literal name="icmp_ln22" val="1"/>
<literal name="icmp_ln22_1" val="0"/>
</and_exp></or_exp>
</condition>

<Node id="84" bw="0" op_0_bw="0">
<![CDATA[
:20  br label %"leading_ones<16>.exit13"

]]></Node>
<StgValue><ssdm name="br_ln25"/></StgValue>
</operation>

<operation id="79" st_id="1" stage="1" lat="1">
<core>NULL</core>
<MemPortIdVec></MemPortIdVec>
<condition id="-1">
<or_exp><and_exp><literal name="icmp_ln22" val="1"/>
<literal name="icmp_ln22_1" val="1"/>
</and_exp></or_exp>
</condition>

<Node id="86" bw="4" op_0_bw="4" op_1_bw="32" op_2_bw="32" op_3_bw="32">
<![CDATA[
:0  %upper_V_3 = call i4 @_ssdm_op_PartSelect.i4.i32.i32.i32(i32 %din_V_read_2, i32 4, i32 7)

]]></Node>
<StgValue><ssdm name="upper_V_3"/></StgValue>
</operation>

<operation id="80" st_id="1" stage="1" lat="1">
<core>Cmp</core>
<MemPortIdVec></MemPortIdVec>
<condition id="-1">
<or_exp><and_exp><literal name="icmp_ln22" val="1"/>
<literal name="icmp_ln22_1" val="1"/>
</and_exp></or_exp>
</condition>

<Node id="87" bw="1" op_0_bw="4" op_1_bw="4">
<![CDATA[
:1  %icmp_ln22_3 = icmp eq i4 %upper_V_3, 0

]]></Node>
<StgValue><ssdm name="icmp_ln22_3"/></StgValue>
</operation>

<operation id="81" st_id="1" stage="1" lat="1">
<core>NULL</core>
<MemPortIdVec></MemPortIdVec>
<condition id="-1">
<or_exp><and_exp><literal name="icmp_ln22" val="1"/>
<literal name="icmp_ln22_1" val="1"/>
<literal name="icmp_ln22_3" val="1"/>
</and_exp></or_exp>
</condition>

<Node id="88" bw="2" op_0_bw="2" op_1_bw="32" op_2_bw="32" op_3_bw="32">
<![CDATA[
:2  %upper_V_4 = call i2 @_ssdm_op_PartSelect.i2.i32.i32.i32(i32 %din_V_read_2, i32 2, i32 3)

]]></Node>
<StgValue><ssdm name="upper_V_4"/></StgValue>
</operation>

<operation id="82" st_id="1" stage="1" lat="1">
<core>Cmp</core>
<MemPortIdVec></MemPortIdVec>
<condition id="-1">
<or_exp><and_exp><literal name="icmp_ln22" val="1"/>
<literal name="icmp_ln22_1" val="1"/>
<literal name="icmp_ln22_3" val="1"/>
</and_exp></or_exp>
</condition>

<Node id="89" bw="1" op_0_bw="2" op_1_bw="2">
<![CDATA[
:3  %icmp_ln22_4 = icmp eq i2 %upper_V_4, 0

]]></Node>
<StgValue><ssdm name="icmp_ln22_4"/></StgValue>
</operation>

<operation id="83" st_id="1" stage="1" lat="1">
<core>NULL</core>
<MemPortIdVec></MemPortIdVec>
<condition id="-1">
<or_exp><and_exp><literal name="icmp_ln22" val="1"/>
<literal name="icmp_ln22_1" val="1"/>
<literal name="icmp_ln22_3" val="0"/>
</and_exp></or_exp>
</condition>

<Node id="90" bw="2" op_0_bw="2" op_1_bw="32" op_2_bw="32" op_3_bw="32">
<![CDATA[
:4  %upper_V_5 = call i2 @_ssdm_op_PartSelect.i2.i32.i32.i32(i32 %din_V_read_2, i32 6, i32 7)

]]></Node>
<StgValue><ssdm name="upper_V_5"/></StgValue>
</operation>

<operation id="84" st_id="1" stage="1" lat="1">
<core>Cmp</core>
<MemPortIdVec></MemPortIdVec>
<condition id="-1">
<or_exp><and_exp><literal name="icmp_ln22" val="1"/>
<literal name="icmp_ln22_1" val="1"/>
<literal name="icmp_ln22_3" val="0"/>
</and_exp></or_exp>
</condition>

<Node id="91" bw="1" op_0_bw="2" op_1_bw="2">
<![CDATA[
:5  %icmp_ln22_5 = icmp eq i2 %upper_V_5, 0

]]></Node>
<StgValue><ssdm name="icmp_ln22_5"/></StgValue>
</operation>

<operation id="85" st_id="1" stage="1" lat="1">
<core>NULL</core>
<MemPortIdVec></MemPortIdVec>
<condition id="-1">
<or_exp><and_exp><literal name="icmp_ln22" val="1"/>
<literal name="icmp_ln22_1" val="1"/>
<literal name="icmp_ln22_4" val="1"/>
<literal name="icmp_ln22_3" val="1"/>
</and_exp></or_exp>
</condition>

<Node id="92" bw="1" op_0_bw="1" op_1_bw="32" op_2_bw="32">
<![CDATA[
:6  %upper_V_43 = call i1 @_ssdm_op_BitSelect.i1.i32.i32(i32 %din_V_read_2, i32 1)

]]></Node>
<StgValue><ssdm name="upper_V_43"/></StgValue>
</operation>

<operation id="86" st_id="1" stage="1" lat="1">
<core>NULL</core>
<MemPortIdVec></MemPortIdVec>
<condition id="-1">
<or_exp><and_exp><literal name="icmp_ln22" val="1"/>
<literal name="icmp_ln22_1" val="1"/>
<literal name="icmp_ln22_4" val="1"/>
<literal name="icmp_ln22_3" val="1"/>
</and_exp></or_exp>
</condition>

<Node id="93" bw="2" op_0_bw="1">
<![CDATA[
:7  %idx_V_1 = zext i1 %upper_V_43 to i2

]]></Node>
<StgValue><ssdm name="idx_V_1"/></StgValue>
</operation>

<operation id="87" st_id="1" stage="1" lat="1">
<core>NULL</core>
<MemPortIdVec></MemPortIdVec>
<condition id="-1">
<or_exp><and_exp><literal name="icmp_ln22" val="1"/>
<literal name="icmp_ln22_1" val="1"/>
<literal name="icmp_ln22_4" val="0"/>
<literal name="icmp_ln22_3" val="1"/>
</and_exp></or_exp>
</condition>

<Node id="94" bw="1" op_0_bw="1" op_1_bw="32" op_2_bw="32">
<![CDATA[
:8  %upper_V_44 = call i1 @_ssdm_op_BitSelect.i1.i32.i32(i32 %din_V_read_2, i32 3)

]]></Node>
<StgValue><ssdm name="upper_V_44"/></StgValue>
</operation>

<operation id="88" st_id="1" stage="1" lat="1">
<core>NULL</core>
<MemPortIdVec></MemPortIdVec>
<condition id="-1">
<or_exp><and_exp><literal name="icmp_ln22" val="1"/>
<literal name="icmp_ln22_1" val="1"/>
<literal name="icmp_ln22_4" val="0"/>
<literal name="icmp_ln22_3" val="1"/>
</and_exp></or_exp>
</condition>

<Node id="95" bw="2" op_0_bw="2" op_1_bw="1" op_2_bw="1">
<![CDATA[
:9  %idx_V_2 = call i2 @_ssdm_op_BitConcatenate.i2.i1.i1(i1 true, i1 %upper_V_44)

]]></Node>
<StgValue><ssdm name="idx_V_2"/></StgValue>
</operation>

<operation id="89" st_id="1" stage="1" lat="1">
<core>NULL</core>
<MemPortIdVec></MemPortIdVec>
<condition id="-1">
<or_exp><and_exp><literal name="icmp_ln22" val="1"/>
<literal name="icmp_ln22_1" val="1"/>
<literal name="icmp_ln22_5" val="1"/>
<literal name="icmp_ln22_3" val="0"/>
</and_exp></or_exp>
</condition>

<Node id="96" bw="1" op_0_bw="1" op_1_bw="32" op_2_bw="32">
<![CDATA[
:10  %upper_V_45 = call i1 @_ssdm_op_BitSelect.i1.i32.i32(i32 %din_V_read_2, i32 5)

]]></Node>
<StgValue><ssdm name="upper_V_45"/></StgValue>
</operation>

<operation id="90" st_id="1" stage="1" lat="1">
<core>NULL</core>
<MemPortIdVec></MemPortIdVec>
<condition id="-1">
<or_exp><and_exp><literal name="icmp_ln22" val="1"/>
<literal name="icmp_ln22_1" val="1"/>
<literal name="icmp_ln22_5" val="1"/>
<literal name="icmp_ln22_3" val="0"/>
</and_exp></or_exp>
</condition>

<Node id="97" bw="2" op_0_bw="1">
<![CDATA[
:11  %idx_V_3 = zext i1 %upper_V_45 to i2

]]></Node>
<StgValue><ssdm name="idx_V_3"/></StgValue>
</operation>

<operation id="91" st_id="1" stage="1" lat="1">
<core>NULL</core>
<MemPortIdVec></MemPortIdVec>
<condition id="-1">
<or_exp><and_exp><literal name="icmp_ln22" val="1"/>
<literal name="icmp_ln22_1" val="1"/>
<literal name="icmp_ln22_5" val="0"/>
<literal name="icmp_ln22_3" val="0"/>
</and_exp></or_exp>
</condition>

<Node id="98" bw="1" op_0_bw="1" op_1_bw="32" op_2_bw="32">
<![CDATA[
:12  %upper_V_46 = call i1 @_ssdm_op_BitSelect.i1.i32.i32(i32 %din_V_read_2, i32 7)

]]></Node>
<StgValue><ssdm name="upper_V_46"/></StgValue>
</operation>

<operation id="92" st_id="1" stage="1" lat="1">
<core>NULL</core>
<MemPortIdVec></MemPortIdVec>
<condition id="-1">
<or_exp><and_exp><literal name="icmp_ln22" val="1"/>
<literal name="icmp_ln22_1" val="1"/>
<literal name="icmp_ln22_5" val="0"/>
<literal name="icmp_ln22_3" val="0"/>
</and_exp></or_exp>
</condition>

<Node id="99" bw="2" op_0_bw="2" op_1_bw="1" op_2_bw="1">
<![CDATA[
:13  %idx_V_4 = call i2 @_ssdm_op_BitConcatenate.i2.i1.i1(i1 true, i1 %upper_V_46)

]]></Node>
<StgValue><ssdm name="idx_V_4"/></StgValue>
</operation>

<operation id="93" st_id="1" stage="1" lat="1">
<core>Sel</core>
<MemPortIdVec></MemPortIdVec>
<condition id="-1">
<or_exp><and_exp><literal name="icmp_ln22" val="1"/>
<literal name="icmp_ln22_1" val="1"/>
<literal name="icmp_ln22_3" val="1"/>
</and_exp></or_exp>
</condition>

<Node id="100" bw="2" op_0_bw="1" op_1_bw="2" op_2_bw="2">
<![CDATA[
:14  %idxl_V_2 = select i1 %icmp_ln22_4, i2 %idx_V_1, i2 %idx_V_2

]]></Node>
<StgValue><ssdm name="idxl_V_2"/></StgValue>
</operation>

<operation id="94" st_id="1" stage="1" lat="1">
<core>NULL</core>
<MemPortIdVec></MemPortIdVec>
<condition id="-1">
<or_exp><and_exp><literal name="icmp_ln22" val="1"/>
<literal name="icmp_ln22_1" val="1"/>
<literal name="icmp_ln22_3" val="1"/>
</and_exp></or_exp>
</condition>

<Node id="101" bw="3" op_0_bw="2">
<![CDATA[
:15  %idx_V_5 = zext i2 %idxl_V_2 to i3

]]></Node>
<StgValue><ssdm name="idx_V_5"/></StgValue>
</operation>

<operation id="95" st_id="1" stage="1" lat="1">
<core>Sel</core>
<MemPortIdVec></MemPortIdVec>
<condition id="-1">
<or_exp><and_exp><literal name="icmp_ln22" val="1"/>
<literal name="icmp_ln22_1" val="1"/>
<literal name="icmp_ln22_3" val="0"/>
</and_exp></or_exp>
</condition>

<Node id="102" bw="2" op_0_bw="1" op_1_bw="2" op_2_bw="2">
<![CDATA[
:16  %idxu_V_2 = select i1 %icmp_ln22_5, i2 %idx_V_3, i2 %idx_V_4

]]></Node>
<StgValue><ssdm name="idxu_V_2"/></StgValue>
</operation>

<operation id="96" st_id="1" stage="1" lat="1">
<core>NULL</core>
<MemPortIdVec></MemPortIdVec>
<condition id="-1">
<or_exp><and_exp><literal name="icmp_ln22" val="1"/>
<literal name="icmp_ln22_1" val="1"/>
<literal name="icmp_ln22_3" val="0"/>
</and_exp></or_exp>
</condition>

<Node id="103" bw="3" op_0_bw="3" op_1_bw="1" op_2_bw="2">
<![CDATA[
:17  %idx_V_6 = call i3 @_ssdm_op_BitConcatenate.i3.i1.i2(i1 true, i2 %idxu_V_2)

]]></Node>
<StgValue><ssdm name="idx_V_6"/></StgValue>
</operation>

<operation id="97" st_id="1" stage="1" lat="1">
<core>Sel</core>
<MemPortIdVec></MemPortIdVec>
<condition id="-1">
<or_exp><and_exp><literal name="icmp_ln22" val="1"/>
<literal name="icmp_ln22_1" val="1"/>
</and_exp></or_exp>
</condition>

<Node id="104" bw="3" op_0_bw="1" op_1_bw="3" op_2_bw="3">
<![CDATA[
:18  %idx_V_37 = select i1 %icmp_ln22_3, i3 %idx_V_5, i3 %idx_V_6

]]></Node>
<StgValue><ssdm name="idx_V_37"/></StgValue>
</operation>

<operation id="98" st_id="1" stage="1" lat="1">
<core>NULL</core>
<MemPortIdVec></MemPortIdVec>
<condition id="-1">
<or_exp><and_exp><literal name="icmp_ln22" val="1"/>
<literal name="icmp_ln22_1" val="1"/>
</and_exp></or_exp>
</condition>

<Node id="105" bw="4" op_0_bw="3">
<![CDATA[
:19  %idx_V_8 = zext i3 %idx_V_37 to i4

]]></Node>
<StgValue><ssdm name="idx_V_8"/></StgValue>
</operation>

<operation id="99" st_id="1" stage="1" lat="1">
<core>NULL</core>
<MemPortIdVec></MemPortIdVec>
<condition id="-1">
<or_exp><and_exp><literal name="icmp_ln22" val="1"/>
<literal name="icmp_ln22_1" val="1"/>
</and_exp></or_exp>
</condition>

<Node id="106" bw="0" op_0_bw="0">
<![CDATA[
:20  br label %"leading_ones<16>.exit13"

]]></Node>
<StgValue><ssdm name="br_ln0"/></StgValue>
</operation>

<operation id="100" st_id="1" stage="1" lat="1">
<core>NULL</core>
<MemPortIdVec></MemPortIdVec>
<condition id="-1">
<or_exp><and_exp><literal name="icmp_ln22" val="1"/>
</and_exp></or_exp>
</condition>

<Node id="108" bw="4" op_0_bw="4" op_1_bw="0" op_2_bw="4" op_3_bw="0">
<![CDATA[
leading_ones<16>.exit13:0  %idxl_V_14 = phi i4 [ %idx_V_16, %4 ], [ %idx_V_8, %5 ]

]]></Node>
<StgValue><ssdm name="idxl_V_14"/></StgValue>
</operation>

<operation id="101" st_id="1" stage="1" lat="1">
<core>NULL</core>
<MemPortIdVec></MemPortIdVec>
<condition id="-1">
<or_exp><and_exp><literal name="icmp_ln22" val="1"/>
</and_exp></or_exp>
</condition>

<Node id="109" bw="5" op_0_bw="4">
<![CDATA[
leading_ones<16>.exit13:1  %idx_V = zext i4 %idxl_V_14 to i5

]]></Node>
<StgValue><ssdm name="idx_V"/></StgValue>
</operation>

<operation id="102" st_id="1" stage="1" lat="1">
<core>NULL</core>
<MemPortIdVec></MemPortIdVec>
<condition id="-1">
<or_exp><and_exp><literal name="icmp_ln22" val="1"/>
</and_exp></or_exp>
</condition>

<Node id="110" bw="0" op_0_bw="0">
<![CDATA[
leading_ones<16>.exit13:2  br label %6

]]></Node>
<StgValue><ssdm name="br_ln0"/></StgValue>
</operation>

<operation id="103" st_id="1" stage="1" lat="1">
<core>NULL</core>
<MemPortIdVec></MemPortIdVec>
<condition id="-1">
<or_exp><and_exp></and_exp></or_exp>
</condition>

<Node id="112" bw="5" op_0_bw="5" op_1_bw="0" op_2_bw="5" op_3_bw="0">
<![CDATA[
:0  %ssdm_int_V_write_ass = phi i5 [ %idx_V_33, %"leading_ones<16>.exit" ], [ %idx_V, %"leading_ones<16>.exit13" ]

]]></Node>
<StgValue><ssdm name="ssdm_int_V_write_ass"/></StgValue>
</operation>

<operation id="104" st_id="1" stage="1" lat="1">
<core>NULL</core>
<MemPortIdVec></MemPortIdVec>
<condition id="-1">
<or_exp><and_exp></and_exp></or_exp>
</condition>

<Node id="113" bw="6" op_0_bw="6" op_1_bw="1">
<![CDATA[
:1  %mrv = insertvalue { i1, i5 } undef, i1 %icmp_ln883, 0

]]></Node>
<StgValue><ssdm name="mrv"/></StgValue>
</operation>

<operation id="105" st_id="1" stage="1" lat="1">
<core>NULL</core>
<MemPortIdVec></MemPortIdVec>
<condition id="-1">
<or_exp><and_exp></and_exp></or_exp>
</condition>

<Node id="114" bw="6" op_0_bw="6" op_1_bw="5">
<![CDATA[
:2  %mrv_1 = insertvalue { i1, i5 } %mrv, i5 %ssdm_int_V_write_ass, 1

]]></Node>
<StgValue><ssdm name="mrv_1"/></StgValue>
</operation>

<operation id="106" st_id="1" stage="1" lat="1">
<core>NULL</core>
<MemPortIdVec></MemPortIdVec>
<condition id="-1">
<or_exp><and_exp></and_exp></or_exp>
</condition>

<Node id="115" bw="0" op_0_bw="6">
<![CDATA[
:3  ret { i1, i5 } %mrv_1

]]></Node>
<StgValue><ssdm name="ret_ln30"/></StgValue>
</operation>
</state>
</state_list>


<ports>
<port id="107" name="din_V_read" dir="0" iftype="0">
<core>NULL</core><StgValue><ssdm name="din_V_read"/></StgValue>
</port>
</ports>


<dataflows>
<dataflow id="109" from="_ssdm_op_Read.ap_auto.i32" to="din_V_read_2" fromId="108" toId="2">
</dataflow>
<dataflow id="110" from="din_V_read" to="din_V_read_2" fromId="107" toId="2">
</dataflow>
<dataflow id="112" from="_ssdm_op_PartSelect.i16.i32.i32.i32" to="upper_V" fromId="111" toId="3">
</dataflow>
<dataflow id="113" from="din_V_read_2" to="upper_V" fromId="2" toId="3">
</dataflow>
<dataflow id="115" from="StgValue_114" to="upper_V" fromId="114" toId="3">
</dataflow>
<dataflow id="117" from="StgValue_116" to="upper_V" fromId="116" toId="3">
</dataflow>
<dataflow id="118" from="din_V_read_2" to="icmp_ln883" fromId="2" toId="4">
</dataflow>
<dataflow id="120" from="StgValue_119" to="icmp_ln883" fromId="119" toId="4">
</dataflow>
<dataflow id="121" from="upper_V" to="icmp_ln22" fromId="3" toId="5">
</dataflow>
<dataflow id="123" from="StgValue_122" to="icmp_ln22" fromId="122" toId="5">
</dataflow>
<dataflow id="124" from="icmp_ln22" to="br_ln22" fromId="5" toId="6">
</dataflow>
<dataflow id="126" from="_ssdm_op_PartSelect.i8.i32.i32.i32" to="upper_V_2" fromId="125" toId="7">
</dataflow>
<dataflow id="127" from="din_V_read_2" to="upper_V_2" fromId="2" toId="7">
</dataflow>
<dataflow id="129" from="StgValue_128" to="upper_V_2" fromId="128" toId="7">
</dataflow>
<dataflow id="130" from="StgValue_116" to="upper_V_2" fromId="116" toId="7">
</dataflow>
<dataflow id="131" from="upper_V_2" to="icmp_ln22_2" fromId="7" toId="8">
</dataflow>
<dataflow id="133" from="StgValue_132" to="icmp_ln22_2" fromId="132" toId="8">
</dataflow>
<dataflow id="134" from="icmp_ln22_2" to="br_ln22" fromId="8" toId="9">
</dataflow>
<dataflow id="136" from="_ssdm_op_PartSelect.i4.i32.i32.i32" to="upper_V_24" fromId="135" toId="10">
</dataflow>
<dataflow id="137" from="din_V_read_2" to="upper_V_24" fromId="2" toId="10">
</dataflow>
<dataflow id="139" from="StgValue_138" to="upper_V_24" fromId="138" toId="10">
</dataflow>
<dataflow id="140" from="StgValue_116" to="upper_V_24" fromId="116" toId="10">
</dataflow>
<dataflow id="141" from="upper_V_24" to="icmp_ln22_12" fromId="10" toId="11">
</dataflow>
<dataflow id="143" from="StgValue_142" to="icmp_ln22_12" fromId="142" toId="11">
</dataflow>
<dataflow id="145" from="_ssdm_op_PartSelect.i2.i32.i32.i32" to="upper_V_25" fromId="144" toId="12">
</dataflow>
<dataflow id="146" from="din_V_read_2" to="upper_V_25" fromId="2" toId="12">
</dataflow>
<dataflow id="148" from="StgValue_147" to="upper_V_25" fromId="147" toId="12">
</dataflow>
<dataflow id="150" from="StgValue_149" to="upper_V_25" fromId="149" toId="12">
</dataflow>
<dataflow id="151" from="upper_V_25" to="icmp_ln22_13" fromId="12" toId="13">
</dataflow>
<dataflow id="153" from="StgValue_152" to="icmp_ln22_13" fromId="152" toId="13">
</dataflow>
<dataflow id="154" from="_ssdm_op_PartSelect.i2.i32.i32.i32" to="upper_V_26" fromId="144" toId="14">
</dataflow>
<dataflow id="155" from="din_V_read_2" to="upper_V_26" fromId="2" toId="14">
</dataflow>
<dataflow id="157" from="StgValue_156" to="upper_V_26" fromId="156" toId="14">
</dataflow>
<dataflow id="158" from="StgValue_116" to="upper_V_26" fromId="116" toId="14">
</dataflow>
<dataflow id="159" from="upper_V_26" to="icmp_ln22_14" fromId="14" toId="15">
</dataflow>
<dataflow id="160" from="StgValue_152" to="icmp_ln22_14" fromId="152" toId="15">
</dataflow>
<dataflow id="162" from="_ssdm_op_BitSelect.i1.i32.i32" to="upper_V_31" fromId="161" toId="16">
</dataflow>
<dataflow id="163" from="din_V_read_2" to="upper_V_31" fromId="2" toId="16">
</dataflow>
<dataflow id="165" from="StgValue_164" to="upper_V_31" fromId="164" toId="16">
</dataflow>
<dataflow id="166" from="upper_V_31" to="idx_V_25" fromId="16" toId="17">
</dataflow>
<dataflow id="167" from="_ssdm_op_BitSelect.i1.i32.i32" to="upper_V_32" fromId="161" toId="18">
</dataflow>
<dataflow id="168" from="din_V_read_2" to="upper_V_32" fromId="2" toId="18">
</dataflow>
<dataflow id="169" from="StgValue_149" to="upper_V_32" fromId="149" toId="18">
</dataflow>
<dataflow id="171" from="_ssdm_op_BitConcatenate.i2.i1.i1" to="idx_V_26" fromId="170" toId="19">
</dataflow>
<dataflow id="173" from="StgValue_172" to="idx_V_26" fromId="172" toId="19">
</dataflow>
<dataflow id="174" from="upper_V_32" to="idx_V_26" fromId="18" toId="19">
</dataflow>
<dataflow id="175" from="_ssdm_op_BitSelect.i1.i32.i32" to="upper_V_33" fromId="161" toId="20">
</dataflow>
<dataflow id="176" from="din_V_read_2" to="upper_V_33" fromId="2" toId="20">
</dataflow>
<dataflow id="178" from="StgValue_177" to="upper_V_33" fromId="177" toId="20">
</dataflow>
<dataflow id="179" from="upper_V_33" to="idx_V_27" fromId="20" toId="21">
</dataflow>
<dataflow id="180" from="_ssdm_op_BitSelect.i1.i32.i32" to="upper_V_34" fromId="161" toId="22">
</dataflow>
<dataflow id="181" from="din_V_read_2" to="upper_V_34" fromId="2" toId="22">
</dataflow>
<dataflow id="182" from="StgValue_116" to="upper_V_34" fromId="116" toId="22">
</dataflow>
<dataflow id="183" from="_ssdm_op_BitConcatenate.i2.i1.i1" to="idx_V_28" fromId="170" toId="23">
</dataflow>
<dataflow id="184" from="StgValue_172" to="idx_V_28" fromId="172" toId="23">
</dataflow>
<dataflow id="185" from="upper_V_34" to="idx_V_28" fromId="22" toId="23">
</dataflow>
<dataflow id="186" from="icmp_ln22_13" to="idxl_V_13" fromId="13" toId="24">
</dataflow>
<dataflow id="187" from="idx_V_25" to="idxl_V_13" fromId="17" toId="24">
</dataflow>
<dataflow id="188" from="idx_V_26" to="idxl_V_13" fromId="19" toId="24">
</dataflow>
<dataflow id="189" from="idxl_V_13" to="idx_V_29" fromId="24" toId="25">
</dataflow>
<dataflow id="190" from="icmp_ln22_14" to="idxu_V_12" fromId="15" toId="26">
</dataflow>
<dataflow id="191" from="idx_V_27" to="idxu_V_12" fromId="21" toId="26">
</dataflow>
<dataflow id="192" from="idx_V_28" to="idxu_V_12" fromId="23" toId="26">
</dataflow>
<dataflow id="194" from="_ssdm_op_BitConcatenate.i3.i1.i2" to="idx_V_30" fromId="193" toId="27">
</dataflow>
<dataflow id="195" from="StgValue_172" to="idx_V_30" fromId="172" toId="27">
</dataflow>
<dataflow id="196" from="idxu_V_12" to="idx_V_30" fromId="26" toId="27">
</dataflow>
<dataflow id="197" from="icmp_ln22_12" to="idx_V_34" fromId="11" toId="28">
</dataflow>
<dataflow id="198" from="idx_V_29" to="idx_V_34" fromId="25" toId="28">
</dataflow>
<dataflow id="199" from="idx_V_30" to="idx_V_34" fromId="27" toId="28">
</dataflow>
<dataflow id="201" from="_ssdm_op_BitConcatenate.i4.i1.i3" to="idx_V_32" fromId="200" toId="29">
</dataflow>
<dataflow id="202" from="StgValue_172" to="idx_V_32" fromId="172" toId="29">
</dataflow>
<dataflow id="203" from="idx_V_34" to="idx_V_32" fromId="28" toId="29">
</dataflow>
<dataflow id="204" from="_ssdm_op_PartSelect.i4.i32.i32.i32" to="upper_V_17" fromId="135" toId="31">
</dataflow>
<dataflow id="205" from="din_V_read_2" to="upper_V_17" fromId="2" toId="31">
</dataflow>
<dataflow id="207" from="StgValue_206" to="upper_V_17" fromId="206" toId="31">
</dataflow>
<dataflow id="209" from="StgValue_208" to="upper_V_17" fromId="208" toId="31">
</dataflow>
<dataflow id="210" from="upper_V_17" to="icmp_ln22_9" fromId="31" toId="32">
</dataflow>
<dataflow id="211" from="StgValue_142" to="icmp_ln22_9" fromId="142" toId="32">
</dataflow>
<dataflow id="212" from="_ssdm_op_PartSelect.i2.i32.i32.i32" to="upper_V_18" fromId="144" toId="33">
</dataflow>
<dataflow id="213" from="din_V_read_2" to="upper_V_18" fromId="2" toId="33">
</dataflow>
<dataflow id="215" from="StgValue_214" to="upper_V_18" fromId="214" toId="33">
</dataflow>
<dataflow id="217" from="StgValue_216" to="upper_V_18" fromId="216" toId="33">
</dataflow>
<dataflow id="218" from="upper_V_18" to="icmp_ln22_10" fromId="33" toId="34">
</dataflow>
<dataflow id="219" from="StgValue_152" to="icmp_ln22_10" fromId="152" toId="34">
</dataflow>
<dataflow id="220" from="_ssdm_op_PartSelect.i2.i32.i32.i32" to="upper_V_19" fromId="144" toId="35">
</dataflow>
<dataflow id="221" from="din_V_read_2" to="upper_V_19" fromId="2" toId="35">
</dataflow>
<dataflow id="223" from="StgValue_222" to="upper_V_19" fromId="222" toId="35">
</dataflow>
<dataflow id="224" from="StgValue_208" to="upper_V_19" fromId="208" toId="35">
</dataflow>
<dataflow id="225" from="upper_V_19" to="icmp_ln22_11" fromId="35" toId="36">
</dataflow>
<dataflow id="226" from="StgValue_152" to="icmp_ln22_11" fromId="152" toId="36">
</dataflow>
<dataflow id="227" from="_ssdm_op_BitSelect.i1.i32.i32" to="upper_V_35" fromId="161" toId="37">
</dataflow>
<dataflow id="228" from="din_V_read_2" to="upper_V_35" fromId="2" toId="37">
</dataflow>
<dataflow id="230" from="StgValue_229" to="upper_V_35" fromId="229" toId="37">
</dataflow>
<dataflow id="231" from="upper_V_35" to="idx_V_17" fromId="37" toId="38">
</dataflow>
<dataflow id="232" from="_ssdm_op_BitSelect.i1.i32.i32" to="upper_V_36" fromId="161" toId="39">
</dataflow>
<dataflow id="233" from="din_V_read_2" to="upper_V_36" fromId="2" toId="39">
</dataflow>
<dataflow id="234" from="StgValue_216" to="upper_V_36" fromId="216" toId="39">
</dataflow>
<dataflow id="235" from="_ssdm_op_BitConcatenate.i2.i1.i1" to="idx_V_18" fromId="170" toId="40">
</dataflow>
<dataflow id="236" from="StgValue_172" to="idx_V_18" fromId="172" toId="40">
</dataflow>
<dataflow id="237" from="upper_V_36" to="idx_V_18" fromId="39" toId="40">
</dataflow>
<dataflow id="238" from="_ssdm_op_BitSelect.i1.i32.i32" to="upper_V_37" fromId="161" toId="41">
</dataflow>
<dataflow id="239" from="din_V_read_2" to="upper_V_37" fromId="2" toId="41">
</dataflow>
<dataflow id="241" from="StgValue_240" to="upper_V_37" fromId="240" toId="41">
</dataflow>
<dataflow id="242" from="upper_V_37" to="idx_V_19" fromId="41" toId="42">
</dataflow>
<dataflow id="243" from="_ssdm_op_BitSelect.i1.i32.i32" to="upper_V_38" fromId="161" toId="43">
</dataflow>
<dataflow id="244" from="din_V_read_2" to="upper_V_38" fromId="2" toId="43">
</dataflow>
<dataflow id="245" from="StgValue_208" to="upper_V_38" fromId="208" toId="43">
</dataflow>
<dataflow id="246" from="_ssdm_op_BitConcatenate.i2.i1.i1" to="idx_V_20" fromId="170" toId="44">
</dataflow>
<dataflow id="247" from="StgValue_172" to="idx_V_20" fromId="172" toId="44">
</dataflow>
<dataflow id="248" from="upper_V_38" to="idx_V_20" fromId="43" toId="44">
</dataflow>
<dataflow id="249" from="icmp_ln22_10" to="idxl_V_9" fromId="34" toId="45">
</dataflow>
<dataflow id="250" from="idx_V_17" to="idxl_V_9" fromId="38" toId="45">
</dataflow>
<dataflow id="251" from="idx_V_18" to="idxl_V_9" fromId="40" toId="45">
</dataflow>
<dataflow id="252" from="idxl_V_9" to="idx_V_21" fromId="45" toId="46">
</dataflow>
<dataflow id="253" from="icmp_ln22_11" to="idxu_V_9" fromId="36" toId="47">
</dataflow>
<dataflow id="254" from="idx_V_19" to="idxu_V_9" fromId="42" toId="47">
</dataflow>
<dataflow id="255" from="idx_V_20" to="idxu_V_9" fromId="44" toId="47">
</dataflow>
<dataflow id="256" from="_ssdm_op_BitConcatenate.i3.i1.i2" to="idx_V_22" fromId="193" toId="48">
</dataflow>
<dataflow id="257" from="StgValue_172" to="idx_V_22" fromId="172" toId="48">
</dataflow>
<dataflow id="258" from="idxu_V_9" to="idx_V_22" fromId="47" toId="48">
</dataflow>
<dataflow id="259" from="icmp_ln22_9" to="idx_V_35" fromId="32" toId="49">
</dataflow>
<dataflow id="260" from="idx_V_21" to="idx_V_35" fromId="46" toId="49">
</dataflow>
<dataflow id="261" from="idx_V_22" to="idx_V_35" fromId="48" toId="49">
</dataflow>
<dataflow id="262" from="idx_V_35" to="idx_V_24" fromId="49" toId="50">
</dataflow>
<dataflow id="263" from="idx_V_32" to="idxu_V_14" fromId="29" toId="52">
<condition id="-1">
<or_exp><and_exp><literal name="icmp_ln22" val="0"/>
<literal name="icmp_ln22_2" val="0"/>
</and_exp></or_exp>
</condition>
</dataflow>
<dataflow id="264" from="br_ln25" to="idxu_V_14" fromId="30" toId="52">
</dataflow>
<dataflow id="265" from="idx_V_24" to="idxu_V_14" fromId="50" toId="52">
<condition id="-1">
<or_exp><and_exp><literal name="icmp_ln22" val="0"/>
<literal name="icmp_ln22_2" val="1"/>
</and_exp></or_exp>
</condition>
</dataflow>
<dataflow id="266" from="br_ln0" to="idxu_V_14" fromId="51" toId="52">
</dataflow>
<dataflow id="268" from="_ssdm_op_BitConcatenate.i5.i1.i4" to="idx_V_33" fromId="267" toId="53">
</dataflow>
<dataflow id="269" from="StgValue_172" to="idx_V_33" fromId="172" toId="53">
</dataflow>
<dataflow id="270" from="idxu_V_14" to="idx_V_33" fromId="52" toId="53">
</dataflow>
<dataflow id="271" from="_ssdm_op_PartSelect.i8.i32.i32.i32" to="upper_V_1" fromId="125" toId="55">
</dataflow>
<dataflow id="272" from="din_V_read_2" to="upper_V_1" fromId="2" toId="55">
</dataflow>
<dataflow id="274" from="StgValue_273" to="upper_V_1" fromId="273" toId="55">
</dataflow>
<dataflow id="276" from="StgValue_275" to="upper_V_1" fromId="275" toId="55">
</dataflow>
<dataflow id="277" from="upper_V_1" to="icmp_ln22_1" fromId="55" toId="56">
</dataflow>
<dataflow id="278" from="StgValue_132" to="icmp_ln22_1" fromId="132" toId="56">
</dataflow>
<dataflow id="279" from="icmp_ln22_1" to="br_ln22" fromId="56" toId="57">
</dataflow>
<dataflow id="280" from="_ssdm_op_PartSelect.i4.i32.i32.i32" to="upper_V_10" fromId="135" toId="58">
</dataflow>
<dataflow id="281" from="din_V_read_2" to="upper_V_10" fromId="2" toId="58">
</dataflow>
<dataflow id="283" from="StgValue_282" to="upper_V_10" fromId="282" toId="58">
</dataflow>
<dataflow id="284" from="StgValue_275" to="upper_V_10" fromId="275" toId="58">
</dataflow>
<dataflow id="285" from="upper_V_10" to="icmp_ln22_6" fromId="58" toId="59">
</dataflow>
<dataflow id="286" from="StgValue_142" to="icmp_ln22_6" fromId="142" toId="59">
</dataflow>
<dataflow id="287" from="_ssdm_op_PartSelect.i2.i32.i32.i32" to="upper_V_11" fromId="144" toId="60">
</dataflow>
<dataflow id="288" from="din_V_read_2" to="upper_V_11" fromId="2" toId="60">
</dataflow>
<dataflow id="290" from="StgValue_289" to="upper_V_11" fromId="289" toId="60">
</dataflow>
<dataflow id="292" from="StgValue_291" to="upper_V_11" fromId="291" toId="60">
</dataflow>
<dataflow id="293" from="upper_V_11" to="icmp_ln22_7" fromId="60" toId="61">
</dataflow>
<dataflow id="294" from="StgValue_152" to="icmp_ln22_7" fromId="152" toId="61">
</dataflow>
<dataflow id="295" from="_ssdm_op_PartSelect.i2.i32.i32.i32" to="upper_V_12" fromId="144" toId="62">
</dataflow>
<dataflow id="296" from="din_V_read_2" to="upper_V_12" fromId="2" toId="62">
</dataflow>
<dataflow id="298" from="StgValue_297" to="upper_V_12" fromId="297" toId="62">
</dataflow>
<dataflow id="299" from="StgValue_275" to="upper_V_12" fromId="275" toId="62">
</dataflow>
<dataflow id="300" from="upper_V_12" to="icmp_ln22_8" fromId="62" toId="63">
</dataflow>
<dataflow id="301" from="StgValue_152" to="icmp_ln22_8" fromId="152" toId="63">
</dataflow>
<dataflow id="302" from="_ssdm_op_BitSelect.i1.i32.i32" to="upper_V_39" fromId="161" toId="64">
</dataflow>
<dataflow id="303" from="din_V_read_2" to="upper_V_39" fromId="2" toId="64">
</dataflow>
<dataflow id="305" from="StgValue_304" to="upper_V_39" fromId="304" toId="64">
</dataflow>
<dataflow id="306" from="upper_V_39" to="idx_V_9" fromId="64" toId="65">
</dataflow>
<dataflow id="307" from="_ssdm_op_BitSelect.i1.i32.i32" to="upper_V_40" fromId="161" toId="66">
</dataflow>
<dataflow id="308" from="din_V_read_2" to="upper_V_40" fromId="2" toId="66">
</dataflow>
<dataflow id="309" from="StgValue_291" to="upper_V_40" fromId="291" toId="66">
</dataflow>
<dataflow id="310" from="_ssdm_op_BitConcatenate.i2.i1.i1" to="idx_V_10" fromId="170" toId="67">
</dataflow>
<dataflow id="311" from="StgValue_172" to="idx_V_10" fromId="172" toId="67">
</dataflow>
<dataflow id="312" from="upper_V_40" to="idx_V_10" fromId="66" toId="67">
</dataflow>
<dataflow id="313" from="_ssdm_op_BitSelect.i1.i32.i32" to="upper_V_41" fromId="161" toId="68">
</dataflow>
<dataflow id="314" from="din_V_read_2" to="upper_V_41" fromId="2" toId="68">
</dataflow>
<dataflow id="316" from="StgValue_315" to="upper_V_41" fromId="315" toId="68">
</dataflow>
<dataflow id="317" from="upper_V_41" to="idx_V_11" fromId="68" toId="69">
</dataflow>
<dataflow id="318" from="_ssdm_op_BitSelect.i1.i32.i32" to="upper_V_42" fromId="161" toId="70">
</dataflow>
<dataflow id="319" from="din_V_read_2" to="upper_V_42" fromId="2" toId="70">
</dataflow>
<dataflow id="320" from="StgValue_275" to="upper_V_42" fromId="275" toId="70">
</dataflow>
<dataflow id="321" from="_ssdm_op_BitConcatenate.i2.i1.i1" to="idx_V_12" fromId="170" toId="71">
</dataflow>
<dataflow id="322" from="StgValue_172" to="idx_V_12" fromId="172" toId="71">
</dataflow>
<dataflow id="323" from="upper_V_42" to="idx_V_12" fromId="70" toId="71">
</dataflow>
<dataflow id="324" from="icmp_ln22_7" to="idxl_V_6" fromId="61" toId="72">
</dataflow>
<dataflow id="325" from="idx_V_9" to="idxl_V_6" fromId="65" toId="72">
</dataflow>
<dataflow id="326" from="idx_V_10" to="idxl_V_6" fromId="67" toId="72">
</dataflow>
<dataflow id="327" from="idxl_V_6" to="idx_V_13" fromId="72" toId="73">
</dataflow>
<dataflow id="328" from="icmp_ln22_8" to="idxu_V_5" fromId="63" toId="74">
</dataflow>
<dataflow id="329" from="idx_V_11" to="idxu_V_5" fromId="69" toId="74">
</dataflow>
<dataflow id="330" from="idx_V_12" to="idxu_V_5" fromId="71" toId="74">
</dataflow>
<dataflow id="331" from="_ssdm_op_BitConcatenate.i3.i1.i2" to="idx_V_14" fromId="193" toId="75">
</dataflow>
<dataflow id="332" from="StgValue_172" to="idx_V_14" fromId="172" toId="75">
</dataflow>
<dataflow id="333" from="idxu_V_5" to="idx_V_14" fromId="74" toId="75">
</dataflow>
<dataflow id="334" from="icmp_ln22_6" to="idx_V_36" fromId="59" toId="76">
</dataflow>
<dataflow id="335" from="idx_V_13" to="idx_V_36" fromId="73" toId="76">
</dataflow>
<dataflow id="336" from="idx_V_14" to="idx_V_36" fromId="75" toId="76">
</dataflow>
<dataflow id="337" from="_ssdm_op_BitConcatenate.i4.i1.i3" to="idx_V_16" fromId="200" toId="77">
</dataflow>
<dataflow id="338" from="StgValue_172" to="idx_V_16" fromId="172" toId="77">
</dataflow>
<dataflow id="339" from="idx_V_36" to="idx_V_16" fromId="76" toId="77">
</dataflow>
<dataflow id="340" from="_ssdm_op_PartSelect.i4.i32.i32.i32" to="upper_V_3" fromId="135" toId="79">
</dataflow>
<dataflow id="341" from="din_V_read_2" to="upper_V_3" fromId="2" toId="79">
</dataflow>
<dataflow id="343" from="StgValue_342" to="upper_V_3" fromId="342" toId="79">
</dataflow>
<dataflow id="345" from="StgValue_344" to="upper_V_3" fromId="344" toId="79">
</dataflow>
<dataflow id="346" from="upper_V_3" to="icmp_ln22_3" fromId="79" toId="80">
</dataflow>
<dataflow id="347" from="StgValue_142" to="icmp_ln22_3" fromId="142" toId="80">
</dataflow>
<dataflow id="348" from="_ssdm_op_PartSelect.i2.i32.i32.i32" to="upper_V_4" fromId="144" toId="81">
</dataflow>
<dataflow id="349" from="din_V_read_2" to="upper_V_4" fromId="2" toId="81">
</dataflow>
<dataflow id="351" from="StgValue_350" to="upper_V_4" fromId="350" toId="81">
</dataflow>
<dataflow id="353" from="StgValue_352" to="upper_V_4" fromId="352" toId="81">
</dataflow>
<dataflow id="354" from="upper_V_4" to="icmp_ln22_4" fromId="81" toId="82">
</dataflow>
<dataflow id="355" from="StgValue_152" to="icmp_ln22_4" fromId="152" toId="82">
</dataflow>
<dataflow id="356" from="_ssdm_op_PartSelect.i2.i32.i32.i32" to="upper_V_5" fromId="144" toId="83">
</dataflow>
<dataflow id="357" from="din_V_read_2" to="upper_V_5" fromId="2" toId="83">
</dataflow>
<dataflow id="359" from="StgValue_358" to="upper_V_5" fromId="358" toId="83">
</dataflow>
<dataflow id="360" from="StgValue_344" to="upper_V_5" fromId="344" toId="83">
</dataflow>
<dataflow id="361" from="upper_V_5" to="icmp_ln22_5" fromId="83" toId="84">
</dataflow>
<dataflow id="362" from="StgValue_152" to="icmp_ln22_5" fromId="152" toId="84">
</dataflow>
<dataflow id="363" from="_ssdm_op_BitSelect.i1.i32.i32" to="upper_V_43" fromId="161" toId="85">
</dataflow>
<dataflow id="364" from="din_V_read_2" to="upper_V_43" fromId="2" toId="85">
</dataflow>
<dataflow id="366" from="StgValue_365" to="upper_V_43" fromId="365" toId="85">
</dataflow>
<dataflow id="367" from="upper_V_43" to="idx_V_1" fromId="85" toId="86">
</dataflow>
<dataflow id="368" from="_ssdm_op_BitSelect.i1.i32.i32" to="upper_V_44" fromId="161" toId="87">
</dataflow>
<dataflow id="369" from="din_V_read_2" to="upper_V_44" fromId="2" toId="87">
</dataflow>
<dataflow id="370" from="StgValue_352" to="upper_V_44" fromId="352" toId="87">
</dataflow>
<dataflow id="371" from="_ssdm_op_BitConcatenate.i2.i1.i1" to="idx_V_2" fromId="170" toId="88">
</dataflow>
<dataflow id="372" from="StgValue_172" to="idx_V_2" fromId="172" toId="88">
</dataflow>
<dataflow id="373" from="upper_V_44" to="idx_V_2" fromId="87" toId="88">
</dataflow>
<dataflow id="374" from="_ssdm_op_BitSelect.i1.i32.i32" to="upper_V_45" fromId="161" toId="89">
</dataflow>
<dataflow id="375" from="din_V_read_2" to="upper_V_45" fromId="2" toId="89">
</dataflow>
<dataflow id="377" from="StgValue_376" to="upper_V_45" fromId="376" toId="89">
</dataflow>
<dataflow id="378" from="upper_V_45" to="idx_V_3" fromId="89" toId="90">
</dataflow>
<dataflow id="379" from="_ssdm_op_BitSelect.i1.i32.i32" to="upper_V_46" fromId="161" toId="91">
</dataflow>
<dataflow id="380" from="din_V_read_2" to="upper_V_46" fromId="2" toId="91">
</dataflow>
<dataflow id="381" from="StgValue_344" to="upper_V_46" fromId="344" toId="91">
</dataflow>
<dataflow id="382" from="_ssdm_op_BitConcatenate.i2.i1.i1" to="idx_V_4" fromId="170" toId="92">
</dataflow>
<dataflow id="383" from="StgValue_172" to="idx_V_4" fromId="172" toId="92">
</dataflow>
<dataflow id="384" from="upper_V_46" to="idx_V_4" fromId="91" toId="92">
</dataflow>
<dataflow id="385" from="icmp_ln22_4" to="idxl_V_2" fromId="82" toId="93">
</dataflow>
<dataflow id="386" from="idx_V_1" to="idxl_V_2" fromId="86" toId="93">
</dataflow>
<dataflow id="387" from="idx_V_2" to="idxl_V_2" fromId="88" toId="93">
</dataflow>
<dataflow id="388" from="idxl_V_2" to="idx_V_5" fromId="93" toId="94">
</dataflow>
<dataflow id="389" from="icmp_ln22_5" to="idxu_V_2" fromId="84" toId="95">
</dataflow>
<dataflow id="390" from="idx_V_3" to="idxu_V_2" fromId="90" toId="95">
</dataflow>
<dataflow id="391" from="idx_V_4" to="idxu_V_2" fromId="92" toId="95">
</dataflow>
<dataflow id="392" from="_ssdm_op_BitConcatenate.i3.i1.i2" to="idx_V_6" fromId="193" toId="96">
</dataflow>
<dataflow id="393" from="StgValue_172" to="idx_V_6" fromId="172" toId="96">
</dataflow>
<dataflow id="394" from="idxu_V_2" to="idx_V_6" fromId="95" toId="96">
</dataflow>
<dataflow id="395" from="icmp_ln22_3" to="idx_V_37" fromId="80" toId="97">
</dataflow>
<dataflow id="396" from="idx_V_5" to="idx_V_37" fromId="94" toId="97">
</dataflow>
<dataflow id="397" from="idx_V_6" to="idx_V_37" fromId="96" toId="97">
</dataflow>
<dataflow id="398" from="idx_V_37" to="idx_V_8" fromId="97" toId="98">
</dataflow>
<dataflow id="399" from="idx_V_16" to="idxl_V_14" fromId="77" toId="100">
<condition id="-1">
<or_exp><and_exp><literal name="icmp_ln22" val="1"/>
<literal name="icmp_ln22_1" val="0"/>
</and_exp></or_exp>
</condition>
</dataflow>
<dataflow id="400" from="br_ln25" to="idxl_V_14" fromId="78" toId="100">
</dataflow>
<dataflow id="401" from="idx_V_8" to="idxl_V_14" fromId="98" toId="100">
<condition id="-1">
<or_exp><and_exp><literal name="icmp_ln22" val="1"/>
<literal name="icmp_ln22_1" val="1"/>
</and_exp></or_exp>
</condition>
</dataflow>
<dataflow id="402" from="br_ln0" to="idxl_V_14" fromId="99" toId="100">
</dataflow>
<dataflow id="403" from="idxl_V_14" to="idx_V" fromId="100" toId="101">
</dataflow>
<dataflow id="404" from="idx_V_33" to="ssdm_int_V_write_ass" fromId="53" toId="103">
<condition id="-1">
<or_exp><and_exp><literal name="icmp_ln22" val="0"/>
</and_exp></or_exp>
</condition>
</dataflow>
<dataflow id="405" from="br_ln25" to="ssdm_int_V_write_ass" fromId="54" toId="103">
</dataflow>
<dataflow id="406" from="idx_V" to="ssdm_int_V_write_ass" fromId="101" toId="103">
<condition id="-1">
<or_exp><and_exp><literal name="icmp_ln22" val="1"/>
</and_exp></or_exp>
</condition>
</dataflow>
<dataflow id="407" from="br_ln0" to="ssdm_int_V_write_ass" fromId="102" toId="103">
</dataflow>
<dataflow id="409" from="StgValue_408" to="mrv" fromId="408" toId="104">
</dataflow>
<dataflow id="410" from="icmp_ln883" to="mrv" fromId="4" toId="104">
</dataflow>
<dataflow id="411" from="mrv" to="mrv_1" fromId="104" toId="105">
</dataflow>
<dataflow id="412" from="ssdm_int_V_write_ass" to="mrv_1" fromId="103" toId="105">
</dataflow>
<dataflow id="413" from="mrv_1" to="ret_ln30" fromId="105" toId="106">
</dataflow>
<dataflow id="414" from="icmp_ln22" to="StgValue_1" fromId="5" toId="1">
</dataflow>
<dataflow id="415" from="icmp_ln22_2" to="StgValue_1" fromId="8" toId="1">
</dataflow>
<dataflow id="416" from="icmp_ln22_12" to="StgValue_1" fromId="11" toId="1">
</dataflow>
<dataflow id="417" from="icmp_ln22_13" to="StgValue_1" fromId="13" toId="1">
</dataflow>
<dataflow id="418" from="icmp_ln22_14" to="StgValue_1" fromId="15" toId="1">
</dataflow>
<dataflow id="419" from="icmp_ln22_9" to="StgValue_1" fromId="32" toId="1">
</dataflow>
<dataflow id="420" from="icmp_ln22_10" to="StgValue_1" fromId="34" toId="1">
</dataflow>
<dataflow id="421" from="icmp_ln22_11" to="StgValue_1" fromId="36" toId="1">
</dataflow>
<dataflow id="422" from="icmp_ln22_1" to="StgValue_1" fromId="56" toId="1">
</dataflow>
<dataflow id="423" from="icmp_ln22_6" to="StgValue_1" fromId="59" toId="1">
</dataflow>
<dataflow id="424" from="icmp_ln22_7" to="StgValue_1" fromId="61" toId="1">
</dataflow>
<dataflow id="425" from="icmp_ln22_8" to="StgValue_1" fromId="63" toId="1">
</dataflow>
<dataflow id="426" from="icmp_ln22_3" to="StgValue_1" fromId="80" toId="1">
</dataflow>
<dataflow id="427" from="icmp_ln22_4" to="StgValue_1" fromId="82" toId="1">
</dataflow>
<dataflow id="428" from="icmp_ln22_5" to="StgValue_1" fromId="84" toId="1">
</dataflow>
</dataflows>


</stg>
