<stg><name>max</name>


<trans_list>

<trans id="26" from="1" to="2">
<condition id="-1">
<or_exp><and_exp></and_exp></or_exp>
</condition>
</trans>
</trans_list>



<state_list>

<state id="1" st_id="1">

<operation id="3" st_id="1" stage="1" lat="1">
<core>NULL</core>
<MemPortIdVec></MemPortIdVec>
<condition id="-1">
<or_exp><and_exp></and_exp></or_exp>
</condition>

<Node id="9" bw="32" op_0_bw="32" op_1_bw="32">
<![CDATA[
:0  %din_7_read_2 = call i32 @_ssdm_op_Read.ap_auto.i32(i32 %din_7_read)

]]></Node>
<StgValue><ssdm name="din_7_read_2"/></StgValue>
</operation>

<operation id="4" st_id="1" stage="1" lat="1">
<core>NULL</core>
<MemPortIdVec></MemPortIdVec>
<condition id="-1">
<or_exp><and_exp></and_exp></or_exp>
</condition>

<Node id="10" bw="32" op_0_bw="32" op_1_bw="32">
<![CDATA[
:1  %din_6_read_2 = call i32 @_ssdm_op_Read.ap_auto.i32(i32 %din_6_read)

]]></Node>
<StgValue><ssdm name="din_6_read_2"/></StgValue>
</operation>

<operation id="5" st_id="1" stage="1" lat="1">
<core>NULL</core>
<MemPortIdVec></MemPortIdVec>
<condition id="-1">
<or_exp><and_exp></and_exp></or_exp>
</condition>

<Node id="11" bw="32" op_0_bw="32" op_1_bw="32">
<![CDATA[
:2  %din_5_read_2 = call i32 @_ssdm_op_Read.ap_auto.i32(i32 %din_5_read)

]]></Node>
<StgValue><ssdm name="din_5_read_2"/></StgValue>
</operation>

<operation id="6" st_id="1" stage="1" lat="1">
<core>NULL</core>
<MemPortIdVec></MemPortIdVec>
<condition id="-1">
<or_exp><and_exp></and_exp></or_exp>
</condition>

<Node id="12" bw="32" op_0_bw="32" op_1_bw="32">
<![CDATA[
:3  %din_4_read_2 = call i32 @_ssdm_op_Read.ap_auto.i32(i32 %din_4_read)

]]></Node>
<StgValue><ssdm name="din_4_read_2"/></StgValue>
</operation>

<operation id="7" st_id="1" stage="1" lat="1">
<core>NULL</core>
<MemPortIdVec></MemPortIdVec>
<condition id="-1">
<or_exp><and_exp></and_exp></or_exp>
</condition>

<Node id="13" bw="32" op_0_bw="32" op_1_bw="32">
<![CDATA[
:4  %din_3_read_2 = call i32 @_ssdm_op_Read.ap_auto.i32(i32 %din_3_read)

]]></Node>
<StgValue><ssdm name="din_3_read_2"/></StgValue>
</operation>

<operation id="8" st_id="1" stage="1" lat="1">
<core>NULL</core>
<MemPortIdVec></MemPortIdVec>
<condition id="-1">
<or_exp><and_exp></and_exp></or_exp>
</condition>

<Node id="14" bw="32" op_0_bw="32" op_1_bw="32">
<![CDATA[
:5  %din_2_read_2 = call i32 @_ssdm_op_Read.ap_auto.i32(i32 %din_2_read)

]]></Node>
<StgValue><ssdm name="din_2_read_2"/></StgValue>
</operation>

<operation id="9" st_id="1" stage="1" lat="1">
<core>NULL</core>
<MemPortIdVec></MemPortIdVec>
<condition id="-1">
<or_exp><and_exp></and_exp></or_exp>
</condition>

<Node id="15" bw="32" op_0_bw="32" op_1_bw="32">
<![CDATA[
:6  %din_1_read_2 = call i32 @_ssdm_op_Read.ap_auto.i32(i32 %din_1_read)

]]></Node>
<StgValue><ssdm name="din_1_read_2"/></StgValue>
</operation>

<operation id="10" st_id="1" stage="1" lat="1">
<core>NULL</core>
<MemPortIdVec></MemPortIdVec>
<condition id="-1">
<or_exp><and_exp></and_exp></or_exp>
</condition>

<Node id="16" bw="32" op_0_bw="32" op_1_bw="32">
<![CDATA[
:7  %din_0_read_2 = call i32 @_ssdm_op_Read.ap_auto.i32(i32 %din_0_read)

]]></Node>
<StgValue><ssdm name="din_0_read_2"/></StgValue>
</operation>

<operation id="11" st_id="1" stage="1" lat="1">
<core>Cmp</core>
<MemPortIdVec></MemPortIdVec>
<condition id="-1">
<or_exp><and_exp></and_exp></or_exp>
</condition>

<Node id="17" bw="1" op_0_bw="32" op_1_bw="32">
<![CDATA[
:8  %icmp_ln8 = icmp sgt i32 %din_0_read_2, %din_1_read_2

]]></Node>
<StgValue><ssdm name="icmp_ln8"/></StgValue>
</operation>

<operation id="12" st_id="1" stage="1" lat="1">
<core>Sel</core>
<MemPortIdVec></MemPortIdVec>
<condition id="-1">
<or_exp><and_exp></and_exp></or_exp>
</condition>

<Node id="18" bw="32" op_0_bw="1" op_1_bw="32" op_2_bw="32">
<![CDATA[
:9  %m0 = select i1 %icmp_ln8, i32 %din_0_read_2, i32 %din_1_read_2

]]></Node>
<StgValue><ssdm name="m0"/></StgValue>
</operation>

<operation id="13" st_id="1" stage="1" lat="1">
<core>Cmp</core>
<MemPortIdVec></MemPortIdVec>
<condition id="-1">
<or_exp><and_exp></and_exp></or_exp>
</condition>

<Node id="19" bw="1" op_0_bw="32" op_1_bw="32">
<![CDATA[
:10  %icmp_ln8_1 = icmp sgt i32 %din_2_read_2, %din_3_read_2

]]></Node>
<StgValue><ssdm name="icmp_ln8_1"/></StgValue>
</operation>

<operation id="14" st_id="1" stage="1" lat="1">
<core>Sel</core>
<MemPortIdVec></MemPortIdVec>
<condition id="-1">
<or_exp><and_exp></and_exp></or_exp>
</condition>

<Node id="20" bw="32" op_0_bw="1" op_1_bw="32" op_2_bw="32">
<![CDATA[
:11  %m1 = select i1 %icmp_ln8_1, i32 %din_2_read_2, i32 %din_3_read_2

]]></Node>
<StgValue><ssdm name="m1"/></StgValue>
</operation>

<operation id="15" st_id="1" stage="1" lat="1">
<core>Cmp</core>
<MemPortIdVec></MemPortIdVec>
<condition id="-1">
<or_exp><and_exp></and_exp></or_exp>
</condition>

<Node id="21" bw="1" op_0_bw="32" op_1_bw="32">
<![CDATA[
:12  %icmp_ln8_2 = icmp sgt i32 %m0, %m1

]]></Node>
<StgValue><ssdm name="icmp_ln8_2"/></StgValue>
</operation>

<operation id="16" st_id="1" stage="1" lat="1">
<core>Sel</core>
<MemPortIdVec></MemPortIdVec>
<condition id="-1">
<or_exp><and_exp></and_exp></or_exp>
</condition>

<Node id="22" bw="32" op_0_bw="1" op_1_bw="32" op_2_bw="32">
<![CDATA[
:13  %m0_1 = select i1 %icmp_ln8_2, i32 %m0, i32 %m1

]]></Node>
<StgValue><ssdm name="m0_1"/></StgValue>
</operation>

<operation id="17" st_id="1" stage="1" lat="1">
<core>Cmp</core>
<MemPortIdVec></MemPortIdVec>
<condition id="-1">
<or_exp><and_exp></and_exp></or_exp>
</condition>

<Node id="23" bw="1" op_0_bw="32" op_1_bw="32">
<![CDATA[
:14  %icmp_ln8_3 = icmp sgt i32 %din_4_read_2, %din_5_read_2

]]></Node>
<StgValue><ssdm name="icmp_ln8_3"/></StgValue>
</operation>

<operation id="18" st_id="1" stage="1" lat="1">
<core>Sel</core>
<MemPortIdVec></MemPortIdVec>
<condition id="-1">
<or_exp><and_exp></and_exp></or_exp>
</condition>

<Node id="24" bw="32" op_0_bw="1" op_1_bw="32" op_2_bw="32">
<![CDATA[
:15  %m0_2 = select i1 %icmp_ln8_3, i32 %din_4_read_2, i32 %din_5_read_2

]]></Node>
<StgValue><ssdm name="m0_2"/></StgValue>
</operation>

<operation id="19" st_id="1" stage="1" lat="1">
<core>Cmp</core>
<MemPortIdVec></MemPortIdVec>
<condition id="-1">
<or_exp><and_exp></and_exp></or_exp>
</condition>

<Node id="25" bw="1" op_0_bw="32" op_1_bw="32">
<![CDATA[
:16  %icmp_ln8_4 = icmp sgt i32 %din_6_read_2, %din_7_read_2

]]></Node>
<StgValue><ssdm name="icmp_ln8_4"/></StgValue>
</operation>

<operation id="20" st_id="1" stage="1" lat="1">
<core>Sel</core>
<MemPortIdVec></MemPortIdVec>
<condition id="-1">
<or_exp><and_exp></and_exp></or_exp>
</condition>

<Node id="26" bw="32" op_0_bw="1" op_1_bw="32" op_2_bw="32">
<![CDATA[
:17  %m1_1 = select i1 %icmp_ln8_4, i32 %din_6_read_2, i32 %din_7_read_2

]]></Node>
<StgValue><ssdm name="m1_1"/></StgValue>
</operation>

<operation id="21" st_id="1" stage="1" lat="1">
<core>Cmp</core>
<MemPortIdVec></MemPortIdVec>
<condition id="-1">
<or_exp><and_exp></and_exp></or_exp>
</condition>

<Node id="27" bw="1" op_0_bw="32" op_1_bw="32">
<![CDATA[
:18  %icmp_ln8_5 = icmp sgt i32 %m0_2, %m1_1

]]></Node>
<StgValue><ssdm name="icmp_ln8_5"/></StgValue>
</operation>

<operation id="22" st_id="1" stage="1" lat="1">
<core>Sel</core>
<MemPortIdVec></MemPortIdVec>
<condition id="-1">
<or_exp><and_exp></and_exp></or_exp>
</condition>

<Node id="28" bw="32" op_0_bw="1" op_1_bw="32" op_2_bw="32">
<![CDATA[
:19  %m1_2 = select i1 %icmp_ln8_5, i32 %m0_2, i32 %m1_1

]]></Node>
<StgValue><ssdm name="m1_2"/></StgValue>
</operation>
</state>

<state id="2" st_id="2">

<operation id="23" st_id="2" stage="1" lat="1">
<core>Cmp</core>
<MemPortIdVec></MemPortIdVec>
<condition id="-1">
<or_exp><and_exp></and_exp></or_exp>
</condition>

<Node id="29" bw="1" op_0_bw="32" op_1_bw="32">
<![CDATA[
:20  %icmp_ln8_6 = icmp sgt i32 %m0_1, %m1_2

]]></Node>
<StgValue><ssdm name="icmp_ln8_6"/></StgValue>
</operation>

<operation id="24" st_id="2" stage="1" lat="1">
<core>Sel</core>
<MemPortIdVec></MemPortIdVec>
<condition id="-1">
<or_exp><and_exp></and_exp></or_exp>
</condition>

<Node id="30" bw="32" op_0_bw="1" op_1_bw="32" op_2_bw="32">
<![CDATA[
:21  %select_ln8 = select i1 %icmp_ln8_6, i32 %m0_1, i32 %m1_2

]]></Node>
<StgValue><ssdm name="select_ln8"/></StgValue>
</operation>

<operation id="25" st_id="2" stage="1" lat="1">
<core>NULL</core>
<MemPortIdVec></MemPortIdVec>
<condition id="-1">
<or_exp><and_exp></and_exp></or_exp>
</condition>

<Node id="31" bw="0" op_0_bw="32">
<![CDATA[
:22  ret i32 %select_ln8

]]></Node>
<StgValue><ssdm name="ret_ln7"/></StgValue>
</operation>
</state>
</state_list>


<ports>
<port id="27" name="din_0_read" dir="0" iftype="0">
<core>NULL</core><StgValue><ssdm name="din_0_read"/></StgValue>
</port>
<port id="28" name="din_1_read" dir="0" iftype="0">
<core>NULL</core><StgValue><ssdm name="din_1_read"/></StgValue>
</port>
<port id="29" name="din_2_read" dir="0" iftype="0">
<core>NULL</core><StgValue><ssdm name="din_2_read"/></StgValue>
</port>
<port id="30" name="din_3_read" dir="0" iftype="0">
<core>NULL</core><StgValue><ssdm name="din_3_read"/></StgValue>
</port>
<port id="31" name="din_4_read" dir="0" iftype="0">
<core>NULL</core><StgValue><ssdm name="din_4_read"/></StgValue>
</port>
<port id="32" name="din_5_read" dir="0" iftype="0">
<core>NULL</core><StgValue><ssdm name="din_5_read"/></StgValue>
</port>
<port id="33" name="din_6_read" dir="0" iftype="0">
<core>NULL</core><StgValue><ssdm name="din_6_read"/></StgValue>
</port>
<port id="34" name="din_7_read" dir="0" iftype="0">
<core>NULL</core><StgValue><ssdm name="din_7_read"/></StgValue>
</port>
</ports>


<dataflows>
<dataflow id="36" from="_ssdm_op_Read.ap_auto.i32" to="din_7_read_2" fromId="35" toId="3">
</dataflow>
<dataflow id="37" from="din_7_read" to="din_7_read_2" fromId="34" toId="3">
</dataflow>
<dataflow id="38" from="_ssdm_op_Read.ap_auto.i32" to="din_6_read_2" fromId="35" toId="4">
</dataflow>
<dataflow id="39" from="din_6_read" to="din_6_read_2" fromId="33" toId="4">
</dataflow>
<dataflow id="40" from="_ssdm_op_Read.ap_auto.i32" to="din_5_read_2" fromId="35" toId="5">
</dataflow>
<dataflow id="41" from="din_5_read" to="din_5_read_2" fromId="32" toId="5">
</dataflow>
<dataflow id="42" from="_ssdm_op_Read.ap_auto.i32" to="din_4_read_2" fromId="35" toId="6">
</dataflow>
<dataflow id="43" from="din_4_read" to="din_4_read_2" fromId="31" toId="6">
</dataflow>
<dataflow id="44" from="_ssdm_op_Read.ap_auto.i32" to="din_3_read_2" fromId="35" toId="7">
</dataflow>
<dataflow id="45" from="din_3_read" to="din_3_read_2" fromId="30" toId="7">
</dataflow>
<dataflow id="46" from="_ssdm_op_Read.ap_auto.i32" to="din_2_read_2" fromId="35" toId="8">
</dataflow>
<dataflow id="47" from="din_2_read" to="din_2_read_2" fromId="29" toId="8">
</dataflow>
<dataflow id="48" from="_ssdm_op_Read.ap_auto.i32" to="din_1_read_2" fromId="35" toId="9">
</dataflow>
<dataflow id="49" from="din_1_read" to="din_1_read_2" fromId="28" toId="9">
</dataflow>
<dataflow id="50" from="_ssdm_op_Read.ap_auto.i32" to="din_0_read_2" fromId="35" toId="10">
</dataflow>
<dataflow id="51" from="din_0_read" to="din_0_read_2" fromId="27" toId="10">
</dataflow>
<dataflow id="52" from="din_0_read_2" to="icmp_ln8" fromId="10" toId="11">
</dataflow>
<dataflow id="53" from="din_1_read_2" to="icmp_ln8" fromId="9" toId="11">
</dataflow>
<dataflow id="54" from="icmp_ln8" to="m0" fromId="11" toId="12">
</dataflow>
<dataflow id="55" from="din_0_read_2" to="m0" fromId="10" toId="12">
</dataflow>
<dataflow id="56" from="din_1_read_2" to="m0" fromId="9" toId="12">
</dataflow>
<dataflow id="57" from="din_2_read_2" to="icmp_ln8_1" fromId="8" toId="13">
</dataflow>
<dataflow id="58" from="din_3_read_2" to="icmp_ln8_1" fromId="7" toId="13">
</dataflow>
<dataflow id="59" from="icmp_ln8_1" to="m1" fromId="13" toId="14">
</dataflow>
<dataflow id="60" from="din_2_read_2" to="m1" fromId="8" toId="14">
</dataflow>
<dataflow id="61" from="din_3_read_2" to="m1" fromId="7" toId="14">
</dataflow>
<dataflow id="62" from="m0" to="icmp_ln8_2" fromId="12" toId="15">
</dataflow>
<dataflow id="63" from="m1" to="icmp_ln8_2" fromId="14" toId="15">
</dataflow>
<dataflow id="64" from="icmp_ln8_2" to="m0_1" fromId="15" toId="16">
</dataflow>
<dataflow id="65" from="m0" to="m0_1" fromId="12" toId="16">
</dataflow>
<dataflow id="66" from="m1" to="m0_1" fromId="14" toId="16">
</dataflow>
<dataflow id="67" from="din_4_read_2" to="icmp_ln8_3" fromId="6" toId="17">
</dataflow>
<dataflow id="68" from="din_5_read_2" to="icmp_ln8_3" fromId="5" toId="17">
</dataflow>
<dataflow id="69" from="icmp_ln8_3" to="m0_2" fromId="17" toId="18">
</dataflow>
<dataflow id="70" from="din_4_read_2" to="m0_2" fromId="6" toId="18">
</dataflow>
<dataflow id="71" from="din_5_read_2" to="m0_2" fromId="5" toId="18">
</dataflow>
<dataflow id="72" from="din_6_read_2" to="icmp_ln8_4" fromId="4" toId="19">
</dataflow>
<dataflow id="73" from="din_7_read_2" to="icmp_ln8_4" fromId="3" toId="19">
</dataflow>
<dataflow id="74" from="icmp_ln8_4" to="m1_1" fromId="19" toId="20">
</dataflow>
<dataflow id="75" from="din_6_read_2" to="m1_1" fromId="4" toId="20">
</dataflow>
<dataflow id="76" from="din_7_read_2" to="m1_1" fromId="3" toId="20">
</dataflow>
<dataflow id="77" from="m0_2" to="icmp_ln8_5" fromId="18" toId="21">
</dataflow>
<dataflow id="78" from="m1_1" to="icmp_ln8_5" fromId="20" toId="21">
</dataflow>
<dataflow id="79" from="icmp_ln8_5" to="m1_2" fromId="21" toId="22">
</dataflow>
<dataflow id="80" from="m0_2" to="m1_2" fromId="18" toId="22">
</dataflow>
<dataflow id="81" from="m1_1" to="m1_2" fromId="20" toId="22">
</dataflow>
<dataflow id="82" from="m0_1" to="icmp_ln8_6" fromId="16" toId="23">
</dataflow>
<dataflow id="83" from="m1_2" to="icmp_ln8_6" fromId="22" toId="23">
</dataflow>
<dataflow id="84" from="icmp_ln8_6" to="select_ln8" fromId="23" toId="24">
</dataflow>
<dataflow id="85" from="m0_1" to="select_ln8" fromId="16" toId="24">
</dataflow>
<dataflow id="86" from="m1_2" to="select_ln8" fromId="22" toId="24">
</dataflow>
<dataflow id="87" from="select_ln8" to="ret_ln7" fromId="24" toId="25">
</dataflow>
</dataflows>


</stg>
