<stg><name>max</name>


<trans_list>

<trans id="26" from="1" to="2">
<condition id="-1">
<or_exp><and_exp></and_exp></or_exp>
</condition>
</trans>
</trans_list>



<state_list>

<state id="1" st_id="1">

<operation id="3" st_id="1" stage="1" lat="1">
<core>NULL</core>
<MemPortIdVec></MemPortIdVec>
<condition id="-1">
<or_exp><and_exp></and_exp></or_exp>
</condition>

<Node id="9" bw="32" op_0_bw="32" op_1_bw="32">
<![CDATA[
:0  %din_7_read_2 = call i32 @_ssdm_op_Read.ap_auto.i32(i32 %din_7_read)

]]></Node>
<StgValue><ssdm name="din_7_read_2"/></StgValue>
</operation>

<operation id="4" st_id="1" stage="1" lat="1">
<core>NULL</core>
<MemPortIdVec></MemPortIdVec>
<condition id="-1">
<or_exp><and_exp></and_exp></or_exp>
</condition>

<Node id="10" bw="32" op_0_bw="32" op_1_bw="32">
<![CDATA[
:1  %din_6_read_2 = call i32 @_ssdm_op_Read.ap_auto.i32(i32 %din_6_read)

]]></Node>
<StgValue><ssdm name="din_6_read_2"/></StgValue>
</operation>

<operation id="5" st_id="1" stage="1" lat="1">
<core>NULL</core>
<MemPortIdVec></MemPortIdVec>
<condition id="-1">
<or_exp><and_exp></and_exp></or_exp>
</condition>

<Node id="11" bw="32" op_0_bw="32" op_1_bw="32">
<![CDATA[
:2  %din_5_read_2 = call i32 @_ssdm_op_Read.ap_auto.i32(i32 %din_5_read)

]]></Node>
<StgValue><ssdm name="din_5_read_2"/></StgValue>
</operation>

<operation id="6" st_id="1" stage="1" lat="1">
<core>NULL</core>
<MemPortIdVec></MemPortIdVec>
<condition id="-1">
<or_exp><and_exp></and_exp></or_exp>
</condition>

<Node id="12" bw="32" op_0_bw="32" op_1_bw="32">
<![CDATA[
:3  %din_4_read_2 = call i32 @_ssdm_op_Read.ap_auto.i32(i32 %din_4_read)

]]></Node>
<StgValue><ssdm name="din_4_read_2"/></StgValue>
</operation>

<operation id="7" st_id="1" stage="1" lat="1">
<core>NULL</core>
<MemPortIdVec></MemPortIdVec>
<condition id="-1">
<or_exp><and_exp></and_exp></or_exp>
</condition>

<Node id="13" bw="32" op_0_bw="32" op_1_bw="32">
<![CDATA[
:4  %din_3_read_2 = call i32 @_ssdm_op_Read.ap_auto.i32(i32 %din_3_read)

]]></Node>
<StgValue><ssdm name="din_3_read_2"/></StgValue>
</operation>

<operation id="8" st_id="1" stage="1" lat="1">
<core>NULL</core>
<MemPortIdVec></MemPortIdVec>
<condition id="-1">
<or_exp><and_exp></and_exp></or_exp>
</condition>

<Node id="14" bw="32" op_0_bw="32" op_1_bw="32">
<![CDATA[
:5  %din_2_read_2 = call i32 @_ssdm_op_Read.ap_auto.i32(i32 %din_2_read)

]]></Node>
<StgValue><ssdm name="din_2_read_2"/></StgValue>
</operation>

<operation id="9" st_id="1" stage="1" lat="1">
<core>NULL</core>
<MemPortIdVec></MemPortIdVec>
<condition id="-1">
<or_exp><and_exp></and_exp></or_exp>
</condition>

<Node id="15" bw="32" op_0_bw="32" op_1_bw="32">
<![CDATA[
:6  %din_1_read_2 = call i32 @_ssdm_op_Read.ap_auto.i32(i32 %din_1_read)

]]></Node>
<StgValue><ssdm name="din_1_read_2"/></StgValue>
</operation>

<operation id="10" st_id="1" stage="1" lat="1">
<core>NULL</core>
<MemPortIdVec></MemPortIdVec>
<condition id="-1">
<or_exp><and_exp></and_exp></or_exp>
</condition>

<Node id="16" bw="32" op_0_bw="32" op_1_bw="32">
<![CDATA[
:7  %din_0_read_2 = call i32 @_ssdm_op_Read.ap_auto.i32(i32 %din_0_read)

]]></Node>
<StgValue><ssdm name="din_0_read_2"/></StgValue>
</operation>

<operation id="11" st_id="1" stage="1" lat="1">
<core>Cmp</core>
<MemPortIdVec></MemPortIdVec>
<condition id="-1">
<or_exp><and_exp></and_exp></or_exp>
</condition>

<Node id="17" bw="1" op_0_bw="32" op_1_bw="32">
<![CDATA[
:8  %icmp_ln8 = icmp sgt i32 %din_0_read_2, %din_1_read_2

]]></Node>
<StgValue><ssdm name="icmp_ln8"/></StgValue>
</operation>

<operation id="12" st_id="1" stage="1" lat="1">
<core>Sel</core>
<MemPortIdVec></MemPortIdVec>
<condition id="-1">
<or_exp><and_exp></and_exp></or_exp>
</condition>

<Node id="18" bw="32" op_0_bw="1" op_1_bw="32" op_2_bw="32">
<![CDATA[
:9  %m0 = select i1 %icmp_ln8, i32 %din_0_read_2, i32 %din_1_read_2

]]></Node>
<StgValue><ssdm name="m0"/></StgValue>
</operation>

<operation id="13" st_id="1" stage="1" lat="1">
<core>Cmp</core>
<MemPortIdVec></MemPortIdVec>
<condition id="-1">
<or_exp><and_exp></and_exp></or_exp>
</condition>

<Node id="19" bw="1" op_0_bw="32" op_1_bw="32">
<![CDATA[
:10  %icmp_ln8_1 = icmp sgt i32 %din_2_read_2, %din_3_read_2

]]></Node>
<StgValue><ssdm name="icmp_ln8_1"/></StgValue>
</operation>

<operation id="14" st_id="1" stage="1" lat="1">
<core>Sel</core>
<MemPortIdVec></MemPortIdVec>
<condition id="-1">
<or_exp><and_exp></and_exp></or_exp>
</condition>

<Node id="20" bw="32" op_0_bw="1" op_1_bw="32" op_2_bw="32">
<![CDATA[
:11  %m1 = select i1 %icmp_ln8_1, i32 %din_2_read_2, i32 %din_3_read_2

]]></Node>
<StgValue><ssdm name="m1"/></StgValue>
</operation>

<operation id="15" st_id="1" stage="1" lat="1">
<core>Cmp</core>
<MemPortIdVec></MemPortIdVec>
<condition id="-1">
<or_exp><and_exp></and_exp></or_exp>
</condition>

<Node id="21" bw="1" op_0_bw="32" op_1_bw="32">
<![CDATA[
:12  %icmp_ln8_2 = icmp sgt i32 %m0, %m1

]]></Node>
<StgValue><ssdm name="icmp_ln8_2"/></StgValue>
</operation>

<operation id="16" st_id="1" stage="1" lat="1">
<core>Sel</core>
<MemPortIdVec></MemPortIdVec>
<condition id="-1">
<or_exp><and_exp></and_exp></or_exp>
</condition>

<Node id="22" bw="32" op_0_bw="1" op_1_bw="32" op_2_bw="32">
<![CDATA[
:13  %m0_1 = select i1 %icmp_ln8_2, i32 %m0, i32 %m1

]]></Node>
<StgValue><ssdm name="m0_1"/></StgValue>
</operation>

<operation id="17" st_id="1" stage="1" lat="1">
<core>Cmp</core>
<MemPortIdVec></MemPortIdVec>
<condition id="-1">
<or_exp><and_exp></and_exp></or_exp>
</condition>

<Node id="23" bw="1" op_0_bw="32" op_1_bw="32">
<![CDATA[
:14  %icmp_ln8_3 = icmp sgt i32 %din_4_read_2, %din_5_read_2

]]></Node>
<StgValue><ssdm name="icmp_ln8_3"/></StgValue>
</operation>

<operation id="18" st_id="1" stage="1" lat="1">
<core>Sel</core>
<MemPortIdVec></MemPortIdVec>
<condition id="-1">
<or_exp><and_exp></and_exp></or_exp>
</condition>

<Node id="24" bw="32" op_0_bw="1" op_1_bw="32" op_2_bw="32">
<![CDATA[
:15  %m0_2 = select i1 %icmp_ln8_3, i32 %din_4_read_2, i32 %din_5_read_2

]]></Node>
<StgValue><ssdm name="m0_2"/></StgValue>
</operation>

<operation id="19" st_id="1" stage="1" lat="1">
<core>Cmp</core>
<MemPortIdVec></MemPortIdVec>
<condition id="-1">
<or_exp><and_exp></and_exp></or_exp>
</condition>

<Node id="25" bw="1" op_0_bw="32" op_1_bw="32">
<![CDATA[
:16  %icmp_ln8_4 = icmp sgt i32 %din_6_read_2, %din_7_read_2

]]></Node>
<StgValue><ssdm name="icmp_ln8_4"/></StgValue>
</operation>

<operation id="20" st_id="1" stage="1" lat="1">
<core>Sel</core>
<MemPortIdVec></MemPortIdVec>
<condition id="-1">
<or_exp><and_exp></and_exp></or_exp>
</condition>

<Node id="26" bw="32" op_0_bw="1" op_1_bw="32" op_2_bw="32">
<![CDATA[
:17  %m1_1 = select i1 %icmp_ln8_4, i32 %din_6_read_2, i32 %din_7_read_2

]]></Node>
<StgValue><ssdm name="m1_1"/></StgValue>
</operation>

<operation id="21" st_id="1" stage="1" lat="1">
<core>Cmp</core>
<MemPortIdVec></MemPortIdVec>
<condition id="-1">
<or_exp><and_exp></and_exp></or_exp>
</condition>

<Node id="27" bw="1" op_0_bw="32" op_1_bw="32">
<![CDATA[
:18  %icmp_ln8_5 = icmp sgt i32 %m0_2, %m1_1

]]></Node>
<StgValue><ssdm name="icmp_ln8_5"/></StgValue>
</operation>

<operation id="22" st_id="1" stage="1" lat="1">
<core>Sel</core>
<MemPortIdVec></MemPortIdVec>
<condition id="-1">
<or_exp><and_exp></and_exp></or_exp>
</condition>

<Node id="28" bw="32" op_0_bw="1" op_1_bw="32" op_2_bw="32">
<![CDATA[
:19  %m1_2 = select i1 %icmp_ln8_5, i32 %m0_2, i32 %m1_1

]]></Node>
<StgValue><ssdm name="m1_2"/></StgValue>
</operation>
</state>

<state id="2" st_id="2">

<operation id="23" st_id="2" stage="1" lat="1">
<core>Cmp</core>
<MemPortIdVec></MemPortIdVec>
<condition id="-1">
<or_exp><and_exp></and_exp></or_exp>
</condition>

<Node id="29" bw="1" op_0_bw="32" op_1_bw="32">
<![CDATA[
:20  %icmp_ln8_6 = icmp sgt i32 %m0_1, %m1_2

]]></Node>
<StgValue><ssdm name="icmp_ln8_6"/></StgValue>
</operation>

<operation id="24" st_id="2" stage="1" lat="1">
<core>Sel</core>
<MemPortIdVec></MemPortIdVec>
<condition id="-1">
<or_exp><and_exp></and_exp></or_exp>
</condition>

<Node id="30" bw="32" op_0_bw="1" op_1_bw="32" op_2_bw="32">
<![CDATA[
:21  %select_ln8 = select i1 %icmp_ln8_6, i32 %m0_1, i32 %m1_2

]]></Node>
<StgValue><ssdm name="select_ln8"/></StgValue>
</operation>

<operation id="25" st_id="2" stage="1" lat="1">
<core>NULL</core>
<MemPortIdVec></MemPortIdVec>
<condition id="-1">
<or_exp><and_exp></and_exp></or_exp>
</condition>

<Node id="31" bw="0" op_0_bw="32">
<![CDATA[
:22  ret i32 %select_ln8

]]></Node>
<StgValue><ssdm name="ret_ln7"/></StgValue>
</operation>
</state>
</state_list>


<ports>
</ports>


<dataflows>
</dataflows>


</stg>
