<profile>

<section name = "Vivado HLS Report for 'max_algorithmic'" level="0">
<item name = "Date">Thu Apr  8 05:50:04 2021
</item>
<item name = "Version">2019.2 (Build 2704478 on Wed Nov 06 22:10:23 MST 2019)</item>
<item name = "Project">Multiplexor</item>
<item name = "Solution">solution1</item>
<item name = "Product family">zynq</item>
<item name = "Target device">xc7z020-clg400-1</item>
</section>

<section name = "Performance Estimates" level="0">
<item name = "Timing">
<section name = "" level="1">
<item name = "Summary"><table name="" hasTotal="0">
<keys size="4">Clock, Target, Estimated, Uncertainty</keys>
<column name="ap_clk">10.00 ns, 8.424 ns, 1.25 ns</column>
</table>
</item>
</section>
</item>
<item name = "Latency">
<section name = "" level="1">
<item name = "Summary"><table name="" hasTotal="0">
<keys size="8">, min, max, min, max, min, max, Type</keys>
<column name="">4, 4, 40.000 ns, 40.000 ns, 4, 4, none</column>
</table>
</item>
<item name = "Detail">
<section name = "" level="1">
<item name = "Instance"><table name="" hasTotal="0">
<keys size="9">Instance, Module, min, max, min, max, min, max, Type</keys>
</table>
</item>
<item name = "Loop"><table name="" hasTotal="0">
<keys size="8">Loop Name, min, max, Latency, achieved, target, Count, Pipelined</keys>
</table>
</item>
</section>
</item>
</section>
</item>
</section>

<section name = "Utilization Estimates" level="0">
<item name = "Summary"><table name="" hasTotal="1">
<keys size="6">Name, BRAM_18K, DSP48E, FF, LUT, URAM</keys>
<column name="DSP">-, -, -, -, -</column>
<column name="Expression">-, -, 0, 176, -</column>
<column name="FIFO">-, -, -, -, -</column>
<column name="Instance">-, -, 0, 270, -</column>
<column name="Memory">-, -, -, -, -</column>
<column name="Multiplexer">-, -, -, 42, -</column>
<column name="Register">-, -, 80, -, -</column>
<specialColumn name="Available">280, 220, 106400, 53200, 0</specialColumn>
<specialColumn name="Utilization (%)">0, 0, ~0, ~0, 0</specialColumn>
</table>
</item>
<item name = "Detail">
<section name = "" level="1">
<item name = "Instance"><table name="" hasTotal="1">
<keys size="7">Instance, Module, BRAM_18K, DSP48E, FF, LUT, URAM</keys>
<column name="top_mux_83_32_1_1_U71">top_mux_83_32_1_1, 0, 0, 0, 45, 0</column>
<column name="top_mux_83_32_1_1_U72">top_mux_83_32_1_1, 0, 0, 0, 45, 0</column>
<column name="top_mux_83_32_1_1_U73">top_mux_83_32_1_1, 0, 0, 0, 45, 0</column>
<column name="top_mux_83_32_1_1_U74">top_mux_83_32_1_1, 0, 0, 0, 45, 0</column>
<column name="top_mux_83_32_1_1_U75">top_mux_83_32_1_1, 0, 0, 0, 45, 0</column>
<column name="top_mux_83_32_1_1_U76">top_mux_83_32_1_1, 0, 0, 0, 45, 0</column>
</table>
</item>
<item name = "DSP48E"><table name="" hasTotal="0">
<keys size="3">Instance, Module, Expression</keys>
</table>
</item>
<item name = "Memory"><table name="" hasTotal="1">
<keys size="10">Memory, Module, BRAM_18K, FF, LUT, URAM, Words, Bits, Banks, W*Bits*Banks</keys>
</table>
</item>
<item name = "FIFO"><table name="" hasTotal="1">
<keys size="8">Name, BRAM_18K, FF, LUT, URAM, Depth, Bits, Size:D*B</keys>
</table>
</item>
<item name = "Expression"><table name="" hasTotal="1">
<keys size="7">Variable Name, Operation, DSP48E, FF, LUT, Bitwidth P0, Bitwidth P1</keys>
<column name="icmp_ln15_1_fu_94_p2">icmp, 0, 0, 18, 32, 32</column>
<column name="icmp_ln15_2_fu_129_p2">icmp, 0, 0, 18, 32, 32</column>
<column name="icmp_ln15_3_fu_165_p2">icmp, 0, 0, 18, 32, 32</column>
<column name="icmp_ln15_4_fu_195_p2">icmp, 0, 0, 18, 32, 32</column>
<column name="icmp_ln15_5_fu_221_p2">icmp, 0, 0, 18, 32, 32</column>
<column name="icmp_ln15_6_fu_248_p2">icmp, 0, 0, 18, 32, 32</column>
<column name="icmp_ln15_fu_80_p2">icmp, 0, 0, 18, 32, 32</column>
<column name="phi_ln15_3_fu_177_p9">select, 0, 0, 4, 1, 4</column>
<column name="select_ln14_2_fu_201_p3">select, 0, 0, 3, 1, 3</column>
<column name="select_ln15_1_fu_104_p3">select, 0, 0, 3, 1, 3</column>
<column name="select_ln15_2_fu_135_p3">select, 0, 0, 2, 1, 2</column>
<column name="select_ln15_3_fu_227_p3">select, 0, 0, 3, 1, 3</column>
<column name="select_ln15_fu_86_p3">select, 0, 0, 32, 1, 32</column>
<column name="tmp_fu_261_p9">select, 0, 0, 3, 1, 2</column>
</table>
</item>
<item name = "Multiplexer"><table name="" hasTotal="1">
<keys size="5">Name, LUT, Input Size, Bits, Total Bits</keys>
<column name="ap_NS_fsm">33, 6, 1, 6</column>
<column name="ap_return">9, 2, 32, 64</column>
</table>
</item>
<item name = "Register"><table name="" hasTotal="1">
<keys size="5">Name, FF, LUT, Bits, Const Bits</keys>
<column name="ap_CS_fsm">5, 0, 5, 0</column>
<column name="ap_return_preg">32, 0, 32, 0</column>
<column name="icmp_ln15_4_reg_356">1, 0, 1, 0</column>
<column name="phi_ln15_2_reg_330">32, 0, 32, 0</column>
<column name="select_ln14_1_reg_351">3, 0, 3, 0</column>
<column name="select_ln15_1_reg_311">2, 0, 2, 0</column>
<column name="select_ln15_3_reg_368">3, 0, 3, 0</column>
<column name="zext_ln15_2_reg_325">2, 0, 3, 1</column>
</table>
</item>
</section>
</item>
</section>

<section name = "Interface" level="0">
<item name = "Summary"><table name="" hasTotal="0">
<keys size="6">RTL Ports, Dir, Bits, Protocol, Source Object, C Type</keys>
<column name="ap_clk">in, 1, ap_ctrl_hs, max_algorithmic, return value</column>
<column name="ap_rst">in, 1, ap_ctrl_hs, max_algorithmic, return value</column>
<column name="ap_start">in, 1, ap_ctrl_hs, max_algorithmic, return value</column>
<column name="ap_done">out, 1, ap_ctrl_hs, max_algorithmic, return value</column>
<column name="ap_idle">out, 1, ap_ctrl_hs, max_algorithmic, return value</column>
<column name="ap_ready">out, 1, ap_ctrl_hs, max_algorithmic, return value</column>
<column name="ap_return">out, 32, ap_ctrl_hs, max_algorithmic, return value</column>
<column name="din_0_read">in, 32, ap_none, din_0_read, scalar</column>
<column name="din_1_read">in, 32, ap_none, din_1_read, scalar</column>
<column name="din_2_read">in, 32, ap_none, din_2_read, scalar</column>
<column name="din_3_read">in, 32, ap_none, din_3_read, scalar</column>
<column name="din_4_read">in, 32, ap_none, din_4_read, scalar</column>
<column name="din_5_read">in, 32, ap_none, din_5_read, scalar</column>
<column name="din_6_read">in, 32, ap_none, din_6_read, scalar</column>
<column name="din_7_read">in, 32, ap_none, din_7_read, scalar</column>
</table>
</item>
</section>
</profile>
