<stg><name>max_algorithmic</name>


<trans_list>

<trans id="38" from="1" to="2">
<condition id="-1">
<or_exp><and_exp></and_exp></or_exp>
</condition>
</trans>

<trans id="39" from="2" to="3">
<condition id="-1">
<or_exp><and_exp></and_exp></or_exp>
</condition>
</trans>

<trans id="40" from="3" to="4">
<condition id="-1">
<or_exp><and_exp></and_exp></or_exp>
</condition>
</trans>

<trans id="41" from="4" to="5">
<condition id="-1">
<or_exp><and_exp></and_exp></or_exp>
</condition>
</trans>
</trans_list>



<state_list>

<state id="1" st_id="1">

<operation id="6" st_id="1" stage="1" lat="1">
<core>NULL</core>
<MemPortIdVec></MemPortIdVec>
<condition id="-1">
<or_exp><and_exp></and_exp></or_exp>
</condition>

<Node id="14" bw="32" op_0_bw="32" op_1_bw="32">
<![CDATA[
branch32:5  %din_2_read_1 = call i32 @_ssdm_op_Read.ap_auto.i32(i32 %din_2_read)

]]></Node>
<StgValue><ssdm name="din_2_read_1"/></StgValue>
</operation>

<operation id="7" st_id="1" stage="1" lat="1">
<core>NULL</core>
<MemPortIdVec></MemPortIdVec>
<condition id="-1">
<or_exp><and_exp></and_exp></or_exp>
</condition>

<Node id="15" bw="32" op_0_bw="32" op_1_bw="32">
<![CDATA[
branch32:6  %din_1_read_1 = call i32 @_ssdm_op_Read.ap_auto.i32(i32 %din_1_read)

]]></Node>
<StgValue><ssdm name="din_1_read_1"/></StgValue>
</operation>

<operation id="8" st_id="1" stage="1" lat="1">
<core>NULL</core>
<MemPortIdVec></MemPortIdVec>
<condition id="-1">
<or_exp><and_exp></and_exp></or_exp>
</condition>

<Node id="16" bw="32" op_0_bw="32" op_1_bw="32">
<![CDATA[
branch32:7  %din_0_read_1 = call i32 @_ssdm_op_Read.ap_auto.i32(i32 %din_0_read)

]]></Node>
<StgValue><ssdm name="din_0_read_1"/></StgValue>
</operation>

<operation id="9" st_id="1" stage="1" lat="1">
<core>Cmp</core>
<MemPortIdVec></MemPortIdVec>
<condition id="-1">
<or_exp><and_exp></and_exp></or_exp>
</condition>

<Node id="17" bw="1" op_0_bw="32" op_1_bw="32">
<![CDATA[
branch32:8  %icmp_ln15 = icmp sgt i32 %din_1_read_1, %din_0_read_1

]]></Node>
<StgValue><ssdm name="icmp_ln15"/></StgValue>
</operation>

<operation id="10" st_id="1" stage="1" lat="1">
<core>Sel</core>
<MemPortIdVec></MemPortIdVec>
<condition id="-1">
<or_exp><and_exp></and_exp></or_exp>
</condition>

<Node id="18" bw="32" op_0_bw="1" op_1_bw="32" op_2_bw="32">
<![CDATA[
branch32:9  %select_ln15 = select i1 %icmp_ln15, i32 %din_1_read_1, i32 %din_0_read_1

]]></Node>
<StgValue><ssdm name="select_ln15"/></StgValue>
</operation>

<operation id="11" st_id="1" stage="1" lat="1">
<core>Cmp</core>
<MemPortIdVec></MemPortIdVec>
<condition id="-1">
<or_exp><and_exp></and_exp></or_exp>
</condition>

<Node id="19" bw="1" op_0_bw="32" op_1_bw="32">
<![CDATA[
branch32:10  %icmp_ln15_1 = icmp slt i32 %select_ln15, %din_2_read_1

]]></Node>
<StgValue><ssdm name="icmp_ln15_1"/></StgValue>
</operation>

<operation id="12" st_id="1" stage="1" lat="1">
<core>NULL</core>
<MemPortIdVec></MemPortIdVec>
<condition id="-1">
<or_exp><and_exp></and_exp></or_exp>
</condition>

<Node id="20" bw="2" op_0_bw="1">
<![CDATA[
branch32:11  %zext_ln15 = zext i1 %icmp_ln15 to i2

]]></Node>
<StgValue><ssdm name="zext_ln15"/></StgValue>
</operation>

<operation id="13" st_id="1" stage="1" lat="1">
<core>Sel</core>
<MemPortIdVec></MemPortIdVec>
<condition id="-1">
<or_exp><and_exp></and_exp></or_exp>
</condition>

<Node id="21" bw="2" op_0_bw="1" op_1_bw="2" op_2_bw="2">
<![CDATA[
branch32:12  %select_ln15_1 = select i1 %icmp_ln15_1, i2 -2, i2 %zext_ln15

]]></Node>
<StgValue><ssdm name="select_ln15_1"/></StgValue>
</operation>
</state>

<state id="2" st_id="2">

<operation id="14" st_id="2" stage="1" lat="1">
<core>NULL</core>
<MemPortIdVec></MemPortIdVec>
<condition id="-1">
<or_exp><and_exp></and_exp></or_exp>
</condition>

<Node id="13" bw="32" op_0_bw="32" op_1_bw="32">
<![CDATA[
branch32:4  %din_3_read_1 = call i32 @_ssdm_op_Read.ap_auto.i32(i32 %din_3_read)

]]></Node>
<StgValue><ssdm name="din_3_read_1"/></StgValue>
</operation>

<operation id="15" st_id="2" stage="1" lat="1">
<core>NULL</core>
<MemPortIdVec></MemPortIdVec>
<condition id="-1">
<or_exp><and_exp></and_exp></or_exp>
</condition>

<Node id="22" bw="3" op_0_bw="2">
<![CDATA[
branch32:13  %zext_ln15_1 = zext i2 %select_ln15_1 to i3

]]></Node>
<StgValue><ssdm name="zext_ln15_1"/></StgValue>
</operation>

<operation id="16" st_id="2" stage="1" lat="1">
<core>MuxnS</core>
<MemPortIdVec></MemPortIdVec>
<condition id="-1">
<or_exp><and_exp></and_exp></or_exp>
</condition>

<Node id="23" bw="32" op_0_bw="32" op_1_bw="32" op_2_bw="32" op_3_bw="32" op_4_bw="32" op_5_bw="32" op_6_bw="32" op_7_bw="32" op_8_bw="32" op_9_bw="3">
<![CDATA[
branch32:14  %phi_ln15_1 = call i32 @_ssdm_op_Mux.ap_auto.8i32.i3(i32 %din_0_read_1, i32 %din_1_read_1, i32 %din_2_read_1, i32 %din_2_read_1, i32 %din_2_read_1, i32 %din_2_read_1, i32 %din_2_read_1, i32 %din_2_read_1, i3 %zext_ln15_1)

]]></Node>
<StgValue><ssdm name="phi_ln15_1"/></StgValue>
</operation>

<operation id="17" st_id="2" stage="1" lat="1">
<core>Cmp</core>
<MemPortIdVec></MemPortIdVec>
<condition id="-1">
<or_exp><and_exp></and_exp></or_exp>
</condition>

<Node id="24" bw="1" op_0_bw="32" op_1_bw="32">
<![CDATA[
branch32:15  %icmp_ln15_2 = icmp slt i32 %phi_ln15_1, %din_3_read_1

]]></Node>
<StgValue><ssdm name="icmp_ln15_2"/></StgValue>
</operation>

<operation id="18" st_id="2" stage="1" lat="1">
<core>Sel</core>
<MemPortIdVec></MemPortIdVec>
<condition id="-1">
<or_exp><and_exp></and_exp></or_exp>
</condition>

<Node id="25" bw="2" op_0_bw="1" op_1_bw="2" op_2_bw="2">
<![CDATA[
branch32:16  %select_ln15_2 = select i1 %icmp_ln15_2, i2 -1, i2 %select_ln15_1

]]></Node>
<StgValue><ssdm name="select_ln15_2"/></StgValue>
</operation>

<operation id="19" st_id="2" stage="1" lat="1">
<core>NULL</core>
<MemPortIdVec></MemPortIdVec>
<condition id="-1">
<or_exp><and_exp></and_exp></or_exp>
</condition>

<Node id="26" bw="3" op_0_bw="2">
<![CDATA[
branch32:17  %zext_ln15_2 = zext i2 %select_ln15_2 to i3

]]></Node>
<StgValue><ssdm name="zext_ln15_2"/></StgValue>
</operation>

<operation id="20" st_id="2" stage="1" lat="1">
<core>MuxnS</core>
<MemPortIdVec></MemPortIdVec>
<condition id="-1">
<or_exp><and_exp></and_exp></or_exp>
</condition>

<Node id="27" bw="32" op_0_bw="32" op_1_bw="32" op_2_bw="32" op_3_bw="32" op_4_bw="32" op_5_bw="32" op_6_bw="32" op_7_bw="32" op_8_bw="32" op_9_bw="3">
<![CDATA[
branch32:18  %phi_ln15_2 = call i32 @_ssdm_op_Mux.ap_auto.8i32.i3(i32 %din_0_read_1, i32 %din_1_read_1, i32 %din_2_read_1, i32 %din_3_read_1, i32 %din_3_read_1, i32 %din_3_read_1, i32 %din_3_read_1, i32 %din_3_read_1, i3 %zext_ln15_2)

]]></Node>
<StgValue><ssdm name="phi_ln15_2"/></StgValue>
</operation>
</state>

<state id="3" st_id="3">

<operation id="21" st_id="3" stage="1" lat="1">
<core>NULL</core>
<MemPortIdVec></MemPortIdVec>
<condition id="-1">
<or_exp><and_exp></and_exp></or_exp>
</condition>

<Node id="11" bw="32" op_0_bw="32" op_1_bw="32">
<![CDATA[
branch32:2  %din_5_read_1 = call i32 @_ssdm_op_Read.ap_auto.i32(i32 %din_5_read)

]]></Node>
<StgValue><ssdm name="din_5_read_1"/></StgValue>
</operation>

<operation id="22" st_id="3" stage="1" lat="1">
<core>NULL</core>
<MemPortIdVec></MemPortIdVec>
<condition id="-1">
<or_exp><and_exp></and_exp></or_exp>
</condition>

<Node id="12" bw="32" op_0_bw="32" op_1_bw="32">
<![CDATA[
branch32:3  %din_4_read_1 = call i32 @_ssdm_op_Read.ap_auto.i32(i32 %din_4_read)

]]></Node>
<StgValue><ssdm name="din_4_read_1"/></StgValue>
</operation>

<operation id="23" st_id="3" stage="1" lat="1">
<core>Cmp</core>
<MemPortIdVec></MemPortIdVec>
<condition id="-1">
<or_exp><and_exp></and_exp></or_exp>
</condition>

<Node id="28" bw="1" op_0_bw="32" op_1_bw="32">
<![CDATA[
branch32:19  %icmp_ln15_3 = icmp slt i32 %phi_ln15_2, %din_4_read_1

]]></Node>
<StgValue><ssdm name="icmp_ln15_3"/></StgValue>
</operation>

<operation id="24" st_id="3" stage="1" lat="1">
<core>Sel</core>
<MemPortIdVec></MemPortIdVec>
<condition id="-1">
<or_exp><and_exp></and_exp></or_exp>
</condition>

<Node id="29" bw="3" op_0_bw="1" op_1_bw="3" op_2_bw="3">
<![CDATA[
branch32:20  %select_ln14_1 = select i1 %icmp_ln15_3, i3 -4, i3 %zext_ln15_2

]]></Node>
<StgValue><ssdm name="select_ln14_1"/></StgValue>
</operation>

<operation id="25" st_id="3" stage="1" lat="1">
<core>MuxnS</core>
<MemPortIdVec></MemPortIdVec>
<condition id="-1">
<or_exp><and_exp></and_exp></or_exp>
</condition>

<Node id="30" bw="32" op_0_bw="32" op_1_bw="32" op_2_bw="32" op_3_bw="32" op_4_bw="32" op_5_bw="32" op_6_bw="32" op_7_bw="32" op_8_bw="32" op_9_bw="3">
<![CDATA[
branch32:21  %phi_ln15_3 = call i32 @_ssdm_op_Mux.ap_auto.8i32.i3(i32 %din_0_read_1, i32 %din_1_read_1, i32 %din_2_read_1, i32 %din_3_read_1, i32 %din_4_read_1, i32 %din_4_read_1, i32 %din_4_read_1, i32 %din_4_read_1, i3 %select_ln14_1)

]]></Node>
<StgValue><ssdm name="phi_ln15_3"/></StgValue>
</operation>

<operation id="26" st_id="3" stage="1" lat="1">
<core>Cmp</core>
<MemPortIdVec></MemPortIdVec>
<condition id="-1">
<or_exp><and_exp></and_exp></or_exp>
</condition>

<Node id="31" bw="1" op_0_bw="32" op_1_bw="32">
<![CDATA[
branch32:22  %icmp_ln15_4 = icmp slt i32 %phi_ln15_3, %din_5_read_1

]]></Node>
<StgValue><ssdm name="icmp_ln15_4"/></StgValue>
</operation>
</state>

<state id="4" st_id="4">

<operation id="27" st_id="4" stage="1" lat="1">
<core>NULL</core>
<MemPortIdVec></MemPortIdVec>
<condition id="-1">
<or_exp><and_exp></and_exp></or_exp>
</condition>

<Node id="10" bw="32" op_0_bw="32" op_1_bw="32">
<![CDATA[
branch32:1  %din_6_read_1 = call i32 @_ssdm_op_Read.ap_auto.i32(i32 %din_6_read)

]]></Node>
<StgValue><ssdm name="din_6_read_1"/></StgValue>
</operation>

<operation id="28" st_id="4" stage="1" lat="1">
<core>Sel</core>
<MemPortIdVec></MemPortIdVec>
<condition id="-1">
<or_exp><and_exp></and_exp></or_exp>
</condition>

<Node id="32" bw="3" op_0_bw="1" op_1_bw="3" op_2_bw="3">
<![CDATA[
branch32:23  %select_ln14_2 = select i1 %icmp_ln15_4, i3 -3, i3 %select_ln14_1

]]></Node>
<StgValue><ssdm name="select_ln14_2"/></StgValue>
</operation>

<operation id="29" st_id="4" stage="1" lat="1">
<core>MuxnS</core>
<MemPortIdVec></MemPortIdVec>
<condition id="-1">
<or_exp><and_exp></and_exp></or_exp>
</condition>

<Node id="33" bw="32" op_0_bw="32" op_1_bw="32" op_2_bw="32" op_3_bw="32" op_4_bw="32" op_5_bw="32" op_6_bw="32" op_7_bw="32" op_8_bw="32" op_9_bw="3">
<![CDATA[
branch32:24  %phi_ln15_4 = call i32 @_ssdm_op_Mux.ap_auto.8i32.i3(i32 %din_0_read_1, i32 %din_1_read_1, i32 %din_2_read_1, i32 %din_3_read_1, i32 %din_4_read_1, i32 %din_5_read_1, i32 %din_5_read_1, i32 %din_5_read_1, i3 %select_ln14_2)

]]></Node>
<StgValue><ssdm name="phi_ln15_4"/></StgValue>
</operation>

<operation id="30" st_id="4" stage="1" lat="1">
<core>Cmp</core>
<MemPortIdVec></MemPortIdVec>
<condition id="-1">
<or_exp><and_exp></and_exp></or_exp>
</condition>

<Node id="34" bw="1" op_0_bw="32" op_1_bw="32">
<![CDATA[
branch32:25  %icmp_ln15_5 = icmp slt i32 %phi_ln15_4, %din_6_read_1

]]></Node>
<StgValue><ssdm name="icmp_ln15_5"/></StgValue>
</operation>

<operation id="31" st_id="4" stage="1" lat="1">
<core>Sel</core>
<MemPortIdVec></MemPortIdVec>
<condition id="-1">
<or_exp><and_exp></and_exp></or_exp>
</condition>

<Node id="35" bw="3" op_0_bw="1" op_1_bw="3" op_2_bw="3">
<![CDATA[
branch32:26  %select_ln15_3 = select i1 %icmp_ln15_5, i3 -2, i3 %select_ln14_2

]]></Node>
<StgValue><ssdm name="select_ln15_3"/></StgValue>
</operation>
</state>

<state id="5" st_id="5">

<operation id="32" st_id="5" stage="1" lat="1">
<core>NULL</core>
<MemPortIdVec></MemPortIdVec>
<condition id="-1">
<or_exp><and_exp></and_exp></or_exp>
</condition>

<Node id="9" bw="32" op_0_bw="32" op_1_bw="32">
<![CDATA[
branch32:0  %din_7_read_1 = call i32 @_ssdm_op_Read.ap_auto.i32(i32 %din_7_read)

]]></Node>
<StgValue><ssdm name="din_7_read_1"/></StgValue>
</operation>

<operation id="33" st_id="5" stage="1" lat="1">
<core>MuxnS</core>
<MemPortIdVec></MemPortIdVec>
<condition id="-1">
<or_exp><and_exp></and_exp></or_exp>
</condition>

<Node id="36" bw="32" op_0_bw="32" op_1_bw="32" op_2_bw="32" op_3_bw="32" op_4_bw="32" op_5_bw="32" op_6_bw="32" op_7_bw="32" op_8_bw="32" op_9_bw="3">
<![CDATA[
branch32:27  %phi_ln15_5 = call i32 @_ssdm_op_Mux.ap_auto.8i32.i3(i32 %din_0_read_1, i32 %din_1_read_1, i32 %din_2_read_1, i32 %din_3_read_1, i32 %din_4_read_1, i32 %din_5_read_1, i32 %din_6_read_1, i32 %din_6_read_1, i3 %select_ln15_3)

]]></Node>
<StgValue><ssdm name="phi_ln15_5"/></StgValue>
</operation>

<operation id="34" st_id="5" stage="1" lat="1">
<core>Cmp</core>
<MemPortIdVec></MemPortIdVec>
<condition id="-1">
<or_exp><and_exp></and_exp></or_exp>
</condition>

<Node id="37" bw="1" op_0_bw="32" op_1_bw="32">
<![CDATA[
branch32:28  %icmp_ln15_6 = icmp slt i32 %phi_ln15_5, %din_7_read_1

]]></Node>
<StgValue><ssdm name="icmp_ln15_6"/></StgValue>
</operation>

<operation id="35" st_id="5" stage="1" lat="1">
<core>Sel</core>
<MemPortIdVec></MemPortIdVec>
<condition id="-1">
<or_exp><and_exp></and_exp></or_exp>
</condition>

<Node id="38" bw="3" op_0_bw="1" op_1_bw="3" op_2_bw="3">
<![CDATA[
branch32:29  %select_ln14 = select i1 %icmp_ln15_6, i3 -1, i3 %select_ln15_3

]]></Node>
<StgValue><ssdm name="select_ln14"/></StgValue>
</operation>

<operation id="36" st_id="5" stage="1" lat="1">
<core>MuxnS</core>
<MemPortIdVec></MemPortIdVec>
<condition id="-1">
<or_exp><and_exp></and_exp></or_exp>
</condition>

<Node id="39" bw="32" op_0_bw="32" op_1_bw="32" op_2_bw="32" op_3_bw="32" op_4_bw="32" op_5_bw="32" op_6_bw="32" op_7_bw="32" op_8_bw="32" op_9_bw="3">
<![CDATA[
branch32:30  %tmp = call i32 @_ssdm_op_Mux.ap_auto.8i32.i3(i32 %din_0_read_1, i32 %din_1_read_1, i32 %din_2_read_1, i32 %din_3_read_1, i32 %din_4_read_1, i32 %din_5_read_1, i32 %din_6_read_1, i32 %din_7_read_1, i3 %select_ln14)

]]></Node>
<StgValue><ssdm name="tmp"/></StgValue>
</operation>

<operation id="37" st_id="5" stage="1" lat="1">
<core>NULL</core>
<MemPortIdVec></MemPortIdVec>
<condition id="-1">
<or_exp><and_exp></and_exp></or_exp>
</condition>

<Node id="40" bw="0" op_0_bw="32">
<![CDATA[
branch32:31  ret i32 %tmp

]]></Node>
<StgValue><ssdm name="ret_ln20"/></StgValue>
</operation>
</state>
</state_list>


<ports>
<port id="42" name="din_0_read" dir="0" iftype="0">
<core>NULL</core><StgValue><ssdm name="din_0_read"/></StgValue>
</port>
<port id="43" name="din_1_read" dir="0" iftype="0">
<core>NULL</core><StgValue><ssdm name="din_1_read"/></StgValue>
</port>
<port id="44" name="din_2_read" dir="0" iftype="0">
<core>NULL</core><StgValue><ssdm name="din_2_read"/></StgValue>
</port>
<port id="45" name="din_3_read" dir="0" iftype="0">
<core>NULL</core><StgValue><ssdm name="din_3_read"/></StgValue>
</port>
<port id="46" name="din_4_read" dir="0" iftype="0">
<core>NULL</core><StgValue><ssdm name="din_4_read"/></StgValue>
</port>
<port id="47" name="din_5_read" dir="0" iftype="0">
<core>NULL</core><StgValue><ssdm name="din_5_read"/></StgValue>
</port>
<port id="48" name="din_6_read" dir="0" iftype="0">
<core>NULL</core><StgValue><ssdm name="din_6_read"/></StgValue>
</port>
<port id="49" name="din_7_read" dir="0" iftype="0">
<core>NULL</core><StgValue><ssdm name="din_7_read"/></StgValue>
</port>
</ports>


<dataflows>
<dataflow id="51" from="_ssdm_op_Read.ap_auto.i32" to="din_2_read_1" fromId="50" toId="6">
</dataflow>
<dataflow id="52" from="din_2_read" to="din_2_read_1" fromId="44" toId="6">
</dataflow>
<dataflow id="53" from="_ssdm_op_Read.ap_auto.i32" to="din_1_read_1" fromId="50" toId="7">
</dataflow>
<dataflow id="54" from="din_1_read" to="din_1_read_1" fromId="43" toId="7">
</dataflow>
<dataflow id="55" from="_ssdm_op_Read.ap_auto.i32" to="din_0_read_1" fromId="50" toId="8">
</dataflow>
<dataflow id="56" from="din_0_read" to="din_0_read_1" fromId="42" toId="8">
</dataflow>
<dataflow id="57" from="din_1_read_1" to="icmp_ln15" fromId="7" toId="9">
</dataflow>
<dataflow id="58" from="din_0_read_1" to="icmp_ln15" fromId="8" toId="9">
</dataflow>
<dataflow id="59" from="icmp_ln15" to="select_ln15" fromId="9" toId="10">
</dataflow>
<dataflow id="60" from="din_1_read_1" to="select_ln15" fromId="7" toId="10">
</dataflow>
<dataflow id="61" from="din_0_read_1" to="select_ln15" fromId="8" toId="10">
</dataflow>
<dataflow id="62" from="select_ln15" to="icmp_ln15_1" fromId="10" toId="11">
</dataflow>
<dataflow id="63" from="din_2_read_1" to="icmp_ln15_1" fromId="6" toId="11">
</dataflow>
<dataflow id="64" from="icmp_ln15" to="zext_ln15" fromId="9" toId="12">
</dataflow>
<dataflow id="65" from="icmp_ln15_1" to="select_ln15_1" fromId="11" toId="13">
</dataflow>
<dataflow id="67" from="StgValue_66" to="select_ln15_1" fromId="66" toId="13">
</dataflow>
<dataflow id="68" from="zext_ln15" to="select_ln15_1" fromId="12" toId="13">
</dataflow>
<dataflow id="69" from="_ssdm_op_Read.ap_auto.i32" to="din_3_read_1" fromId="50" toId="14">
</dataflow>
<dataflow id="70" from="din_3_read" to="din_3_read_1" fromId="45" toId="14">
</dataflow>
<dataflow id="71" from="select_ln15_1" to="zext_ln15_1" fromId="13" toId="15">
</dataflow>
<dataflow id="73" from="_ssdm_op_Mux.ap_auto.8i32.i3" to="phi_ln15_1" fromId="72" toId="16">
</dataflow>
<dataflow id="74" from="din_0_read_1" to="phi_ln15_1" fromId="8" toId="16">
</dataflow>
<dataflow id="75" from="din_1_read_1" to="phi_ln15_1" fromId="7" toId="16">
</dataflow>
<dataflow id="76" from="din_2_read_1" to="phi_ln15_1" fromId="6" toId="16">
</dataflow>
<dataflow id="77" from="din_2_read_1" to="phi_ln15_1" fromId="6" toId="16">
</dataflow>
<dataflow id="78" from="din_2_read_1" to="phi_ln15_1" fromId="6" toId="16">
</dataflow>
<dataflow id="79" from="din_2_read_1" to="phi_ln15_1" fromId="6" toId="16">
</dataflow>
<dataflow id="80" from="din_2_read_1" to="phi_ln15_1" fromId="6" toId="16">
</dataflow>
<dataflow id="81" from="din_2_read_1" to="phi_ln15_1" fromId="6" toId="16">
</dataflow>
<dataflow id="82" from="zext_ln15_1" to="phi_ln15_1" fromId="15" toId="16">
</dataflow>
<dataflow id="83" from="phi_ln15_1" to="icmp_ln15_2" fromId="16" toId="17">
</dataflow>
<dataflow id="84" from="din_3_read_1" to="icmp_ln15_2" fromId="14" toId="17">
</dataflow>
<dataflow id="85" from="icmp_ln15_2" to="select_ln15_2" fromId="17" toId="18">
</dataflow>
<dataflow id="87" from="StgValue_86" to="select_ln15_2" fromId="86" toId="18">
</dataflow>
<dataflow id="88" from="select_ln15_1" to="select_ln15_2" fromId="13" toId="18">
</dataflow>
<dataflow id="89" from="select_ln15_2" to="zext_ln15_2" fromId="18" toId="19">
</dataflow>
<dataflow id="90" from="_ssdm_op_Mux.ap_auto.8i32.i3" to="phi_ln15_2" fromId="72" toId="20">
</dataflow>
<dataflow id="91" from="din_0_read_1" to="phi_ln15_2" fromId="8" toId="20">
</dataflow>
<dataflow id="92" from="din_1_read_1" to="phi_ln15_2" fromId="7" toId="20">
</dataflow>
<dataflow id="93" from="din_2_read_1" to="phi_ln15_2" fromId="6" toId="20">
</dataflow>
<dataflow id="94" from="din_3_read_1" to="phi_ln15_2" fromId="14" toId="20">
</dataflow>
<dataflow id="95" from="din_3_read_1" to="phi_ln15_2" fromId="14" toId="20">
</dataflow>
<dataflow id="96" from="din_3_read_1" to="phi_ln15_2" fromId="14" toId="20">
</dataflow>
<dataflow id="97" from="din_3_read_1" to="phi_ln15_2" fromId="14" toId="20">
</dataflow>
<dataflow id="98" from="din_3_read_1" to="phi_ln15_2" fromId="14" toId="20">
</dataflow>
<dataflow id="99" from="zext_ln15_2" to="phi_ln15_2" fromId="19" toId="20">
</dataflow>
<dataflow id="100" from="_ssdm_op_Read.ap_auto.i32" to="din_5_read_1" fromId="50" toId="21">
</dataflow>
<dataflow id="101" from="din_5_read" to="din_5_read_1" fromId="47" toId="21">
</dataflow>
<dataflow id="102" from="_ssdm_op_Read.ap_auto.i32" to="din_4_read_1" fromId="50" toId="22">
</dataflow>
<dataflow id="103" from="din_4_read" to="din_4_read_1" fromId="46" toId="22">
</dataflow>
<dataflow id="104" from="phi_ln15_2" to="icmp_ln15_3" fromId="20" toId="23">
</dataflow>
<dataflow id="105" from="din_4_read_1" to="icmp_ln15_3" fromId="22" toId="23">
</dataflow>
<dataflow id="106" from="icmp_ln15_3" to="select_ln14_1" fromId="23" toId="24">
</dataflow>
<dataflow id="108" from="StgValue_107" to="select_ln14_1" fromId="107" toId="24">
</dataflow>
<dataflow id="109" from="zext_ln15_2" to="select_ln14_1" fromId="19" toId="24">
</dataflow>
<dataflow id="110" from="_ssdm_op_Mux.ap_auto.8i32.i3" to="phi_ln15_3" fromId="72" toId="25">
</dataflow>
<dataflow id="111" from="din_0_read_1" to="phi_ln15_3" fromId="8" toId="25">
</dataflow>
<dataflow id="112" from="din_1_read_1" to="phi_ln15_3" fromId="7" toId="25">
</dataflow>
<dataflow id="113" from="din_2_read_1" to="phi_ln15_3" fromId="6" toId="25">
</dataflow>
<dataflow id="114" from="din_3_read_1" to="phi_ln15_3" fromId="14" toId="25">
</dataflow>
<dataflow id="115" from="din_4_read_1" to="phi_ln15_3" fromId="22" toId="25">
</dataflow>
<dataflow id="116" from="din_4_read_1" to="phi_ln15_3" fromId="22" toId="25">
</dataflow>
<dataflow id="117" from="din_4_read_1" to="phi_ln15_3" fromId="22" toId="25">
</dataflow>
<dataflow id="118" from="din_4_read_1" to="phi_ln15_3" fromId="22" toId="25">
</dataflow>
<dataflow id="119" from="select_ln14_1" to="phi_ln15_3" fromId="24" toId="25">
</dataflow>
<dataflow id="120" from="phi_ln15_3" to="icmp_ln15_4" fromId="25" toId="26">
</dataflow>
<dataflow id="121" from="din_5_read_1" to="icmp_ln15_4" fromId="21" toId="26">
</dataflow>
<dataflow id="122" from="_ssdm_op_Read.ap_auto.i32" to="din_6_read_1" fromId="50" toId="27">
</dataflow>
<dataflow id="123" from="din_6_read" to="din_6_read_1" fromId="48" toId="27">
</dataflow>
<dataflow id="124" from="icmp_ln15_4" to="select_ln14_2" fromId="26" toId="28">
</dataflow>
<dataflow id="126" from="StgValue_125" to="select_ln14_2" fromId="125" toId="28">
</dataflow>
<dataflow id="127" from="select_ln14_1" to="select_ln14_2" fromId="24" toId="28">
</dataflow>
<dataflow id="128" from="_ssdm_op_Mux.ap_auto.8i32.i3" to="phi_ln15_4" fromId="72" toId="29">
</dataflow>
<dataflow id="129" from="din_0_read_1" to="phi_ln15_4" fromId="8" toId="29">
</dataflow>
<dataflow id="130" from="din_1_read_1" to="phi_ln15_4" fromId="7" toId="29">
</dataflow>
<dataflow id="131" from="din_2_read_1" to="phi_ln15_4" fromId="6" toId="29">
</dataflow>
<dataflow id="132" from="din_3_read_1" to="phi_ln15_4" fromId="14" toId="29">
</dataflow>
<dataflow id="133" from="din_4_read_1" to="phi_ln15_4" fromId="22" toId="29">
</dataflow>
<dataflow id="134" from="din_5_read_1" to="phi_ln15_4" fromId="21" toId="29">
</dataflow>
<dataflow id="135" from="din_5_read_1" to="phi_ln15_4" fromId="21" toId="29">
</dataflow>
<dataflow id="136" from="din_5_read_1" to="phi_ln15_4" fromId="21" toId="29">
</dataflow>
<dataflow id="137" from="select_ln14_2" to="phi_ln15_4" fromId="28" toId="29">
</dataflow>
<dataflow id="138" from="phi_ln15_4" to="icmp_ln15_5" fromId="29" toId="30">
</dataflow>
<dataflow id="139" from="din_6_read_1" to="icmp_ln15_5" fromId="27" toId="30">
</dataflow>
<dataflow id="140" from="icmp_ln15_5" to="select_ln15_3" fromId="30" toId="31">
</dataflow>
<dataflow id="142" from="StgValue_141" to="select_ln15_3" fromId="141" toId="31">
</dataflow>
<dataflow id="143" from="select_ln14_2" to="select_ln15_3" fromId="28" toId="31">
</dataflow>
<dataflow id="144" from="_ssdm_op_Read.ap_auto.i32" to="din_7_read_1" fromId="50" toId="32">
</dataflow>
<dataflow id="145" from="din_7_read" to="din_7_read_1" fromId="49" toId="32">
</dataflow>
<dataflow id="146" from="_ssdm_op_Mux.ap_auto.8i32.i3" to="phi_ln15_5" fromId="72" toId="33">
</dataflow>
<dataflow id="147" from="din_0_read_1" to="phi_ln15_5" fromId="8" toId="33">
</dataflow>
<dataflow id="148" from="din_1_read_1" to="phi_ln15_5" fromId="7" toId="33">
</dataflow>
<dataflow id="149" from="din_2_read_1" to="phi_ln15_5" fromId="6" toId="33">
</dataflow>
<dataflow id="150" from="din_3_read_1" to="phi_ln15_5" fromId="14" toId="33">
</dataflow>
<dataflow id="151" from="din_4_read_1" to="phi_ln15_5" fromId="22" toId="33">
</dataflow>
<dataflow id="152" from="din_5_read_1" to="phi_ln15_5" fromId="21" toId="33">
</dataflow>
<dataflow id="153" from="din_6_read_1" to="phi_ln15_5" fromId="27" toId="33">
</dataflow>
<dataflow id="154" from="din_6_read_1" to="phi_ln15_5" fromId="27" toId="33">
</dataflow>
<dataflow id="155" from="select_ln15_3" to="phi_ln15_5" fromId="31" toId="33">
</dataflow>
<dataflow id="156" from="phi_ln15_5" to="icmp_ln15_6" fromId="33" toId="34">
</dataflow>
<dataflow id="157" from="din_7_read_1" to="icmp_ln15_6" fromId="32" toId="34">
</dataflow>
<dataflow id="158" from="icmp_ln15_6" to="select_ln14" fromId="34" toId="35">
</dataflow>
<dataflow id="160" from="StgValue_159" to="select_ln14" fromId="159" toId="35">
</dataflow>
<dataflow id="161" from="select_ln15_3" to="select_ln14" fromId="31" toId="35">
</dataflow>
<dataflow id="162" from="_ssdm_op_Mux.ap_auto.8i32.i3" to="tmp" fromId="72" toId="36">
</dataflow>
<dataflow id="163" from="din_0_read_1" to="tmp" fromId="8" toId="36">
</dataflow>
<dataflow id="164" from="din_1_read_1" to="tmp" fromId="7" toId="36">
</dataflow>
<dataflow id="165" from="din_2_read_1" to="tmp" fromId="6" toId="36">
</dataflow>
<dataflow id="166" from="din_3_read_1" to="tmp" fromId="14" toId="36">
</dataflow>
<dataflow id="167" from="din_4_read_1" to="tmp" fromId="22" toId="36">
</dataflow>
<dataflow id="168" from="din_5_read_1" to="tmp" fromId="21" toId="36">
</dataflow>
<dataflow id="169" from="din_6_read_1" to="tmp" fromId="27" toId="36">
</dataflow>
<dataflow id="170" from="din_7_read_1" to="tmp" fromId="32" toId="36">
</dataflow>
<dataflow id="171" from="select_ln14" to="tmp" fromId="35" toId="36">
</dataflow>
<dataflow id="172" from="tmp" to="ret_ln20" fromId="36" toId="37">
</dataflow>
</dataflows>


</stg>
