<profile>

<section name = "Vivado HLS Report for 'mux_onehot'" level="0">
<item name = "Date">Thu Apr  8 05:50:02 2021
</item>
<item name = "Version">2019.2 (Build 2704478 on Wed Nov 06 22:10:23 MST 2019)</item>
<item name = "Project">Multiplexor</item>
<item name = "Solution">solution1</item>
<item name = "Product family">zynq</item>
<item name = "Target device">xc7z020-clg400-1</item>
</section>

<section name = "Performance Estimates" level="0">
<item name = "Timing">
<section name = "" level="1">
<item name = "Summary"><table name="" hasTotal="0">
<keys size="4">Clock, Target, Estimated, Uncertainty</keys>
<column name="ap_clk">10.00 ns, 6.543 ns, 1.25 ns</column>
</table>
</item>
</section>
</item>
<item name = "Latency">
<section name = "" level="1">
<item name = "Summary"><table name="" hasTotal="0">
<keys size="8">, min, max, min, max, min, max, Type</keys>
<column name="">0, 0, 0 ns, 0 ns, 0, 0, none</column>
</table>
</item>
<item name = "Detail">
<section name = "" level="1">
<item name = "Instance"><table name="" hasTotal="0">
<keys size="9">Instance, Module, min, max, min, max, min, max, Type</keys>
</table>
</item>
<item name = "Loop"><table name="" hasTotal="0">
<keys size="8">Loop Name, min, max, Latency, achieved, target, Count, Pipelined</keys>
</table>
</item>
</section>
</item>
</section>
</item>
</section>

<section name = "Utilization Estimates" level="0">
<item name = "Summary"><table name="" hasTotal="1">
<keys size="6">Name, BRAM_18K, DSP48E, FF, LUT, URAM</keys>
<column name="DSP">-, -, -, -, -</column>
<column name="Expression">-, -, 0, 168, -</column>
<column name="FIFO">-, -, -, -, -</column>
<column name="Instance">-, -, -, -, -</column>
<column name="Memory">-, -, -, -, -</column>
<column name="Multiplexer">-, -, -, -, -</column>
<column name="Register">-, -, -, -, -</column>
<specialColumn name="Available">280, 220, 106400, 53200, 0</specialColumn>
<specialColumn name="Utilization (%)">0, 0, 0, ~0, 0</specialColumn>
</table>
</item>
<item name = "Detail">
<section name = "" level="1">
<item name = "Instance"><table name="" hasTotal="1">
<keys size="7">Instance, Module, BRAM_18K, DSP48E, FF, LUT, URAM</keys>
</table>
</item>
<item name = "DSP48E"><table name="" hasTotal="0">
<keys size="3">Instance, Module, Expression</keys>
</table>
</item>
<item name = "Memory"><table name="" hasTotal="1">
<keys size="10">Memory, Module, BRAM_18K, FF, LUT, URAM, Words, Bits, Banks, W*Bits*Banks</keys>
</table>
</item>
<item name = "FIFO"><table name="" hasTotal="1">
<keys size="8">Name, BRAM_18K, FF, LUT, URAM, Depth, Bits, Size:D*B</keys>
</table>
</item>
<item name = "Expression"><table name="" hasTotal="1">
<keys size="7">Variable Name, Operation, DSP48E, FF, LUT, Bitwidth P0, Bitwidth P1</keys>
<column name="icmp_ln7_1_fu_98_p2">icmp, 0, 0, 11, 8, 7</column>
<column name="icmp_ln7_2_fu_104_p2">icmp, 0, 0, 11, 8, 6</column>
<column name="icmp_ln7_3_fu_110_p2">icmp, 0, 0, 11, 8, 5</column>
<column name="icmp_ln7_4_fu_116_p2">icmp, 0, 0, 11, 8, 4</column>
<column name="icmp_ln7_5_fu_122_p2">icmp, 0, 0, 11, 8, 3</column>
<column name="icmp_ln7_6_fu_128_p2">icmp, 0, 0, 11, 8, 2</column>
<column name="icmp_ln7_7_fu_134_p2">icmp, 0, 0, 11, 8, 1</column>
<column name="icmp_ln7_fu_92_p2">icmp, 0, 0, 13, 8, 9</column>
<column name="or_ln7_1_fu_162_p2">or, 0, 0, 2, 1, 1</column>
<column name="or_ln7_2_fu_176_p2">or, 0, 0, 2, 1, 1</column>
<column name="or_ln7_3_fu_190_p2">or, 0, 0, 2, 1, 1</column>
<column name="or_ln7_4_fu_204_p2">or, 0, 0, 2, 1, 1</column>
<column name="or_ln7_5_fu_218_p2">or, 0, 0, 2, 1, 1</column>
<column name="or_ln7_6_fu_232_p2">or, 0, 0, 2, 1, 1</column>
<column name="or_ln7_fu_148_p2">or, 0, 0, 2, 1, 1</column>
<column name="ap_return">select, 0, 0, 8, 1, 8</column>
<column name="select_ln7_1_fu_154_p3">select, 0, 0, 8, 1, 8</column>
<column name="select_ln7_2_fu_168_p3">select, 0, 0, 8, 1, 8</column>
<column name="select_ln7_3_fu_182_p3">select, 0, 0, 8, 1, 8</column>
<column name="select_ln7_4_fu_196_p3">select, 0, 0, 8, 1, 8</column>
<column name="select_ln7_5_fu_210_p3">select, 0, 0, 8, 1, 8</column>
<column name="select_ln7_6_fu_224_p3">select, 0, 0, 8, 1, 8</column>
<column name="select_ln7_fu_140_p3">select, 0, 0, 8, 1, 8</column>
</table>
</item>
<item name = "Multiplexer"><table name="" hasTotal="1">
<keys size="5">Name, LUT, Input Size, Bits, Total Bits</keys>
</table>
</item>
<item name = "Register"><table name="" hasTotal="1">
<keys size="5">Name, FF, LUT, Bits, Const Bits</keys>
</table>
</item>
</section>
</item>
</section>

<section name = "Interface" level="0">
<item name = "Summary"><table name="" hasTotal="0">
<keys size="6">RTL Ports, Dir, Bits, Protocol, Source Object, C Type</keys>
<column name="ap_ready">out, 1, ap_ctrl_hs, mux_onehot, return value</column>
<column name="ap_return">out, 8, ap_ctrl_hs, mux_onehot, return value</column>
<column name="din_0_V_read">in, 8, ap_none, din_0_V_read, scalar</column>
<column name="din_1_V_read">in, 8, ap_none, din_1_V_read, scalar</column>
<column name="din_2_V_read">in, 8, ap_none, din_2_V_read, scalar</column>
<column name="din_3_V_read">in, 8, ap_none, din_3_V_read, scalar</column>
<column name="din_4_V_read">in, 8, ap_none, din_4_V_read, scalar</column>
<column name="din_5_V_read">in, 8, ap_none, din_5_V_read, scalar</column>
<column name="din_6_V_read">in, 8, ap_none, din_6_V_read, scalar</column>
<column name="din_7_V_read">in, 8, ap_none, din_7_V_read, scalar</column>
<column name="sel_V">in, 8, ap_none, sel_V, scalar</column>
</table>
</item>
</section>
</profile>
