<profile>

<section name = "Vivado HLS Report for 'mux_onehot_if'" level="0">
<item name = "Date">Thu Apr  8 05:50:02 2021
</item>
<item name = "Version">2019.2 (Build 2704478 on Wed Nov 06 22:10:23 MST 2019)</item>
<item name = "Project">Multiplexor</item>
<item name = "Solution">solution1</item>
<item name = "Product family">zynq</item>
<item name = "Target device">xc7z020-clg400-1</item>
</section>

<section name = "Performance Estimates" level="0">
<item name = "Timing">
<section name = "" level="1">
<item name = "Summary"><table name="" hasTotal="0">
<keys size="4">Clock, Target, Estimated, Uncertainty</keys>
<column name="ap_clk">10.00 ns, 8.397 ns, 1.25 ns</column>
</table>
</item>
</section>
</item>
<item name = "Latency">
<section name = "" level="1">
<item name = "Summary"><table name="" hasTotal="0">
<keys size="8">, min, max, min, max, min, max, Type</keys>
<column name="">1, 1, 10.000 ns, 10.000 ns, 1, 1, none</column>
</table>
</item>
<item name = "Detail">
<section name = "" level="1">
<item name = "Instance"><table name="" hasTotal="0">
<keys size="9">Instance, Module, min, max, min, max, min, max, Type</keys>
</table>
</item>
<item name = "Loop"><table name="" hasTotal="0">
<keys size="8">Loop Name, min, max, Latency, achieved, target, Count, Pipelined</keys>
</table>
</item>
</section>
</item>
</section>
</item>
</section>

<section name = "Utilization Estimates" level="0">
<item name = "Summary"><table name="" hasTotal="1">
<keys size="6">Name, BRAM_18K, DSP48E, FF, LUT, URAM</keys>
<column name="DSP">-, -, -, -, -</column>
<column name="Expression">-, -, 0, 202, -</column>
<column name="FIFO">-, -, -, -, -</column>
<column name="Instance">-, -, -, -, -</column>
<column name="Memory">-, -, -, -, -</column>
<column name="Multiplexer">-, -, -, 24, -</column>
<column name="Register">-, -, 18, -, -</column>
<specialColumn name="Available">280, 220, 106400, 53200, 0</specialColumn>
<specialColumn name="Utilization (%)">0, 0, ~0, ~0, 0</specialColumn>
</table>
</item>
<item name = "Detail">
<section name = "" level="1">
<item name = "Instance"><table name="" hasTotal="1">
<keys size="7">Instance, Module, BRAM_18K, DSP48E, FF, LUT, URAM</keys>
</table>
</item>
<item name = "DSP48E"><table name="" hasTotal="0">
<keys size="3">Instance, Module, Expression</keys>
</table>
</item>
<item name = "Memory"><table name="" hasTotal="1">
<keys size="10">Memory, Module, BRAM_18K, FF, LUT, URAM, Words, Bits, Banks, W*Bits*Banks</keys>
</table>
</item>
<item name = "FIFO"><table name="" hasTotal="1">
<keys size="8">Name, BRAM_18K, FF, LUT, URAM, Depth, Bits, Size:D*B</keys>
</table>
</item>
<item name = "Expression"><table name="" hasTotal="1">
<keys size="7">Variable Name, Operation, DSP48E, FF, LUT, Bitwidth P0, Bitwidth P1</keys>
<column name="and_ln879_1_fu_154_p2">and, 0, 0, 2, 1, 1</column>
<column name="and_ln879_2_fu_172_p2">and, 0, 0, 2, 1, 1</column>
<column name="and_ln879_3_fu_190_p2">and, 0, 0, 2, 1, 1</column>
<column name="and_ln879_4_fu_208_p2">and, 0, 0, 2, 1, 1</column>
<column name="and_ln879_5_fu_226_p2">and, 0, 0, 2, 1, 1</column>
<column name="and_ln879_fu_255_p2">and, 0, 0, 2, 1, 1</column>
<column name="icmp_ln879_1_fu_100_p2">icmp, 0, 0, 11, 8, 2</column>
<column name="icmp_ln879_2_fu_106_p2">icmp, 0, 0, 11, 8, 3</column>
<column name="icmp_ln879_3_fu_112_p2">icmp, 0, 0, 11, 8, 4</column>
<column name="icmp_ln879_4_fu_118_p2">icmp, 0, 0, 11, 8, 5</column>
<column name="icmp_ln879_5_fu_124_p2">icmp, 0, 0, 11, 8, 6</column>
<column name="icmp_ln879_6_fu_130_p2">icmp, 0, 0, 11, 8, 7</column>
<column name="icmp_ln879_7_fu_136_p2">icmp, 0, 0, 13, 8, 9</column>
<column name="icmp_ln879_fu_94_p2">icmp, 0, 0, 11, 8, 1</column>
<column name="or_ln879_10_fu_312_p2">or, 0, 0, 2, 1, 1</column>
<column name="or_ln879_11_fu_325_p2">or, 0, 0, 2, 1, 1</column>
<column name="or_ln879_1_fu_160_p2">or, 0, 0, 2, 1, 1</column>
<column name="or_ln879_2_fu_178_p2">or, 0, 0, 2, 1, 1</column>
<column name="or_ln879_3_fu_196_p2">or, 0, 0, 2, 1, 1</column>
<column name="or_ln879_4_fu_214_p2">or, 0, 0, 2, 1, 1</column>
<column name="or_ln879_5_fu_232_p2">or, 0, 0, 2, 1, 1</column>
<column name="or_ln879_6_fu_238_p2">or, 0, 0, 2, 1, 1</column>
<column name="or_ln879_7_fu_281_p2">or, 0, 0, 2, 1, 1</column>
<column name="or_ln879_8_fu_293_p2">or, 0, 0, 2, 1, 1</column>
<column name="or_ln879_9_fu_244_p2">or, 0, 0, 2, 1, 1</column>
<column name="or_ln879_fu_142_p2">or, 0, 0, 2, 1, 1</column>
<column name="select_ln879_1_fu_267_p3">select, 0, 0, 8, 1, 8</column>
<column name="select_ln879_2_fu_274_p3">select, 0, 0, 8, 1, 8</column>
<column name="select_ln879_3_fu_286_p3">select, 0, 0, 8, 1, 8</column>
<column name="select_ln879_4_fu_297_p3">select, 0, 0, 8, 1, 8</column>
<column name="select_ln879_5_fu_304_p3">select, 0, 0, 8, 1, 8</column>
<column name="select_ln879_6_fu_318_p3">select, 0, 0, 8, 1, 8</column>
<column name="select_ln879_7_fu_330_p3">select, 0, 0, 8, 1, 8</column>
<column name="select_ln879_fu_260_p3">select, 0, 0, 8, 1, 8</column>
<column name="xor_ln879_1_fu_148_p2">xor, 0, 0, 2, 1, 2</column>
<column name="xor_ln879_2_fu_166_p2">xor, 0, 0, 2, 1, 2</column>
<column name="xor_ln879_3_fu_184_p2">xor, 0, 0, 2, 1, 2</column>
<column name="xor_ln879_4_fu_202_p2">xor, 0, 0, 2, 1, 2</column>
<column name="xor_ln879_5_fu_220_p2">xor, 0, 0, 2, 1, 2</column>
<column name="xor_ln879_fu_250_p2">xor, 0, 0, 2, 1, 2</column>
</table>
</item>
<item name = "Multiplexer"><table name="" hasTotal="1">
<keys size="5">Name, LUT, Input Size, Bits, Total Bits</keys>
<column name="ap_NS_fsm">15, 3, 1, 3</column>
<column name="ap_return">9, 2, 8, 16</column>
</table>
</item>
<item name = "Register"><table name="" hasTotal="1">
<keys size="5">Name, FF, LUT, Bits, Const Bits</keys>
<column name="and_ln879_1_reg_355">1, 0, 1, 0</column>
<column name="and_ln879_3_reg_361">1, 0, 1, 0</column>
<column name="and_ln879_5_reg_366">1, 0, 1, 0</column>
<column name="ap_CS_fsm">2, 0, 2, 0</column>
<column name="ap_return_preg">8, 0, 8, 0</column>
<column name="icmp_ln879_1_reg_345">1, 0, 1, 0</column>
<column name="icmp_ln879_7_reg_350">1, 0, 1, 0</column>
<column name="icmp_ln879_reg_338">1, 0, 1, 0</column>
<column name="or_ln879_5_reg_371">1, 0, 1, 0</column>
<column name="or_ln879_9_reg_376">1, 0, 1, 0</column>
</table>
</item>
</section>
</item>
</section>

<section name = "Interface" level="0">
<item name = "Summary"><table name="" hasTotal="0">
<keys size="6">RTL Ports, Dir, Bits, Protocol, Source Object, C Type</keys>
<column name="ap_clk">in, 1, ap_ctrl_hs, mux_onehot_if, return value</column>
<column name="ap_rst">in, 1, ap_ctrl_hs, mux_onehot_if, return value</column>
<column name="ap_start">in, 1, ap_ctrl_hs, mux_onehot_if, return value</column>
<column name="ap_done">out, 1, ap_ctrl_hs, mux_onehot_if, return value</column>
<column name="ap_idle">out, 1, ap_ctrl_hs, mux_onehot_if, return value</column>
<column name="ap_ready">out, 1, ap_ctrl_hs, mux_onehot_if, return value</column>
<column name="ap_return">out, 8, ap_ctrl_hs, mux_onehot_if, return value</column>
<column name="din_0_V_read">in, 8, ap_none, din_0_V_read, scalar</column>
<column name="din_1_V_read">in, 8, ap_none, din_1_V_read, scalar</column>
<column name="din_2_V_read">in, 8, ap_none, din_2_V_read, scalar</column>
<column name="din_3_V_read">in, 8, ap_none, din_3_V_read, scalar</column>
<column name="din_4_V_read">in, 8, ap_none, din_4_V_read, scalar</column>
<column name="din_5_V_read">in, 8, ap_none, din_5_V_read, scalar</column>
<column name="din_6_V_read">in, 8, ap_none, din_6_V_read, scalar</column>
<column name="din_7_V_read">in, 8, ap_none, din_7_V_read, scalar</column>
<column name="sel_V">in, 8, ap_none, sel_V, scalar</column>
</table>
</item>
</section>
</profile>
