<stg><name>mux_onehot</name>


<trans_list>
</trans_list>



<state_list>

<state id="1" st_id="1">

<operation id="2" st_id="1" stage="1" lat="1">
<core>NULL</core>
<MemPortIdVec></MemPortIdVec>
<condition id="-1">
<or_exp><and_exp></and_exp></or_exp>
</condition>

<Node id="10" bw="8" op_0_bw="8" op_1_bw="8">
<![CDATA[
_ifconv:0  %sel_V_read = call i8 @_ssdm_op_Read.ap_auto.i8(i8 %sel_V)

]]></Node>
<StgValue><ssdm name="sel_V_read"/></StgValue>
</operation>

<operation id="3" st_id="1" stage="1" lat="1">
<core>NULL</core>
<MemPortIdVec></MemPortIdVec>
<condition id="-1">
<or_exp><and_exp></and_exp></or_exp>
</condition>

<Node id="11" bw="8" op_0_bw="8" op_1_bw="8">
<![CDATA[
_ifconv:1  %din_7_V_read_2 = call i8 @_ssdm_op_Read.ap_auto.i8(i8 %din_7_V_read)

]]></Node>
<StgValue><ssdm name="din_7_V_read_2"/></StgValue>
</operation>

<operation id="4" st_id="1" stage="1" lat="1">
<core>NULL</core>
<MemPortIdVec></MemPortIdVec>
<condition id="-1">
<or_exp><and_exp></and_exp></or_exp>
</condition>

<Node id="12" bw="8" op_0_bw="8" op_1_bw="8">
<![CDATA[
_ifconv:2  %din_6_V_read_2 = call i8 @_ssdm_op_Read.ap_auto.i8(i8 %din_6_V_read)

]]></Node>
<StgValue><ssdm name="din_6_V_read_2"/></StgValue>
</operation>

<operation id="5" st_id="1" stage="1" lat="1">
<core>NULL</core>
<MemPortIdVec></MemPortIdVec>
<condition id="-1">
<or_exp><and_exp></and_exp></or_exp>
</condition>

<Node id="13" bw="8" op_0_bw="8" op_1_bw="8">
<![CDATA[
_ifconv:3  %din_5_V_read_2 = call i8 @_ssdm_op_Read.ap_auto.i8(i8 %din_5_V_read)

]]></Node>
<StgValue><ssdm name="din_5_V_read_2"/></StgValue>
</operation>

<operation id="6" st_id="1" stage="1" lat="1">
<core>NULL</core>
<MemPortIdVec></MemPortIdVec>
<condition id="-1">
<or_exp><and_exp></and_exp></or_exp>
</condition>

<Node id="14" bw="8" op_0_bw="8" op_1_bw="8">
<![CDATA[
_ifconv:4  %din_4_V_read_2 = call i8 @_ssdm_op_Read.ap_auto.i8(i8 %din_4_V_read)

]]></Node>
<StgValue><ssdm name="din_4_V_read_2"/></StgValue>
</operation>

<operation id="7" st_id="1" stage="1" lat="1">
<core>NULL</core>
<MemPortIdVec></MemPortIdVec>
<condition id="-1">
<or_exp><and_exp></and_exp></or_exp>
</condition>

<Node id="15" bw="8" op_0_bw="8" op_1_bw="8">
<![CDATA[
_ifconv:5  %din_3_V_read_2 = call i8 @_ssdm_op_Read.ap_auto.i8(i8 %din_3_V_read)

]]></Node>
<StgValue><ssdm name="din_3_V_read_2"/></StgValue>
</operation>

<operation id="8" st_id="1" stage="1" lat="1">
<core>NULL</core>
<MemPortIdVec></MemPortIdVec>
<condition id="-1">
<or_exp><and_exp></and_exp></or_exp>
</condition>

<Node id="16" bw="8" op_0_bw="8" op_1_bw="8">
<![CDATA[
_ifconv:6  %din_2_V_read_2 = call i8 @_ssdm_op_Read.ap_auto.i8(i8 %din_2_V_read)

]]></Node>
<StgValue><ssdm name="din_2_V_read_2"/></StgValue>
</operation>

<operation id="9" st_id="1" stage="1" lat="1">
<core>NULL</core>
<MemPortIdVec></MemPortIdVec>
<condition id="-1">
<or_exp><and_exp></and_exp></or_exp>
</condition>

<Node id="17" bw="8" op_0_bw="8" op_1_bw="8">
<![CDATA[
_ifconv:7  %din_1_V_read_2 = call i8 @_ssdm_op_Read.ap_auto.i8(i8 %din_1_V_read)

]]></Node>
<StgValue><ssdm name="din_1_V_read_2"/></StgValue>
</operation>

<operation id="10" st_id="1" stage="1" lat="1">
<core>NULL</core>
<MemPortIdVec></MemPortIdVec>
<condition id="-1">
<or_exp><and_exp></and_exp></or_exp>
</condition>

<Node id="18" bw="8" op_0_bw="8" op_1_bw="8">
<![CDATA[
_ifconv:8  %din_0_V_read_2 = call i8 @_ssdm_op_Read.ap_auto.i8(i8 %din_0_V_read)

]]></Node>
<StgValue><ssdm name="din_0_V_read_2"/></StgValue>
</operation>

<operation id="11" st_id="1" stage="1" lat="1">
<core>Cmp</core>
<MemPortIdVec></MemPortIdVec>
<condition id="-1">
<or_exp><and_exp></and_exp></or_exp>
</condition>

<Node id="19" bw="1" op_0_bw="8" op_1_bw="8">
<![CDATA[
_ifconv:9  %icmp_ln7 = icmp eq i8 %sel_V_read, -128

]]></Node>
<StgValue><ssdm name="icmp_ln7"/></StgValue>
</operation>

<operation id="12" st_id="1" stage="1" lat="1">
<core>Cmp</core>
<MemPortIdVec></MemPortIdVec>
<condition id="-1">
<or_exp><and_exp></and_exp></or_exp>
</condition>

<Node id="20" bw="1" op_0_bw="8" op_1_bw="8">
<![CDATA[
_ifconv:10  %icmp_ln7_1 = icmp eq i8 %sel_V_read, 64

]]></Node>
<StgValue><ssdm name="icmp_ln7_1"/></StgValue>
</operation>

<operation id="13" st_id="1" stage="1" lat="1">
<core>Cmp</core>
<MemPortIdVec></MemPortIdVec>
<condition id="-1">
<or_exp><and_exp></and_exp></or_exp>
</condition>

<Node id="21" bw="1" op_0_bw="8" op_1_bw="8">
<![CDATA[
_ifconv:11  %icmp_ln7_2 = icmp eq i8 %sel_V_read, 32

]]></Node>
<StgValue><ssdm name="icmp_ln7_2"/></StgValue>
</operation>

<operation id="14" st_id="1" stage="1" lat="1">
<core>Cmp</core>
<MemPortIdVec></MemPortIdVec>
<condition id="-1">
<or_exp><and_exp></and_exp></or_exp>
</condition>

<Node id="22" bw="1" op_0_bw="8" op_1_bw="8">
<![CDATA[
_ifconv:12  %icmp_ln7_3 = icmp eq i8 %sel_V_read, 16

]]></Node>
<StgValue><ssdm name="icmp_ln7_3"/></StgValue>
</operation>

<operation id="15" st_id="1" stage="1" lat="1">
<core>Cmp</core>
<MemPortIdVec></MemPortIdVec>
<condition id="-1">
<or_exp><and_exp></and_exp></or_exp>
</condition>

<Node id="23" bw="1" op_0_bw="8" op_1_bw="8">
<![CDATA[
_ifconv:13  %icmp_ln7_4 = icmp eq i8 %sel_V_read, 8

]]></Node>
<StgValue><ssdm name="icmp_ln7_4"/></StgValue>
</operation>

<operation id="16" st_id="1" stage="1" lat="1">
<core>Cmp</core>
<MemPortIdVec></MemPortIdVec>
<condition id="-1">
<or_exp><and_exp></and_exp></or_exp>
</condition>

<Node id="24" bw="1" op_0_bw="8" op_1_bw="8">
<![CDATA[
_ifconv:14  %icmp_ln7_5 = icmp eq i8 %sel_V_read, 4

]]></Node>
<StgValue><ssdm name="icmp_ln7_5"/></StgValue>
</operation>

<operation id="17" st_id="1" stage="1" lat="1">
<core>Cmp</core>
<MemPortIdVec></MemPortIdVec>
<condition id="-1">
<or_exp><and_exp></and_exp></or_exp>
</condition>

<Node id="25" bw="1" op_0_bw="8" op_1_bw="8">
<![CDATA[
_ifconv:15  %icmp_ln7_6 = icmp eq i8 %sel_V_read, 2

]]></Node>
<StgValue><ssdm name="icmp_ln7_6"/></StgValue>
</operation>

<operation id="18" st_id="1" stage="1" lat="1">
<core>Cmp</core>
<MemPortIdVec></MemPortIdVec>
<condition id="-1">
<or_exp><and_exp></and_exp></or_exp>
</condition>

<Node id="26" bw="1" op_0_bw="8" op_1_bw="8">
<![CDATA[
_ifconv:16  %icmp_ln7_7 = icmp eq i8 %sel_V_read, 1

]]></Node>
<StgValue><ssdm name="icmp_ln7_7"/></StgValue>
</operation>

<operation id="19" st_id="1" stage="1" lat="1">
<core>Sel</core>
<MemPortIdVec></MemPortIdVec>
<condition id="-1">
<or_exp><and_exp><literal name="or_ln7" val="1"/>
<literal name="or_ln7_4" val="1"/>
<literal name="or_ln7_6" val="1"/>
</and_exp></or_exp>
</condition>

<Node id="27" bw="8" op_0_bw="1" op_1_bw="8" op_2_bw="8">
<![CDATA[
_ifconv:17  %select_ln7 = select i1 %icmp_ln7_7, i8 %din_0_V_read_2, i8 %din_1_V_read_2

]]></Node>
<StgValue><ssdm name="select_ln7"/></StgValue>
</operation>

<operation id="20" st_id="1" stage="1" lat="1">
<core>LogicGate</core>
<MemPortIdVec></MemPortIdVec>
<condition id="-1">
<or_exp><and_exp></and_exp></or_exp>
</condition>

<Node id="28" bw="1" op_0_bw="1" op_1_bw="1">
<![CDATA[
_ifconv:18  %or_ln7 = or i1 %icmp_ln7_7, %icmp_ln7_6

]]></Node>
<StgValue><ssdm name="or_ln7"/></StgValue>
</operation>

<operation id="21" st_id="1" stage="1" lat="1">
<core>Sel</core>
<MemPortIdVec></MemPortIdVec>
<condition id="-1">
<or_exp><and_exp><literal name="or_ln7" val="0"/>
<literal name="or_ln7_4" val="1"/>
<literal name="or_ln7_6" val="1"/>
</and_exp></or_exp>
</condition>

<Node id="29" bw="8" op_0_bw="1" op_1_bw="8" op_2_bw="8">
<![CDATA[
_ifconv:19  %select_ln7_1 = select i1 %icmp_ln7_5, i8 %din_2_V_read_2, i8 %din_3_V_read_2

]]></Node>
<StgValue><ssdm name="select_ln7_1"/></StgValue>
</operation>

<operation id="22" st_id="1" stage="1" lat="1">
<core>LogicGate</core>
<MemPortIdVec></MemPortIdVec>
<condition id="-1">
<or_exp><and_exp></and_exp></or_exp>
</condition>

<Node id="30" bw="1" op_0_bw="1" op_1_bw="1">
<![CDATA[
_ifconv:20  %or_ln7_1 = or i1 %icmp_ln7_5, %icmp_ln7_4

]]></Node>
<StgValue><ssdm name="or_ln7_1"/></StgValue>
</operation>

<operation id="23" st_id="1" stage="1" lat="1">
<core>Sel</core>
<MemPortIdVec></MemPortIdVec>
<condition id="-1">
<or_exp><and_exp><literal name="or_ln7_2" val="1"/>
<literal name="or_ln7_4" val="0"/>
<literal name="or_ln7_6" val="1"/>
</and_exp></or_exp>
</condition>

<Node id="31" bw="8" op_0_bw="1" op_1_bw="8" op_2_bw="8">
<![CDATA[
_ifconv:21  %select_ln7_2 = select i1 %icmp_ln7_3, i8 %din_4_V_read_2, i8 %din_5_V_read_2

]]></Node>
<StgValue><ssdm name="select_ln7_2"/></StgValue>
</operation>

<operation id="24" st_id="1" stage="1" lat="1">
<core>LogicGate</core>
<MemPortIdVec></MemPortIdVec>
<condition id="-1">
<or_exp><and_exp></and_exp></or_exp>
</condition>

<Node id="32" bw="1" op_0_bw="1" op_1_bw="1">
<![CDATA[
_ifconv:22  %or_ln7_2 = or i1 %icmp_ln7_3, %icmp_ln7_2

]]></Node>
<StgValue><ssdm name="or_ln7_2"/></StgValue>
</operation>

<operation id="25" st_id="1" stage="1" lat="1">
<core>Sel</core>
<MemPortIdVec></MemPortIdVec>
<condition id="-1">
<or_exp><and_exp><literal name="or_ln7_2" val="0"/>
<literal name="or_ln7_4" val="0"/>
<literal name="or_ln7_6" val="1"/>
</and_exp></or_exp>
</condition>

<Node id="33" bw="8" op_0_bw="1" op_1_bw="8" op_2_bw="8">
<![CDATA[
_ifconv:23  %select_ln7_3 = select i1 %icmp_ln7_1, i8 %din_6_V_read_2, i8 %din_7_V_read_2

]]></Node>
<StgValue><ssdm name="select_ln7_3"/></StgValue>
</operation>

<operation id="26" st_id="1" stage="1" lat="1">
<core>LogicGate</core>
<MemPortIdVec></MemPortIdVec>
<condition id="-1">
<or_exp><and_exp></and_exp></or_exp>
</condition>

<Node id="34" bw="1" op_0_bw="1" op_1_bw="1">
<![CDATA[
_ifconv:24  %or_ln7_3 = or i1 %icmp_ln7_1, %icmp_ln7

]]></Node>
<StgValue><ssdm name="or_ln7_3"/></StgValue>
</operation>

<operation id="27" st_id="1" stage="1" lat="1">
<core>Sel</core>
<MemPortIdVec></MemPortIdVec>
<condition id="-1">
<or_exp><and_exp><literal name="or_ln7_4" val="1"/>
<literal name="or_ln7_6" val="1"/>
</and_exp></or_exp>
</condition>

<Node id="35" bw="8" op_0_bw="1" op_1_bw="8" op_2_bw="8">
<![CDATA[
_ifconv:25  %select_ln7_4 = select i1 %or_ln7, i8 %select_ln7, i8 %select_ln7_1

]]></Node>
<StgValue><ssdm name="select_ln7_4"/></StgValue>
</operation>

<operation id="28" st_id="1" stage="1" lat="1">
<core>LogicGate</core>
<MemPortIdVec></MemPortIdVec>
<condition id="-1">
<or_exp><and_exp></and_exp></or_exp>
</condition>

<Node id="36" bw="1" op_0_bw="1" op_1_bw="1">
<![CDATA[
_ifconv:26  %or_ln7_4 = or i1 %or_ln7, %or_ln7_1

]]></Node>
<StgValue><ssdm name="or_ln7_4"/></StgValue>
</operation>

<operation id="29" st_id="1" stage="1" lat="1">
<core>Sel</core>
<MemPortIdVec></MemPortIdVec>
<condition id="-1">
<or_exp><and_exp><literal name="or_ln7_4" val="0"/>
<literal name="or_ln7_6" val="1"/>
</and_exp></or_exp>
</condition>

<Node id="37" bw="8" op_0_bw="1" op_1_bw="8" op_2_bw="8">
<![CDATA[
_ifconv:27  %select_ln7_5 = select i1 %or_ln7_2, i8 %select_ln7_2, i8 %select_ln7_3

]]></Node>
<StgValue><ssdm name="select_ln7_5"/></StgValue>
</operation>

<operation id="30" st_id="1" stage="1" lat="1">
<core>LogicGate</core>
<MemPortIdVec></MemPortIdVec>
<condition id="-1">
<or_exp><and_exp></and_exp></or_exp>
</condition>

<Node id="38" bw="1" op_0_bw="1" op_1_bw="1">
<![CDATA[
_ifconv:28  %or_ln7_5 = or i1 %or_ln7_2, %or_ln7_3

]]></Node>
<StgValue><ssdm name="or_ln7_5"/></StgValue>
</operation>

<operation id="31" st_id="1" stage="1" lat="1">
<core>Sel</core>
<MemPortIdVec></MemPortIdVec>
<condition id="-1">
<or_exp><and_exp><literal name="or_ln7_6" val="1"/>
</and_exp></or_exp>
</condition>

<Node id="39" bw="8" op_0_bw="1" op_1_bw="8" op_2_bw="8">
<![CDATA[
_ifconv:29  %select_ln7_6 = select i1 %or_ln7_4, i8 %select_ln7_4, i8 %select_ln7_5

]]></Node>
<StgValue><ssdm name="select_ln7_6"/></StgValue>
</operation>

<operation id="32" st_id="1" stage="1" lat="1">
<core>LogicGate</core>
<MemPortIdVec></MemPortIdVec>
<condition id="-1">
<or_exp><and_exp></and_exp></or_exp>
</condition>

<Node id="40" bw="1" op_0_bw="1" op_1_bw="1">
<![CDATA[
_ifconv:30  %or_ln7_6 = or i1 %or_ln7_4, %or_ln7_5

]]></Node>
<StgValue><ssdm name="or_ln7_6"/></StgValue>
</operation>

<operation id="33" st_id="1" stage="1" lat="1">
<core>Sel</core>
<MemPortIdVec></MemPortIdVec>
<condition id="-1">
<or_exp><and_exp></and_exp></or_exp>
</condition>

<Node id="41" bw="8" op_0_bw="1" op_1_bw="8" op_2_bw="8">
<![CDATA[
_ifconv:31  %tmp_V = select i1 %or_ln7_6, i8 %select_ln7_6, i8 0

]]></Node>
<StgValue><ssdm name="tmp_V"/></StgValue>
</operation>

<operation id="34" st_id="1" stage="1" lat="1">
<core>NULL</core>
<MemPortIdVec></MemPortIdVec>
<condition id="-1">
<or_exp><and_exp></and_exp></or_exp>
</condition>

<Node id="42" bw="0" op_0_bw="8">
<![CDATA[
_ifconv:32  ret i8 %tmp_V

]]></Node>
<StgValue><ssdm name="ret_ln36"/></StgValue>
</operation>
</state>
</state_list>


<ports>
<port id="35" name="din_0_V_read" dir="0" iftype="0">
<core>NULL</core><StgValue><ssdm name="din_0_V_read"/></StgValue>
</port>
<port id="36" name="din_1_V_read" dir="0" iftype="0">
<core>NULL</core><StgValue><ssdm name="din_1_V_read"/></StgValue>
</port>
<port id="37" name="din_2_V_read" dir="0" iftype="0">
<core>NULL</core><StgValue><ssdm name="din_2_V_read"/></StgValue>
</port>
<port id="38" name="din_3_V_read" dir="0" iftype="0">
<core>NULL</core><StgValue><ssdm name="din_3_V_read"/></StgValue>
</port>
<port id="39" name="din_4_V_read" dir="0" iftype="0">
<core>NULL</core><StgValue><ssdm name="din_4_V_read"/></StgValue>
</port>
<port id="40" name="din_5_V_read" dir="0" iftype="0">
<core>NULL</core><StgValue><ssdm name="din_5_V_read"/></StgValue>
</port>
<port id="41" name="din_6_V_read" dir="0" iftype="0">
<core>NULL</core><StgValue><ssdm name="din_6_V_read"/></StgValue>
</port>
<port id="42" name="din_7_V_read" dir="0" iftype="0">
<core>NULL</core><StgValue><ssdm name="din_7_V_read"/></StgValue>
</port>
<port id="43" name="sel_V" dir="0" iftype="0">
<core>NULL</core><StgValue><ssdm name="sel_V"/></StgValue>
</port>
</ports>


<dataflows>
<dataflow id="45" from="_ssdm_op_Read.ap_auto.i8" to="sel_V_read" fromId="44" toId="2">
</dataflow>
<dataflow id="46" from="sel_V" to="sel_V_read" fromId="43" toId="2">
</dataflow>
<dataflow id="47" from="_ssdm_op_Read.ap_auto.i8" to="din_7_V_read_2" fromId="44" toId="3">
</dataflow>
<dataflow id="48" from="din_7_V_read" to="din_7_V_read_2" fromId="42" toId="3">
</dataflow>
<dataflow id="49" from="_ssdm_op_Read.ap_auto.i8" to="din_6_V_read_2" fromId="44" toId="4">
</dataflow>
<dataflow id="50" from="din_6_V_read" to="din_6_V_read_2" fromId="41" toId="4">
</dataflow>
<dataflow id="51" from="_ssdm_op_Read.ap_auto.i8" to="din_5_V_read_2" fromId="44" toId="5">
</dataflow>
<dataflow id="52" from="din_5_V_read" to="din_5_V_read_2" fromId="40" toId="5">
</dataflow>
<dataflow id="53" from="_ssdm_op_Read.ap_auto.i8" to="din_4_V_read_2" fromId="44" toId="6">
</dataflow>
<dataflow id="54" from="din_4_V_read" to="din_4_V_read_2" fromId="39" toId="6">
</dataflow>
<dataflow id="55" from="_ssdm_op_Read.ap_auto.i8" to="din_3_V_read_2" fromId="44" toId="7">
</dataflow>
<dataflow id="56" from="din_3_V_read" to="din_3_V_read_2" fromId="38" toId="7">
</dataflow>
<dataflow id="57" from="_ssdm_op_Read.ap_auto.i8" to="din_2_V_read_2" fromId="44" toId="8">
</dataflow>
<dataflow id="58" from="din_2_V_read" to="din_2_V_read_2" fromId="37" toId="8">
</dataflow>
<dataflow id="59" from="_ssdm_op_Read.ap_auto.i8" to="din_1_V_read_2" fromId="44" toId="9">
</dataflow>
<dataflow id="60" from="din_1_V_read" to="din_1_V_read_2" fromId="36" toId="9">
</dataflow>
<dataflow id="61" from="_ssdm_op_Read.ap_auto.i8" to="din_0_V_read_2" fromId="44" toId="10">
</dataflow>
<dataflow id="62" from="din_0_V_read" to="din_0_V_read_2" fromId="35" toId="10">
</dataflow>
<dataflow id="63" from="sel_V_read" to="icmp_ln7" fromId="2" toId="11">
</dataflow>
<dataflow id="65" from="StgValue_64" to="icmp_ln7" fromId="64" toId="11">
</dataflow>
<dataflow id="66" from="sel_V_read" to="icmp_ln7_1" fromId="2" toId="12">
</dataflow>
<dataflow id="68" from="StgValue_67" to="icmp_ln7_1" fromId="67" toId="12">
</dataflow>
<dataflow id="69" from="sel_V_read" to="icmp_ln7_2" fromId="2" toId="13">
</dataflow>
<dataflow id="71" from="StgValue_70" to="icmp_ln7_2" fromId="70" toId="13">
</dataflow>
<dataflow id="72" from="sel_V_read" to="icmp_ln7_3" fromId="2" toId="14">
</dataflow>
<dataflow id="74" from="StgValue_73" to="icmp_ln7_3" fromId="73" toId="14">
</dataflow>
<dataflow id="75" from="sel_V_read" to="icmp_ln7_4" fromId="2" toId="15">
</dataflow>
<dataflow id="77" from="StgValue_76" to="icmp_ln7_4" fromId="76" toId="15">
</dataflow>
<dataflow id="78" from="sel_V_read" to="icmp_ln7_5" fromId="2" toId="16">
</dataflow>
<dataflow id="80" from="StgValue_79" to="icmp_ln7_5" fromId="79" toId="16">
</dataflow>
<dataflow id="81" from="sel_V_read" to="icmp_ln7_6" fromId="2" toId="17">
</dataflow>
<dataflow id="83" from="StgValue_82" to="icmp_ln7_6" fromId="82" toId="17">
</dataflow>
<dataflow id="84" from="sel_V_read" to="icmp_ln7_7" fromId="2" toId="18">
</dataflow>
<dataflow id="86" from="StgValue_85" to="icmp_ln7_7" fromId="85" toId="18">
</dataflow>
<dataflow id="87" from="icmp_ln7_7" to="select_ln7" fromId="18" toId="19">
</dataflow>
<dataflow id="88" from="din_0_V_read_2" to="select_ln7" fromId="10" toId="19">
</dataflow>
<dataflow id="89" from="din_1_V_read_2" to="select_ln7" fromId="9" toId="19">
</dataflow>
<dataflow id="90" from="icmp_ln7_7" to="or_ln7" fromId="18" toId="20">
</dataflow>
<dataflow id="91" from="icmp_ln7_6" to="or_ln7" fromId="17" toId="20">
</dataflow>
<dataflow id="92" from="icmp_ln7_5" to="select_ln7_1" fromId="16" toId="21">
</dataflow>
<dataflow id="93" from="din_2_V_read_2" to="select_ln7_1" fromId="8" toId="21">
</dataflow>
<dataflow id="94" from="din_3_V_read_2" to="select_ln7_1" fromId="7" toId="21">
</dataflow>
<dataflow id="95" from="icmp_ln7_5" to="or_ln7_1" fromId="16" toId="22">
</dataflow>
<dataflow id="96" from="icmp_ln7_4" to="or_ln7_1" fromId="15" toId="22">
</dataflow>
<dataflow id="97" from="icmp_ln7_3" to="select_ln7_2" fromId="14" toId="23">
</dataflow>
<dataflow id="98" from="din_4_V_read_2" to="select_ln7_2" fromId="6" toId="23">
</dataflow>
<dataflow id="99" from="din_5_V_read_2" to="select_ln7_2" fromId="5" toId="23">
</dataflow>
<dataflow id="100" from="icmp_ln7_3" to="or_ln7_2" fromId="14" toId="24">
</dataflow>
<dataflow id="101" from="icmp_ln7_2" to="or_ln7_2" fromId="13" toId="24">
</dataflow>
<dataflow id="102" from="icmp_ln7_1" to="select_ln7_3" fromId="12" toId="25">
</dataflow>
<dataflow id="103" from="din_6_V_read_2" to="select_ln7_3" fromId="4" toId="25">
</dataflow>
<dataflow id="104" from="din_7_V_read_2" to="select_ln7_3" fromId="3" toId="25">
</dataflow>
<dataflow id="105" from="icmp_ln7_1" to="or_ln7_3" fromId="12" toId="26">
</dataflow>
<dataflow id="106" from="icmp_ln7" to="or_ln7_3" fromId="11" toId="26">
</dataflow>
<dataflow id="107" from="or_ln7" to="select_ln7_4" fromId="20" toId="27">
</dataflow>
<dataflow id="108" from="select_ln7" to="select_ln7_4" fromId="19" toId="27">
</dataflow>
<dataflow id="109" from="select_ln7_1" to="select_ln7_4" fromId="21" toId="27">
</dataflow>
<dataflow id="110" from="or_ln7" to="or_ln7_4" fromId="20" toId="28">
</dataflow>
<dataflow id="111" from="or_ln7_1" to="or_ln7_4" fromId="22" toId="28">
</dataflow>
<dataflow id="112" from="or_ln7_2" to="select_ln7_5" fromId="24" toId="29">
</dataflow>
<dataflow id="113" from="select_ln7_2" to="select_ln7_5" fromId="23" toId="29">
</dataflow>
<dataflow id="114" from="select_ln7_3" to="select_ln7_5" fromId="25" toId="29">
</dataflow>
<dataflow id="115" from="or_ln7_2" to="or_ln7_5" fromId="24" toId="30">
</dataflow>
<dataflow id="116" from="or_ln7_3" to="or_ln7_5" fromId="26" toId="30">
</dataflow>
<dataflow id="117" from="or_ln7_4" to="select_ln7_6" fromId="28" toId="31">
</dataflow>
<dataflow id="118" from="select_ln7_4" to="select_ln7_6" fromId="27" toId="31">
</dataflow>
<dataflow id="119" from="select_ln7_5" to="select_ln7_6" fromId="29" toId="31">
</dataflow>
<dataflow id="120" from="or_ln7_4" to="or_ln7_6" fromId="28" toId="32">
</dataflow>
<dataflow id="121" from="or_ln7_5" to="or_ln7_6" fromId="30" toId="32">
</dataflow>
<dataflow id="122" from="or_ln7_6" to="tmp_V" fromId="32" toId="33">
</dataflow>
<dataflow id="123" from="select_ln7_6" to="tmp_V" fromId="31" toId="33">
</dataflow>
<dataflow id="125" from="StgValue_124" to="tmp_V" fromId="124" toId="33">
</dataflow>
<dataflow id="126" from="tmp_V" to="ret_ln36" fromId="33" toId="34">
</dataflow>
<dataflow id="127" from="or_ln7" to="StgValue_1" fromId="20" toId="1">
</dataflow>
<dataflow id="128" from="or_ln7_4" to="StgValue_1" fromId="28" toId="1">
</dataflow>
<dataflow id="129" from="or_ln7_6" to="StgValue_1" fromId="32" toId="1">
</dataflow>
<dataflow id="130" from="or_ln7_2" to="StgValue_1" fromId="24" toId="1">
</dataflow>
</dataflows>


</stg>
