<stg><name>mux_binary</name>


<trans_list>
</trans_list>



<state_list>

<state id="1" st_id="1">

<operation id="2" st_id="1" stage="1" lat="1">
<core>NULL</core>
<MemPortIdVec></MemPortIdVec>
<condition id="-1">
<or_exp><and_exp></and_exp></or_exp>
</condition>

<Node id="10" bw="3" op_0_bw="3" op_1_bw="3">
<![CDATA[
:0  %sel_V_read = call i3 @_ssdm_op_Read.ap_auto.i3(i3 %sel_V)

]]></Node>
<StgValue><ssdm name="sel_V_read"/></StgValue>
</operation>

<operation id="3" st_id="1" stage="1" lat="1">
<core>NULL</core>
<MemPortIdVec></MemPortIdVec>
<condition id="-1">
<or_exp><and_exp></and_exp></or_exp>
</condition>

<Node id="11" bw="8" op_0_bw="8" op_1_bw="8">
<![CDATA[
:1  %din_7_V_read_5 = call i8 @_ssdm_op_Read.ap_auto.i8(i8 %din_7_V_read)

]]></Node>
<StgValue><ssdm name="din_7_V_read_5"/></StgValue>
</operation>

<operation id="4" st_id="1" stage="1" lat="1">
<core>NULL</core>
<MemPortIdVec></MemPortIdVec>
<condition id="-1">
<or_exp><and_exp></and_exp></or_exp>
</condition>

<Node id="12" bw="8" op_0_bw="8" op_1_bw="8">
<![CDATA[
:2  %din_6_V_read_5 = call i8 @_ssdm_op_Read.ap_auto.i8(i8 %din_6_V_read)

]]></Node>
<StgValue><ssdm name="din_6_V_read_5"/></StgValue>
</operation>

<operation id="5" st_id="1" stage="1" lat="1">
<core>NULL</core>
<MemPortIdVec></MemPortIdVec>
<condition id="-1">
<or_exp><and_exp></and_exp></or_exp>
</condition>

<Node id="13" bw="8" op_0_bw="8" op_1_bw="8">
<![CDATA[
:3  %din_5_V_read_5 = call i8 @_ssdm_op_Read.ap_auto.i8(i8 %din_5_V_read)

]]></Node>
<StgValue><ssdm name="din_5_V_read_5"/></StgValue>
</operation>

<operation id="6" st_id="1" stage="1" lat="1">
<core>NULL</core>
<MemPortIdVec></MemPortIdVec>
<condition id="-1">
<or_exp><and_exp></and_exp></or_exp>
</condition>

<Node id="14" bw="8" op_0_bw="8" op_1_bw="8">
<![CDATA[
:4  %din_4_V_read_5 = call i8 @_ssdm_op_Read.ap_auto.i8(i8 %din_4_V_read)

]]></Node>
<StgValue><ssdm name="din_4_V_read_5"/></StgValue>
</operation>

<operation id="7" st_id="1" stage="1" lat="1">
<core>NULL</core>
<MemPortIdVec></MemPortIdVec>
<condition id="-1">
<or_exp><and_exp></and_exp></or_exp>
</condition>

<Node id="15" bw="8" op_0_bw="8" op_1_bw="8">
<![CDATA[
:5  %din_3_V_read_5 = call i8 @_ssdm_op_Read.ap_auto.i8(i8 %din_3_V_read)

]]></Node>
<StgValue><ssdm name="din_3_V_read_5"/></StgValue>
</operation>

<operation id="8" st_id="1" stage="1" lat="1">
<core>NULL</core>
<MemPortIdVec></MemPortIdVec>
<condition id="-1">
<or_exp><and_exp></and_exp></or_exp>
</condition>

<Node id="16" bw="8" op_0_bw="8" op_1_bw="8">
<![CDATA[
:6  %din_2_V_read_5 = call i8 @_ssdm_op_Read.ap_auto.i8(i8 %din_2_V_read)

]]></Node>
<StgValue><ssdm name="din_2_V_read_5"/></StgValue>
</operation>

<operation id="9" st_id="1" stage="1" lat="1">
<core>NULL</core>
<MemPortIdVec></MemPortIdVec>
<condition id="-1">
<or_exp><and_exp></and_exp></or_exp>
</condition>

<Node id="17" bw="8" op_0_bw="8" op_1_bw="8">
<![CDATA[
:7  %din_1_V_read_5 = call i8 @_ssdm_op_Read.ap_auto.i8(i8 %din_1_V_read)

]]></Node>
<StgValue><ssdm name="din_1_V_read_5"/></StgValue>
</operation>

<operation id="10" st_id="1" stage="1" lat="1">
<core>NULL</core>
<MemPortIdVec></MemPortIdVec>
<condition id="-1">
<or_exp><and_exp></and_exp></or_exp>
</condition>

<Node id="18" bw="8" op_0_bw="8" op_1_bw="8">
<![CDATA[
:8  %din_0_V_read_5 = call i8 @_ssdm_op_Read.ap_auto.i8(i8 %din_0_V_read)

]]></Node>
<StgValue><ssdm name="din_0_V_read_5"/></StgValue>
</operation>

<operation id="11" st_id="1" stage="1" lat="1">
<core>MuxnS</core>
<MemPortIdVec></MemPortIdVec>
<condition id="-1">
<or_exp><and_exp></and_exp></or_exp>
</condition>

<Node id="19" bw="8" op_0_bw="8" op_1_bw="8" op_2_bw="8" op_3_bw="8" op_4_bw="8" op_5_bw="8" op_6_bw="8" op_7_bw="8" op_8_bw="8" op_9_bw="3">
<![CDATA[
:9  %tmp = call i8 @_ssdm_op_Mux.ap_auto.8i8.i3(i8 %din_0_V_read_5, i8 %din_1_V_read_5, i8 %din_2_V_read_5, i8 %din_3_V_read_5, i8 %din_4_V_read_5, i8 %din_5_V_read_5, i8 %din_6_V_read_5, i8 %din_7_V_read_5, i3 %sel_V_read)

]]></Node>
<StgValue><ssdm name="tmp"/></StgValue>
</operation>

<operation id="12" st_id="1" stage="1" lat="1">
<core>NULL</core>
<MemPortIdVec></MemPortIdVec>
<condition id="-1">
<or_exp><and_exp></and_exp></or_exp>
</condition>

<Node id="20" bw="0" op_0_bw="8">
<![CDATA[
:10  ret i8 %tmp

]]></Node>
<StgValue><ssdm name="ret_ln6"/></StgValue>
</operation>
</state>
</state_list>


<ports>
<port id="13" name="din_0_V_read" dir="0" iftype="0">
<core>NULL</core><StgValue><ssdm name="din_0_V_read"/></StgValue>
</port>
<port id="14" name="din_1_V_read" dir="0" iftype="0">
<core>NULL</core><StgValue><ssdm name="din_1_V_read"/></StgValue>
</port>
<port id="15" name="din_2_V_read" dir="0" iftype="0">
<core>NULL</core><StgValue><ssdm name="din_2_V_read"/></StgValue>
</port>
<port id="16" name="din_3_V_read" dir="0" iftype="0">
<core>NULL</core><StgValue><ssdm name="din_3_V_read"/></StgValue>
</port>
<port id="17" name="din_4_V_read" dir="0" iftype="0">
<core>NULL</core><StgValue><ssdm name="din_4_V_read"/></StgValue>
</port>
<port id="18" name="din_5_V_read" dir="0" iftype="0">
<core>NULL</core><StgValue><ssdm name="din_5_V_read"/></StgValue>
</port>
<port id="19" name="din_6_V_read" dir="0" iftype="0">
<core>NULL</core><StgValue><ssdm name="din_6_V_read"/></StgValue>
</port>
<port id="20" name="din_7_V_read" dir="0" iftype="0">
<core>NULL</core><StgValue><ssdm name="din_7_V_read"/></StgValue>
</port>
<port id="21" name="sel_V" dir="0" iftype="0">
<core>NULL</core><StgValue><ssdm name="sel_V"/></StgValue>
</port>
</ports>


<dataflows>
<dataflow id="23" from="_ssdm_op_Read.ap_auto.i3" to="sel_V_read" fromId="22" toId="2">
</dataflow>
<dataflow id="24" from="sel_V" to="sel_V_read" fromId="21" toId="2">
</dataflow>
<dataflow id="26" from="_ssdm_op_Read.ap_auto.i8" to="din_7_V_read_5" fromId="25" toId="3">
</dataflow>
<dataflow id="27" from="din_7_V_read" to="din_7_V_read_5" fromId="20" toId="3">
</dataflow>
<dataflow id="28" from="_ssdm_op_Read.ap_auto.i8" to="din_6_V_read_5" fromId="25" toId="4">
</dataflow>
<dataflow id="29" from="din_6_V_read" to="din_6_V_read_5" fromId="19" toId="4">
</dataflow>
<dataflow id="30" from="_ssdm_op_Read.ap_auto.i8" to="din_5_V_read_5" fromId="25" toId="5">
</dataflow>
<dataflow id="31" from="din_5_V_read" to="din_5_V_read_5" fromId="18" toId="5">
</dataflow>
<dataflow id="32" from="_ssdm_op_Read.ap_auto.i8" to="din_4_V_read_5" fromId="25" toId="6">
</dataflow>
<dataflow id="33" from="din_4_V_read" to="din_4_V_read_5" fromId="17" toId="6">
</dataflow>
<dataflow id="34" from="_ssdm_op_Read.ap_auto.i8" to="din_3_V_read_5" fromId="25" toId="7">
</dataflow>
<dataflow id="35" from="din_3_V_read" to="din_3_V_read_5" fromId="16" toId="7">
</dataflow>
<dataflow id="36" from="_ssdm_op_Read.ap_auto.i8" to="din_2_V_read_5" fromId="25" toId="8">
</dataflow>
<dataflow id="37" from="din_2_V_read" to="din_2_V_read_5" fromId="15" toId="8">
</dataflow>
<dataflow id="38" from="_ssdm_op_Read.ap_auto.i8" to="din_1_V_read_5" fromId="25" toId="9">
</dataflow>
<dataflow id="39" from="din_1_V_read" to="din_1_V_read_5" fromId="14" toId="9">
</dataflow>
<dataflow id="40" from="_ssdm_op_Read.ap_auto.i8" to="din_0_V_read_5" fromId="25" toId="10">
</dataflow>
<dataflow id="41" from="din_0_V_read" to="din_0_V_read_5" fromId="13" toId="10">
</dataflow>
<dataflow id="43" from="_ssdm_op_Mux.ap_auto.8i8.i3" to="tmp" fromId="42" toId="11">
</dataflow>
<dataflow id="44" from="din_0_V_read_5" to="tmp" fromId="10" toId="11">
</dataflow>
<dataflow id="45" from="din_1_V_read_5" to="tmp" fromId="9" toId="11">
</dataflow>
<dataflow id="46" from="din_2_V_read_5" to="tmp" fromId="8" toId="11">
</dataflow>
<dataflow id="47" from="din_3_V_read_5" to="tmp" fromId="7" toId="11">
</dataflow>
<dataflow id="48" from="din_4_V_read_5" to="tmp" fromId="6" toId="11">
</dataflow>
<dataflow id="49" from="din_5_V_read_5" to="tmp" fromId="5" toId="11">
</dataflow>
<dataflow id="50" from="din_6_V_read_5" to="tmp" fromId="4" toId="11">
</dataflow>
<dataflow id="51" from="din_7_V_read_5" to="tmp" fromId="3" toId="11">
</dataflow>
<dataflow id="52" from="sel_V_read" to="tmp" fromId="2" toId="11">
</dataflow>
<dataflow id="53" from="tmp" to="ret_ln6" fromId="11" toId="12">
</dataflow>
</dataflows>


</stg>
