<stg><name>mux_2to1</name>


<trans_list>
</trans_list>



<state_list>

<state id="1" st_id="1">

<operation id="2" st_id="1" stage="1" lat="1">
<core>NULL</core>
<MemPortIdVec></MemPortIdVec>
<condition id="-1">
<or_exp><and_exp></and_exp></or_exp>
</condition>

<Node id="4" bw="1" op_0_bw="1" op_1_bw="1">
<![CDATA[
:0  %sel_read = call i1 @_ssdm_op_Read.ap_auto.i1(i1 %sel)

]]></Node>
<StgValue><ssdm name="sel_read"/></StgValue>
</operation>

<operation id="3" st_id="1" stage="1" lat="1">
<core>NULL</core>
<MemPortIdVec></MemPortIdVec>
<condition id="-1">
<or_exp><and_exp></and_exp></or_exp>
</condition>

<Node id="5" bw="8" op_0_bw="8" op_1_bw="8">
<![CDATA[
:1  %din_1_V_read_6 = call i8 @_ssdm_op_Read.ap_auto.i8(i8 %din_1_V_read)

]]></Node>
<StgValue><ssdm name="din_1_V_read_6"/></StgValue>
</operation>

<operation id="4" st_id="1" stage="1" lat="1">
<core>NULL</core>
<MemPortIdVec></MemPortIdVec>
<condition id="-1">
<or_exp><and_exp></and_exp></or_exp>
</condition>

<Node id="6" bw="8" op_0_bw="8" op_1_bw="8">
<![CDATA[
:2  %din_0_V_read_6 = call i8 @_ssdm_op_Read.ap_auto.i8(i8 %din_0_V_read)

]]></Node>
<StgValue><ssdm name="din_0_V_read_6"/></StgValue>
</operation>

<operation id="5" st_id="1" stage="1" lat="1">
<core>Sel</core>
<MemPortIdVec></MemPortIdVec>
<condition id="-1">
<or_exp><and_exp></and_exp></or_exp>
</condition>

<Node id="7" bw="8" op_0_bw="1" op_1_bw="8" op_2_bw="8">
<![CDATA[
:3  %select_ln6 = select i1 %sel_read, i8 %din_1_V_read_6, i8 %din_0_V_read_6

]]></Node>
<StgValue><ssdm name="select_ln6"/></StgValue>
</operation>

<operation id="6" st_id="1" stage="1" lat="1">
<core>NULL</core>
<MemPortIdVec></MemPortIdVec>
<condition id="-1">
<or_exp><and_exp></and_exp></or_exp>
</condition>

<Node id="8" bw="0" op_0_bw="8">
<![CDATA[
:4  ret i8 %select_ln6

]]></Node>
<StgValue><ssdm name="ret_ln6"/></StgValue>
</operation>
</state>
</state_list>


<ports>
</ports>


<dataflows>
</dataflows>


</stg>
