<annotationInfo>
<annotationInfo>
<item  id="17" filename="Multiplexor/max_tmpl.h" linenumber="8" name="icmp_ln8" contextFuncName="max&lt;int&gt;" moduleName="max" rtlName="icmp_ln8_fu_66_p2" latency="0" BRAM="-1" DSP="-1" FF="0" LUT="18" fileDirectory="D:\Repo\hls\labA"&gt;&lt;\/item&gt;
<item  id="18" filename="Multiplexor/max_tmpl.h" linenumber="8" name="m0" contextFuncName="max&lt;int&gt;" moduleName="max" rtlName="m0_fu_72_p3" latency="0" BRAM="-1" DSP="-1" FF="0" LUT="32" fileDirectory="D:\Repo\hls\labA"&gt;&lt;\/item&gt;
<item  id="19" filename="Multiplexor/max_tmpl.h" linenumber="8" name="icmp_ln8_1" contextFuncName="max&lt;int&gt;" moduleName="max" rtlName="icmp_ln8_1_fu_80_p2" latency="0" BRAM="-1" DSP="-1" FF="0" LUT="18" fileDirectory="D:\Repo\hls\labA"&gt;&lt;\/item&gt;
<item  id="20" filename="Multiplexor/max_tmpl.h" linenumber="8" name="m1" contextFuncName="max&lt;int&gt;" moduleName="max" rtlName="m1_fu_86_p3" latency="0" BRAM="-1" DSP="-1" FF="0" LUT="32" fileDirectory="D:\Repo\hls\labA"&gt;&lt;\/item&gt;
<item  id="21" filename="Multiplexor/max_tmpl.h" linenumber="8" name="icmp_ln8_2" contextFuncName="max&lt;int&gt;" moduleName="max" rtlName="icmp_ln8_2_fu_94_p2" latency="0" BRAM="-1" DSP="-1" FF="0" LUT="18" fileDirectory="D:\Repo\hls\labA"&gt;&lt;\/item&gt;
<item  id="22" filename="Multiplexor/max_tmpl.h" linenumber="8" name="m0_1" contextFuncName="max&lt;int&gt;" moduleName="max" rtlName="m0_1_fu_100_p3" latency="0" BRAM="-1" DSP="-1" FF="0" LUT="32" fileDirectory="D:\Repo\hls\labA"&gt;&lt;\/item&gt;
<item  id="23" filename="Multiplexor/max_tmpl.h" linenumber="8" name="icmp_ln8_3" contextFuncName="max&lt;int&gt;" moduleName="max" rtlName="icmp_ln8_3_fu_108_p2" latency="0" BRAM="-1" DSP="-1" FF="0" LUT="18" fileDirectory="D:\Repo\hls\labA"&gt;&lt;\/item&gt;
<item  id="24" filename="Multiplexor/max_tmpl.h" linenumber="8" name="m0_2" contextFuncName="max&lt;int&gt;" moduleName="max" rtlName="m0_2_fu_114_p3" latency="0" BRAM="-1" DSP="-1" FF="0" LUT="32" fileDirectory="D:\Repo\hls\labA"&gt;&lt;\/item&gt;
<item  id="25" filename="Multiplexor/max_tmpl.h" linenumber="8" name="icmp_ln8_4" contextFuncName="max&lt;int&gt;" moduleName="max" rtlName="icmp_ln8_4_fu_122_p2" latency="0" BRAM="-1" DSP="-1" FF="0" LUT="18" fileDirectory="D:\Repo\hls\labA"&gt;&lt;\/item&gt;
<item  id="26" filename="Multiplexor/max_tmpl.h" linenumber="8" name="m1_1" contextFuncName="max&lt;int&gt;" moduleName="max" rtlName="m1_1_fu_128_p3" latency="0" BRAM="-1" DSP="-1" FF="0" LUT="32" fileDirectory="D:\Repo\hls\labA"&gt;&lt;\/item&gt;
<item  id="27" filename="Multiplexor/max_tmpl.h" linenumber="8" name="icmp_ln8_5" contextFuncName="max&lt;int&gt;" moduleName="max" rtlName="icmp_ln8_5_fu_136_p2" latency="0" BRAM="-1" DSP="-1" FF="0" LUT="18" fileDirectory="D:\Repo\hls\labA"&gt;&lt;\/item&gt;
<item  id="28" filename="Multiplexor/max_tmpl.h" linenumber="8" name="m1_2" contextFuncName="max&lt;int&gt;" moduleName="max" rtlName="m1_2_fu_142_p3" latency="0" BRAM="-1" DSP="-1" FF="0" LUT="32" fileDirectory="D:\Repo\hls\labA"&gt;&lt;\/item&gt;
<item  id="29" filename="Multiplexor/max_tmpl.h" linenumber="8" name="icmp_ln8_6" contextFuncName="max&lt;int&gt;" moduleName="max" rtlName="icmp_ln8_6_fu_150_p2" latency="0" BRAM="-1" DSP="-1" FF="0" LUT="18" fileDirectory="D:\Repo\hls\labA"&gt;&lt;\/item&gt;
<item  id="30" filename="Multiplexor/max_tmpl.h" linenumber="8" name="select_ln8" contextFuncName="max&lt;int&gt;" moduleName="max" rtlName="ap_return" latency="0" BRAM="-1" DSP="-1" FF="0" LUT="32" fileDirectory="D:\Repo\hls\labA"&gt;&lt;\/item&gt;
&lt;\/annotationInfo&gt;
<annotationInfo>
<item  id="23" filename="Multiplexor/mux_binary_opt.cpp" linenumber="9" name="select_ln9" contextFuncName="mux_binary_opt" moduleName="mux_binary_opt" rtlName="tmp_fu_104_p9" latency="0" BRAM="-1" DSP="-1" FF="0" LUT="3" fileDirectory="D:\Repo\hls\labA"&gt;&lt;\/item&gt;
<item  id="24" filename="Multiplexor/mux_binary_opt.cpp" linenumber="12" name="tmp" contextFuncName="mux_binary_opt" moduleName="mux_binary_opt" rtlName="top_mux_83_8_1_1_U9" latency="0" BRAM="-1" DSP="-1" FF="-1" LUT="-1" fileDirectory="D:\Repo\hls\labA"&gt;&lt;\/item&gt;
&lt;\/annotationInfo&gt;
<annotationInfo>
<item  id="23" filename="Multiplexor/mux_binary2onehot_opt.cpp" linenumber="9" name="tmp" contextFuncName="mux_binary2onehot_opt" moduleName="mux_binary2onehot_op" rtlName="top_mux_83_8_1_1_U22" latency="0" BRAM="-1" DSP="-1" FF="-1" LUT="-1" fileDirectory="D:\Repo\hls\labA"&gt;&lt;\/item&gt;
<item  id="24" filename="Multiplexor/mux_binary2onehot_opt.cpp" linenumber="11" name="tmp_1" contextFuncName="mux_binary2onehot_opt" moduleName="mux_binary2onehot_op" rtlName="top_mux_83_8_1_1_U23" latency="0" BRAM="-1" DSP="-1" FF="-1" LUT="-1" fileDirectory="D:\Repo\hls\labA"&gt;&lt;\/item&gt;
<item  id="25" filename="Multiplexor/mux_binary2onehot_opt.cpp" linenumber="3" name="tmp_V" contextFuncName="mux_binary2onehot_opt" moduleName="mux_binary2onehot_op" rtlName="ap_return" latency="0" BRAM="-1" DSP="-1" FF="0" LUT="8" fileDirectory="D:\Repo\hls\labA"&gt;&lt;\/item&gt;
&lt;\/annotationInfo&gt;
<annotationInfo>
<item  id="19" filename="Multiplexor/mux_onehot_if.cpp" linenumber="7" name="icmp_ln879" contextFuncName="mux_onehot_if" moduleName="mux_onehot_if" rtlName="icmp_ln879_fu_94_p2" latency="0" BRAM="-1" DSP="-1" FF="0" LUT="11" fileDirectory="D:\Repo\hls\labA"&gt;&lt;\/item&gt;
<item  id="20" filename="Multiplexor/mux_onehot_if.cpp" linenumber="9" name="icmp_ln879_1" contextFuncName="mux_onehot_if" moduleName="mux_onehot_if" rtlName="icmp_ln879_1_fu_100_p2" latency="0" BRAM="-1" DSP="-1" FF="0" LUT="11" fileDirectory="D:\Repo\hls\labA"&gt;&lt;\/item&gt;
<item  id="21" filename="Multiplexor/mux_onehot_if.cpp" linenumber="11" name="icmp_ln879_2" contextFuncName="mux_onehot_if" moduleName="mux_onehot_if" rtlName="icmp_ln879_2_fu_106_p2" latency="0" BRAM="-1" DSP="-1" FF="0" LUT="11" fileDirectory="D:\Repo\hls\labA"&gt;&lt;\/item&gt;
<item  id="22" filename="Multiplexor/mux_onehot_if.cpp" linenumber="13" name="icmp_ln879_3" contextFuncName="mux_onehot_if" moduleName="mux_onehot_if" rtlName="icmp_ln879_3_fu_112_p2" latency="0" BRAM="-1" DSP="-1" FF="0" LUT="11" fileDirectory="D:\Repo\hls\labA"&gt;&lt;\/item&gt;
<item  id="23" filename="Multiplexor/mux_onehot_if.cpp" linenumber="15" name="icmp_ln879_4" contextFuncName="mux_onehot_if" moduleName="mux_onehot_if" rtlName="icmp_ln879_4_fu_118_p2" latency="0" BRAM="-1" DSP="-1" FF="0" LUT="11" fileDirectory="D:\Repo\hls\labA"&gt;&lt;\/item&gt;
<item  id="24" filename="Multiplexor/mux_onehot_if.cpp" linenumber="17" name="icmp_ln879_5" contextFuncName="mux_onehot_if" moduleName="mux_onehot_if" rtlName="icmp_ln879_5_fu_124_p2" latency="0" BRAM="-1" DSP="-1" FF="0" LUT="11" fileDirectory="D:\Repo\hls\labA"&gt;&lt;\/item&gt;
<item  id="25" filename="Multiplexor/mux_onehot_if.cpp" linenumber="19" name="icmp_ln879_6" contextFuncName="mux_onehot_if" moduleName="mux_onehot_if" rtlName="icmp_ln879_6_fu_130_p2" latency="0" BRAM="-1" DSP="-1" FF="0" LUT="11" fileDirectory="D:\Repo\hls\labA"&gt;&lt;\/item&gt;
<item  id="26" filename="Multiplexor/mux_onehot_if.cpp" linenumber="21" name="icmp_ln879_7" contextFuncName="mux_onehot_if" moduleName="mux_onehot_if" rtlName="icmp_ln879_7_fu_136_p2" latency="0" BRAM="-1" DSP="-1" FF="0" LUT="13" fileDirectory="D:\Repo\hls\labA"&gt;&lt;\/item&gt;
<item  id="27" filename="Multiplexor/mux_onehot_if.cpp" linenumber="7" name="xor_ln879" contextFuncName="mux_onehot_if" moduleName="mux_onehot_if" rtlName="xor_ln879_fu_250_p2" latency="0" BRAM="-1" DSP="-1" FF="0" LUT="2" fileDirectory="D:\Repo\hls\labA"&gt;&lt;\/item&gt;
<item  id="28" filename="Multiplexor/mux_onehot_if.cpp" linenumber="9" name="and_ln879" contextFuncName="mux_onehot_if" moduleName="mux_onehot_if" rtlName="and_ln879_fu_255_p2" latency="0" BRAM="-1" DSP="-1" FF="0" LUT="2" fileDirectory="D:\Repo\hls\labA"&gt;&lt;\/item&gt;
<item  id="29" filename="Multiplexor/mux_onehot_if.cpp" linenumber="9" name="or_ln879" contextFuncName="mux_onehot_if" moduleName="mux_onehot_if" rtlName="or_ln879_fu_142_p2" latency="0" BRAM="-1" DSP="-1" FF="0" LUT="2" fileDirectory="D:\Repo\hls\labA"&gt;&lt;\/item&gt;
<item  id="30" filename="Multiplexor/mux_onehot_if.cpp" linenumber="9" name="xor_ln879_1" contextFuncName="mux_onehot_if" moduleName="mux_onehot_if" rtlName="xor_ln879_1_fu_148_p2" latency="0" BRAM="-1" DSP="-1" FF="0" LUT="2" fileDirectory="D:\Repo\hls\labA"&gt;&lt;\/item&gt;
<item  id="31" filename="Multiplexor/mux_onehot_if.cpp" linenumber="11" name="and_ln879_1" contextFuncName="mux_onehot_if" moduleName="mux_onehot_if" rtlName="and_ln879_1_fu_154_p2" latency="0" BRAM="-1" DSP="-1" FF="0" LUT="2" fileDirectory="D:\Repo\hls\labA"&gt;&lt;\/item&gt;
<item  id="32" filename="Multiplexor/mux_onehot_if.cpp" linenumber="11" name="or_ln879_1" contextFuncName="mux_onehot_if" moduleName="mux_onehot_if" rtlName="or_ln879_1_fu_160_p2" latency="0" BRAM="-1" DSP="-1" FF="0" LUT="2" fileDirectory="D:\Repo\hls\labA"&gt;&lt;\/item&gt;
<item  id="33" filename="Multiplexor/mux_onehot_if.cpp" linenumber="11" name="xor_ln879_2" contextFuncName="mux_onehot_if" moduleName="mux_onehot_if" rtlName="xor_ln879_2_fu_166_p2" latency="0" BRAM="-1" DSP="-1" FF="0" LUT="2" fileDirectory="D:\Repo\hls\labA"&gt;&lt;\/item&gt;
<item  id="34" filename="Multiplexor/mux_onehot_if.cpp" linenumber="13" name="and_ln879_2" contextFuncName="mux_onehot_if" moduleName="mux_onehot_if" rtlName="and_ln879_2_fu_172_p2" latency="0" BRAM="-1" DSP="-1" FF="0" LUT="2" fileDirectory="D:\Repo\hls\labA"&gt;&lt;\/item&gt;
<item  id="35" filename="Multiplexor/mux_onehot_if.cpp" linenumber="13" name="or_ln879_2" contextFuncName="mux_onehot_if" moduleName="mux_onehot_if" rtlName="or_ln879_2_fu_178_p2" latency="0" BRAM="-1" DSP="-1" FF="0" LUT="2" fileDirectory="D:\Repo\hls\labA"&gt;&lt;\/item&gt;
<item  id="36" filename="Multiplexor/mux_onehot_if.cpp" linenumber="13" name="xor_ln879_3" contextFuncName="mux_onehot_if" moduleName="mux_onehot_if" rtlName="xor_ln879_3_fu_184_p2" latency="0" BRAM="-1" DSP="-1" FF="0" LUT="2" fileDirectory="D:\Repo\hls\labA"&gt;&lt;\/item&gt;
<item  id="37" filename="Multiplexor/mux_onehot_if.cpp" linenumber="15" name="and_ln879_3" contextFuncName="mux_onehot_if" moduleName="mux_onehot_if" rtlName="and_ln879_3_fu_190_p2" latency="0" BRAM="-1" DSP="-1" FF="0" LUT="2" fileDirectory="D:\Repo\hls\labA"&gt;&lt;\/item&gt;
<item  id="38" filename="Multiplexor/mux_onehot_if.cpp" linenumber="15" name="or_ln879_3" contextFuncName="mux_onehot_if" moduleName="mux_onehot_if" rtlName="or_ln879_3_fu_196_p2" latency="0" BRAM="-1" DSP="-1" FF="0" LUT="2" fileDirectory="D:\Repo\hls\labA"&gt;&lt;\/item&gt;
<item  id="39" filename="Multiplexor/mux_onehot_if.cpp" linenumber="15" name="xor_ln879_4" contextFuncName="mux_onehot_if" moduleName="mux_onehot_if" rtlName="xor_ln879_4_fu_202_p2" latency="0" BRAM="-1" DSP="-1" FF="0" LUT="2" fileDirectory="D:\Repo\hls\labA"&gt;&lt;\/item&gt;
<item  id="40" filename="Multiplexor/mux_onehot_if.cpp" linenumber="17" name="and_ln879_4" contextFuncName="mux_onehot_if" moduleName="mux_onehot_if" rtlName="and_ln879_4_fu_208_p2" latency="0" BRAM="-1" DSP="-1" FF="0" LUT="2" fileDirectory="D:\Repo\hls\labA"&gt;&lt;\/item&gt;
<item  id="41" filename="Multiplexor/mux_onehot_if.cpp" linenumber="17" name="or_ln879_4" contextFuncName="mux_onehot_if" moduleName="mux_onehot_if" rtlName="or_ln879_4_fu_214_p2" latency="0" BRAM="-1" DSP="-1" FF="0" LUT="2" fileDirectory="D:\Repo\hls\labA"&gt;&lt;\/item&gt;
<item  id="42" filename="Multiplexor/mux_onehot_if.cpp" linenumber="17" name="xor_ln879_5" contextFuncName="mux_onehot_if" moduleName="mux_onehot_if" rtlName="xor_ln879_5_fu_220_p2" latency="0" BRAM="-1" DSP="-1" FF="0" LUT="2" fileDirectory="D:\Repo\hls\labA"&gt;&lt;\/item&gt;
<item  id="43" filename="Multiplexor/mux_onehot_if.cpp" linenumber="19" name="and_ln879_5" contextFuncName="mux_onehot_if" moduleName="mux_onehot_if" rtlName="and_ln879_5_fu_226_p2" latency="0" BRAM="-1" DSP="-1" FF="0" LUT="2" fileDirectory="D:\Repo\hls\labA"&gt;&lt;\/item&gt;
<item  id="44" filename="Multiplexor/mux_onehot_if.cpp" linenumber="19" name="select_ln879" contextFuncName="mux_onehot_if" moduleName="mux_onehot_if" rtlName="select_ln879_fu_260_p3" latency="0" BRAM="-1" DSP="-1" FF="0" LUT="8" fileDirectory="D:\Repo\hls\labA"&gt;&lt;\/item&gt;
<item  id="45" filename="Multiplexor/mux_onehot_if.cpp" linenumber="19" name="or_ln879_5" contextFuncName="mux_onehot_if" moduleName="mux_onehot_if" rtlName="or_ln879_5_fu_232_p2" latency="0" BRAM="-1" DSP="-1" FF="0" LUT="2" fileDirectory="D:\Repo\hls\labA"&gt;&lt;\/item&gt;
<item  id="46" filename="Multiplexor/mux_onehot_if.cpp" linenumber="19" name="select_ln879_1" contextFuncName="mux_onehot_if" moduleName="mux_onehot_if" rtlName="select_ln879_1_fu_267_p3" latency="0" BRAM="-1" DSP="-1" FF="0" LUT="8" fileDirectory="D:\Repo\hls\labA"&gt;&lt;\/item&gt;
<item  id="47" filename="Multiplexor/mux_onehot_if.cpp" linenumber="19" name="or_ln879_6" contextFuncName="mux_onehot_if" moduleName="mux_onehot_if" rtlName="or_ln879_6_fu_238_p2" latency="0" BRAM="-1" DSP="-1" FF="0" LUT="2" fileDirectory="D:\Repo\hls\labA"&gt;&lt;\/item&gt;
<item  id="48" filename="Multiplexor/mux_onehot_if.cpp" linenumber="19" name="select_ln879_2" contextFuncName="mux_onehot_if" moduleName="mux_onehot_if" rtlName="select_ln879_2_fu_274_p3" latency="0" BRAM="-1" DSP="-1" FF="0" LUT="8" fileDirectory="D:\Repo\hls\labA"&gt;&lt;\/item&gt;
<item  id="49" filename="Multiplexor/mux_onehot_if.cpp" linenumber="19" name="or_ln879_7" contextFuncName="mux_onehot_if" moduleName="mux_onehot_if" rtlName="or_ln879_7_fu_281_p2" latency="0" BRAM="-1" DSP="-1" FF="0" LUT="2" fileDirectory="D:\Repo\hls\labA"&gt;&lt;\/item&gt;
<item  id="50" filename="Multiplexor/mux_onehot_if.cpp" linenumber="19" name="select_ln879_3" contextFuncName="mux_onehot_if" moduleName="mux_onehot_if" rtlName="select_ln879_3_fu_286_p3" latency="0" BRAM="-1" DSP="-1" FF="0" LUT="8" fileDirectory="D:\Repo\hls\labA"&gt;&lt;\/item&gt;
<item  id="51" filename="Multiplexor/mux_onehot_if.cpp" linenumber="19" name="or_ln879_8" contextFuncName="mux_onehot_if" moduleName="mux_onehot_if" rtlName="or_ln879_8_fu_293_p2" latency="0" BRAM="-1" DSP="-1" FF="0" LUT="2" fileDirectory="D:\Repo\hls\labA"&gt;&lt;\/item&gt;
<item  id="52" filename="Multiplexor/mux_onehot_if.cpp" linenumber="19" name="select_ln879_4" contextFuncName="mux_onehot_if" moduleName="mux_onehot_if" rtlName="select_ln879_4_fu_297_p3" latency="0" BRAM="-1" DSP="-1" FF="0" LUT="8" fileDirectory="D:\Repo\hls\labA"&gt;&lt;\/item&gt;
<item  id="53" filename="Multiplexor/mux_onehot_if.cpp" linenumber="19" name="or_ln879_9" contextFuncName="mux_onehot_if" moduleName="mux_onehot_if" rtlName="or_ln879_9_fu_244_p2" latency="0" BRAM="-1" DSP="-1" FF="0" LUT="2" fileDirectory="D:\Repo\hls\labA"&gt;&lt;\/item&gt;
<item  id="54" filename="Multiplexor/mux_onehot_if.cpp" linenumber="19" name="select_ln879_5" contextFuncName="mux_onehot_if" moduleName="mux_onehot_if" rtlName="select_ln879_5_fu_304_p3" latency="0" BRAM="-1" DSP="-1" FF="0" LUT="8" fileDirectory="D:\Repo\hls\labA"&gt;&lt;\/item&gt;
<item  id="55" filename="Multiplexor/mux_onehot_if.cpp" linenumber="19" name="or_ln879_10" contextFuncName="mux_onehot_if" moduleName="mux_onehot_if" rtlName="or_ln879_10_fu_312_p2" latency="0" BRAM="-1" DSP="-1" FF="0" LUT="2" fileDirectory="D:\Repo\hls\labA"&gt;&lt;\/item&gt;
<item  id="56" filename="Multiplexor/mux_onehot_if.cpp" linenumber="19" name="select_ln879_6" contextFuncName="mux_onehot_if" moduleName="mux_onehot_if" rtlName="select_ln879_6_fu_318_p3" latency="0" BRAM="-1" DSP="-1" FF="0" LUT="8" fileDirectory="D:\Repo\hls\labA"&gt;&lt;\/item&gt;
<item  id="57" filename="Multiplexor/mux_onehot_if.cpp" linenumber="19" name="or_ln879_11" contextFuncName="mux_onehot_if" moduleName="mux_onehot_if" rtlName="or_ln879_11_fu_325_p2" latency="0" BRAM="-1" DSP="-1" FF="0" LUT="2" fileDirectory="D:\Repo\hls\labA"&gt;&lt;\/item&gt;
<item  id="58" filename="Multiplexor/mux_onehot_if.cpp" linenumber="19" name="select_ln879_7" contextFuncName="mux_onehot_if" moduleName="mux_onehot_if" rtlName="select_ln879_7_fu_330_p3" latency="0" BRAM="-1" DSP="-1" FF="0" LUT="8" fileDirectory="D:\Repo\hls\labA"&gt;&lt;\/item&gt;
&lt;\/annotationInfo&gt;
<annotationInfo>
<item  id="19" filename="Multiplexor/mux_onehot.cpp" linenumber="7" name="icmp_ln7" contextFuncName="mux_onehot" moduleName="mux_onehot" rtlName="icmp_ln7_fu_92_p2" latency="0" BRAM="-1" DSP="-1" FF="0" LUT="13" fileDirectory="D:\Repo\hls\labA"&gt;&lt;\/item&gt;
<item  id="20" filename="Multiplexor/mux_onehot.cpp" linenumber="7" name="icmp_ln7_1" contextFuncName="mux_onehot" moduleName="mux_onehot" rtlName="icmp_ln7_1_fu_98_p2" latency="0" BRAM="-1" DSP="-1" FF="0" LUT="11" fileDirectory="D:\Repo\hls\labA"&gt;&lt;\/item&gt;
<item  id="21" filename="Multiplexor/mux_onehot.cpp" linenumber="7" name="icmp_ln7_2" contextFuncName="mux_onehot" moduleName="mux_onehot" rtlName="icmp_ln7_2_fu_104_p2" latency="0" BRAM="-1" DSP="-1" FF="0" LUT="11" fileDirectory="D:\Repo\hls\labA"&gt;&lt;\/item&gt;
<item  id="22" filename="Multiplexor/mux_onehot.cpp" linenumber="7" name="icmp_ln7_3" contextFuncName="mux_onehot" moduleName="mux_onehot" rtlName="icmp_ln7_3_fu_110_p2" latency="0" BRAM="-1" DSP="-1" FF="0" LUT="11" fileDirectory="D:\Repo\hls\labA"&gt;&lt;\/item&gt;
<item  id="23" filename="Multiplexor/mux_onehot.cpp" linenumber="7" name="icmp_ln7_4" contextFuncName="mux_onehot" moduleName="mux_onehot" rtlName="icmp_ln7_4_fu_116_p2" latency="0" BRAM="-1" DSP="-1" FF="0" LUT="11" fileDirectory="D:\Repo\hls\labA"&gt;&lt;\/item&gt;
<item  id="24" filename="Multiplexor/mux_onehot.cpp" linenumber="7" name="icmp_ln7_5" contextFuncName="mux_onehot" moduleName="mux_onehot" rtlName="icmp_ln7_5_fu_122_p2" latency="0" BRAM="-1" DSP="-1" FF="0" LUT="11" fileDirectory="D:\Repo\hls\labA"&gt;&lt;\/item&gt;
<item  id="25" filename="Multiplexor/mux_onehot.cpp" linenumber="7" name="icmp_ln7_6" contextFuncName="mux_onehot" moduleName="mux_onehot" rtlName="icmp_ln7_6_fu_128_p2" latency="0" BRAM="-1" DSP="-1" FF="0" LUT="11" fileDirectory="D:\Repo\hls\labA"&gt;&lt;\/item&gt;
<item  id="26" filename="Multiplexor/mux_onehot.cpp" linenumber="7" name="icmp_ln7_7" contextFuncName="mux_onehot" moduleName="mux_onehot" rtlName="icmp_ln7_7_fu_134_p2" latency="0" BRAM="-1" DSP="-1" FF="0" LUT="11" fileDirectory="D:\Repo\hls\labA"&gt;&lt;\/item&gt;
<item  id="27" filename="Multiplexor/mux_onehot.cpp" linenumber="7" name="select_ln7" contextFuncName="mux_onehot" moduleName="mux_onehot" rtlName="select_ln7_fu_140_p3" latency="0" BRAM="-1" DSP="-1" FF="0" LUT="8" fileDirectory="D:\Repo\hls\labA"&gt;&lt;\/item&gt;
<item  id="28" filename="Multiplexor/mux_onehot.cpp" linenumber="7" name="or_ln7" contextFuncName="mux_onehot" moduleName="mux_onehot" rtlName="or_ln7_fu_148_p2" latency="0" BRAM="-1" DSP="-1" FF="0" LUT="2" fileDirectory="D:\Repo\hls\labA"&gt;&lt;\/item&gt;
<item  id="29" filename="Multiplexor/mux_onehot.cpp" linenumber="7" name="select_ln7_1" contextFuncName="mux_onehot" moduleName="mux_onehot" rtlName="select_ln7_1_fu_154_p3" latency="0" BRAM="-1" DSP="-1" FF="0" LUT="8" fileDirectory="D:\Repo\hls\labA"&gt;&lt;\/item&gt;
<item  id="30" filename="Multiplexor/mux_onehot.cpp" linenumber="7" name="or_ln7_1" contextFuncName="mux_onehot" moduleName="mux_onehot" rtlName="or_ln7_1_fu_162_p2" latency="0" BRAM="-1" DSP="-1" FF="0" LUT="2" fileDirectory="D:\Repo\hls\labA"&gt;&lt;\/item&gt;
<item  id="31" filename="Multiplexor/mux_onehot.cpp" linenumber="7" name="select_ln7_2" contextFuncName="mux_onehot" moduleName="mux_onehot" rtlName="select_ln7_2_fu_168_p3" latency="0" BRAM="-1" DSP="-1" FF="0" LUT="8" fileDirectory="D:\Repo\hls\labA"&gt;&lt;\/item&gt;
<item  id="32" filename="Multiplexor/mux_onehot.cpp" linenumber="7" name="or_ln7_2" contextFuncName="mux_onehot" moduleName="mux_onehot" rtlName="or_ln7_2_fu_176_p2" latency="0" BRAM="-1" DSP="-1" FF="0" LUT="2" fileDirectory="D:\Repo\hls\labA"&gt;&lt;\/item&gt;
<item  id="33" filename="Multiplexor/mux_onehot.cpp" linenumber="7" name="select_ln7_3" contextFuncName="mux_onehot" moduleName="mux_onehot" rtlName="select_ln7_3_fu_182_p3" latency="0" BRAM="-1" DSP="-1" FF="0" LUT="8" fileDirectory="D:\Repo\hls\labA"&gt;&lt;\/item&gt;
<item  id="34" filename="Multiplexor/mux_onehot.cpp" linenumber="7" name="or_ln7_3" contextFuncName="mux_onehot" moduleName="mux_onehot" rtlName="or_ln7_3_fu_190_p2" latency="0" BRAM="-1" DSP="-1" FF="0" LUT="2" fileDirectory="D:\Repo\hls\labA"&gt;&lt;\/item&gt;
<item  id="35" filename="Multiplexor/mux_onehot.cpp" linenumber="7" name="select_ln7_4" contextFuncName="mux_onehot" moduleName="mux_onehot" rtlName="select_ln7_4_fu_196_p3" latency="0" BRAM="-1" DSP="-1" FF="0" LUT="8" fileDirectory="D:\Repo\hls\labA"&gt;&lt;\/item&gt;
<item  id="36" filename="Multiplexor/mux_onehot.cpp" linenumber="7" name="or_ln7_4" contextFuncName="mux_onehot" moduleName="mux_onehot" rtlName="or_ln7_4_fu_204_p2" latency="0" BRAM="-1" DSP="-1" FF="0" LUT="2" fileDirectory="D:\Repo\hls\labA"&gt;&lt;\/item&gt;
<item  id="37" filename="Multiplexor/mux_onehot.cpp" linenumber="7" name="select_ln7_5" contextFuncName="mux_onehot" moduleName="mux_onehot" rtlName="select_ln7_5_fu_210_p3" latency="0" BRAM="-1" DSP="-1" FF="0" LUT="8" fileDirectory="D:\Repo\hls\labA"&gt;&lt;\/item&gt;
<item  id="38" filename="Multiplexor/mux_onehot.cpp" linenumber="7" name="or_ln7_5" contextFuncName="mux_onehot" moduleName="mux_onehot" rtlName="or_ln7_5_fu_218_p2" latency="0" BRAM="-1" DSP="-1" FF="0" LUT="2" fileDirectory="D:\Repo\hls\labA"&gt;&lt;\/item&gt;
<item  id="39" filename="Multiplexor/mux_onehot.cpp" linenumber="7" name="select_ln7_6" contextFuncName="mux_onehot" moduleName="mux_onehot" rtlName="select_ln7_6_fu_224_p3" latency="0" BRAM="-1" DSP="-1" FF="0" LUT="8" fileDirectory="D:\Repo\hls\labA"&gt;&lt;\/item&gt;
<item  id="40" filename="Multiplexor/mux_onehot.cpp" linenumber="7" name="or_ln7_6" contextFuncName="mux_onehot" moduleName="mux_onehot" rtlName="or_ln7_6_fu_232_p2" latency="0" BRAM="-1" DSP="-1" FF="0" LUT="2" fileDirectory="D:\Repo\hls\labA"&gt;&lt;\/item&gt;
<item  id="41" filename="Multiplexor/mux_onehot.cpp" linenumber="7" name="tmp_V" contextFuncName="mux_onehot" moduleName="mux_onehot" rtlName="ap_return" latency="0" BRAM="-1" DSP="-1" FF="0" LUT="8" fileDirectory="D:\Repo\hls\labA"&gt;&lt;\/item&gt;
&lt;\/annotationInfo&gt;
<annotationInfo>
<item  id="19" filename="Multiplexor/mux_binary.cpp" linenumber="6" name="tmp" contextFuncName="mux_binary" moduleName="mux_binary" rtlName="top_mux_83_8_1_1_U53" latency="0" BRAM="-1" DSP="-1" FF="-1" LUT="-1" fileDirectory="D:\Repo\hls\labA"&gt;&lt;\/item&gt;
&lt;\/annotationInfo&gt;
<annotationInfo>
<item  id="7" filename="Multiplexor/mux_2to1.cpp" linenumber="6" name="select_ln6" contextFuncName="mux_2to1" moduleName="mux_2to1" rtlName="ap_return" latency="0" BRAM="-1" DSP="-1" FF="0" LUT="8" fileDirectory="D:\Repo\hls\labA"&gt;&lt;\/item&gt;
&lt;\/annotationInfo&gt;
<annotationInfo>
<item  id="3" filename="Multiplexor/leading_ones_tmpl.h" linenumber="19" name="upper_V" contextFuncName="leading_ones&lt;32&gt;" moduleName="leading_ones&lt;32&gt;" rtlName="upper_V_fu_131_p4" latency="0" BRAM="-1" DSP="-1" FF="-1" LUT="-1" fileDirectory="D:\Repo\hls\labA"&gt;&lt;\/item&gt;
<item  id="4" filename="Multiplexor/leading_ones_tmpl.h" linenumber="21" name="icmp_ln883" contextFuncName="leading_ones&lt;32&gt;" moduleName="leading_ones&lt;32&gt;" rtlName="icmp_ln883_fu_141_p2" latency="0" BRAM="-1" DSP="-1" FF="0" LUT="18" fileDirectory="D:\Repo\hls\labA"&gt;&lt;\/item&gt;
<item  id="5" filename="Multiplexor/leading_ones_tmpl.h" linenumber="22" name="icmp_ln22" contextFuncName="leading_ones&lt;32&gt;" moduleName="leading_ones&lt;32&gt;" rtlName="icmp_ln22_fu_147_p2" latency="0" BRAM="-1" DSP="-1" FF="0" LUT="13" fileDirectory="D:\Repo\hls\labA"&gt;&lt;\/item&gt;
<item  id="8" filename="Multiplexor/leading_ones_tmpl.h" linenumber="19" name="upper_V_2" contextFuncName="leading_ones&lt;16&gt;" moduleName="leading_ones&lt;32&gt;" rtlName="upper_V_2_fu_153_p4" latency="0" BRAM="-1" DSP="-1" FF="-1" LUT="-1" fileDirectory="D:\Repo\hls\labA"&gt;&lt;\/item&gt;
<item  id="9" filename="Multiplexor/leading_ones_tmpl.h" linenumber="22" name="icmp_ln22_2" contextFuncName="leading_ones&lt;16&gt;" moduleName="leading_ones&lt;32&gt;" rtlName="icmp_ln22_2_fu_163_p2" latency="0" BRAM="-1" DSP="-1" FF="0" LUT="11" fileDirectory="D:\Repo\hls\labA"&gt;&lt;\/item&gt;
<item  id="12" filename="Multiplexor/leading_ones_tmpl.h" linenumber="19" name="upper_V_24" contextFuncName="leading_ones&lt;8&gt;" moduleName="leading_ones&lt;32&gt;" rtlName="upper_V_24_fu_169_p4" latency="0" BRAM="-1" DSP="-1" FF="-1" LUT="-1" fileDirectory="D:\Repo\hls\labA"&gt;&lt;\/item&gt;
<item  id="13" filename="Multiplexor/leading_ones_tmpl.h" linenumber="22" name="icmp_ln22_12" contextFuncName="leading_ones&lt;8&gt;" moduleName="leading_ones&lt;32&gt;" rtlName="icmp_ln22_12_fu_179_p2" latency="0" BRAM="-1" DSP="-1" FF="0" LUT="9" fileDirectory="D:\Repo\hls\labA"&gt;&lt;\/item&gt;
<item  id="14" filename="Multiplexor/leading_ones_tmpl.h" linenumber="19" name="upper_V_25" contextFuncName="leading_ones&lt;4&gt;" moduleName="leading_ones&lt;32&gt;" rtlName="upper_V_25_fu_185_p4" latency="0" BRAM="-1" DSP="-1" FF="-1" LUT="-1" fileDirectory="D:\Repo\hls\labA"&gt;&lt;\/item&gt;
<item  id="15" filename="Multiplexor/leading_ones_tmpl.h" linenumber="22" name="icmp_ln22_13" contextFuncName="leading_ones&lt;4&gt;" moduleName="leading_ones&lt;32&gt;" rtlName="icmp_ln22_13_fu_195_p2" latency="0" BRAM="-1" DSP="-1" FF="0" LUT="8" fileDirectory="D:\Repo\hls\labA"&gt;&lt;\/item&gt;
<item  id="16" filename="Multiplexor/leading_ones_tmpl.h" linenumber="19" name="upper_V_26" contextFuncName="leading_ones&lt;4&gt;" moduleName="leading_ones&lt;32&gt;" rtlName="upper_V_26_fu_201_p4" latency="0" BRAM="-1" DSP="-1" FF="-1" LUT="-1" fileDirectory="D:\Repo\hls\labA"&gt;&lt;\/item&gt;
<item  id="17" filename="Multiplexor/leading_ones_tmpl.h" linenumber="22" name="icmp_ln22_14" contextFuncName="leading_ones&lt;4&gt;" moduleName="leading_ones&lt;32&gt;" rtlName="icmp_ln22_14_fu_211_p2" latency="0" BRAM="-1" DSP="-1" FF="0" LUT="8" fileDirectory="D:\Repo\hls\labA"&gt;&lt;\/item&gt;
<item  id="18" filename="Multiplexor/leading_ones_tmpl.h" linenumber="19" name="upper_V_31" contextFuncName="leading_ones&lt;2&gt;" moduleName="leading_ones&lt;32&gt;" rtlName="upper_V_31_fu_217_p3" latency="0" BRAM="-1" DSP="-1" FF="-1" LUT="-1" fileDirectory="D:\Repo\hls\labA"&gt;&lt;\/item&gt;
<item  id="19" filename="Multiplexor/leading_ones_tmpl.h" linenumber="27" name="idx_V_25" contextFuncName="leading_ones&lt;4&gt;" moduleName="leading_ones&lt;32&gt;" rtlName="idx_V_25_fu_225_p1" latency="0" BRAM="-1" DSP="-1" FF="-1" LUT="-1" fileDirectory="D:\Repo\hls\labA"&gt;&lt;\/item&gt;
<item  id="20" filename="Multiplexor/leading_ones_tmpl.h" linenumber="19" name="upper_V_32" contextFuncName="leading_ones&lt;2&gt;" moduleName="leading_ones&lt;32&gt;" rtlName="upper_V_32_fu_229_p3" latency="0" BRAM="-1" DSP="-1" FF="-1" LUT="-1" fileDirectory="D:\Repo\hls\labA"&gt;&lt;\/item&gt;
<item  id="21" filename="Multiplexor/leading_ones_tmpl.h" linenumber="24" name="idx_V_26" contextFuncName="leading_ones&lt;4&gt;" moduleName="leading_ones&lt;32&gt;" rtlName="idx_V_26_fu_237_p3" latency="0" BRAM="-1" DSP="-1" FF="-1" LUT="-1" fileDirectory="D:\Repo\hls\labA"&gt;&lt;\/item&gt;
<item  id="22" filename="Multiplexor/leading_ones_tmpl.h" linenumber="19" name="upper_V_33" contextFuncName="leading_ones&lt;2&gt;" moduleName="leading_ones&lt;32&gt;" rtlName="upper_V_33_fu_245_p3" latency="0" BRAM="-1" DSP="-1" FF="-1" LUT="-1" fileDirectory="D:\Repo\hls\labA"&gt;&lt;\/item&gt;
<item  id="23" filename="Multiplexor/leading_ones_tmpl.h" linenumber="27" name="idx_V_27" contextFuncName="leading_ones&lt;4&gt;" moduleName="leading_ones&lt;32&gt;" rtlName="idx_V_27_fu_253_p1" latency="0" BRAM="-1" DSP="-1" FF="-1" LUT="-1" fileDirectory="D:\Repo\hls\labA"&gt;&lt;\/item&gt;
<item  id="24" filename="Multiplexor/leading_ones_tmpl.h" linenumber="19" name="upper_V_34" contextFuncName="leading_ones&lt;2&gt;" moduleName="leading_ones&lt;32&gt;" rtlName="upper_V_34_fu_257_p3" latency="0" BRAM="-1" DSP="-1" FF="-1" LUT="-1" fileDirectory="D:\Repo\hls\labA"&gt;&lt;\/item&gt;
<item  id="25" filename="Multiplexor/leading_ones_tmpl.h" linenumber="24" name="idx_V_28" contextFuncName="leading_ones&lt;4&gt;" moduleName="leading_ones&lt;32&gt;" rtlName="idx_V_28_fu_265_p3" latency="0" BRAM="-1" DSP="-1" FF="-1" LUT="-1" fileDirectory="D:\Repo\hls\labA"&gt;&lt;\/item&gt;
<item  id="26" filename="Multiplexor/leading_ones_tmpl.h" linenumber="22" name="idxl_V_13" contextFuncName="leading_ones&lt;4&gt;" moduleName="leading_ones&lt;32&gt;" rtlName="idxl_V_13_fu_273_p3" latency="0" BRAM="-1" DSP="-1" FF="0" LUT="2" fileDirectory="D:\Repo\hls\labA"&gt;&lt;\/item&gt;
<item  id="27" filename="Multiplexor/leading_ones_tmpl.h" linenumber="27" name="idx_V_29" contextFuncName="leading_ones&lt;8&gt;" moduleName="leading_ones&lt;32&gt;" rtlName="idx_V_29_fu_281_p1" latency="0" BRAM="-1" DSP="-1" FF="-1" LUT="-1" fileDirectory="D:\Repo\hls\labA"&gt;&lt;\/item&gt;
<item  id="28" filename="Multiplexor/leading_ones_tmpl.h" linenumber="22" name="idxu_V_12" contextFuncName="leading_ones&lt;4&gt;" moduleName="leading_ones&lt;32&gt;" rtlName="idxu_V_12_fu_285_p3" latency="0" BRAM="-1" DSP="-1" FF="0" LUT="2" fileDirectory="D:\Repo\hls\labA"&gt;&lt;\/item&gt;
<item  id="29" filename="Multiplexor/leading_ones_tmpl.h" linenumber="24" name="idx_V_30" contextFuncName="leading_ones&lt;8&gt;" moduleName="leading_ones&lt;32&gt;" rtlName="idx_V_30_fu_293_p3" latency="0" BRAM="-1" DSP="-1" FF="-1" LUT="-1" fileDirectory="D:\Repo\hls\labA"&gt;&lt;\/item&gt;
<item  id="30" filename="Multiplexor/leading_ones_tmpl.h" linenumber="22" name="idx_V_34" contextFuncName="leading_ones&lt;8&gt;" moduleName="leading_ones&lt;32&gt;" rtlName="idx_V_34_fu_301_p3" latency="0" BRAM="-1" DSP="-1" FF="0" LUT="3" fileDirectory="D:\Repo\hls\labA"&gt;&lt;\/item&gt;
<item  id="31" filename="Multiplexor/leading_ones_tmpl.h" linenumber="24" name="idx_V_32" contextFuncName="leading_ones&lt;16&gt;" moduleName="leading_ones&lt;32&gt;" rtlName="idx_V_32_fu_309_p3" latency="0" BRAM="-1" DSP="-1" FF="-1" LUT="-1" fileDirectory="D:\Repo\hls\labA"&gt;&lt;\/item&gt;
<item  id="34" filename="Multiplexor/leading_ones_tmpl.h" linenumber="19" name="upper_V_17" contextFuncName="leading_ones&lt;8&gt;" moduleName="leading_ones&lt;32&gt;" rtlName="upper_V_17_fu_318_p4" latency="0" BRAM="-1" DSP="-1" FF="-1" LUT="-1" fileDirectory="D:\Repo\hls\labA"&gt;&lt;\/item&gt;
<item  id="35" filename="Multiplexor/leading_ones_tmpl.h" linenumber="22" name="icmp_ln22_9" contextFuncName="leading_ones&lt;8&gt;" moduleName="leading_ones&lt;32&gt;" rtlName="icmp_ln22_9_fu_328_p2" latency="0" BRAM="-1" DSP="-1" FF="0" LUT="9" fileDirectory="D:\Repo\hls\labA"&gt;&lt;\/item&gt;
<item  id="36" filename="Multiplexor/leading_ones_tmpl.h" linenumber="19" name="upper_V_18" contextFuncName="leading_ones&lt;4&gt;" moduleName="leading_ones&lt;32&gt;" rtlName="upper_V_18_fu_334_p4" latency="0" BRAM="-1" DSP="-1" FF="-1" LUT="-1" fileDirectory="D:\Repo\hls\labA"&gt;&lt;\/item&gt;
<item  id="37" filename="Multiplexor/leading_ones_tmpl.h" linenumber="22" name="icmp_ln22_10" contextFuncName="leading_ones&lt;4&gt;" moduleName="leading_ones&lt;32&gt;" rtlName="icmp_ln22_10_fu_344_p2" latency="0" BRAM="-1" DSP="-1" FF="0" LUT="8" fileDirectory="D:\Repo\hls\labA"&gt;&lt;\/item&gt;
<item  id="38" filename="Multiplexor/leading_ones_tmpl.h" linenumber="19" name="upper_V_19" contextFuncName="leading_ones&lt;4&gt;" moduleName="leading_ones&lt;32&gt;" rtlName="upper_V_19_fu_350_p4" latency="0" BRAM="-1" DSP="-1" FF="-1" LUT="-1" fileDirectory="D:\Repo\hls\labA"&gt;&lt;\/item&gt;
<item  id="39" filename="Multiplexor/leading_ones_tmpl.h" linenumber="22" name="icmp_ln22_11" contextFuncName="leading_ones&lt;4&gt;" moduleName="leading_ones&lt;32&gt;" rtlName="icmp_ln22_11_fu_360_p2" latency="0" BRAM="-1" DSP="-1" FF="0" LUT="8" fileDirectory="D:\Repo\hls\labA"&gt;&lt;\/item&gt;
<item  id="40" filename="Multiplexor/leading_ones_tmpl.h" linenumber="19" name="upper_V_35" contextFuncName="leading_ones&lt;2&gt;" moduleName="leading_ones&lt;32&gt;" rtlName="upper_V_35_fu_366_p3" latency="0" BRAM="-1" DSP="-1" FF="-1" LUT="-1" fileDirectory="D:\Repo\hls\labA"&gt;&lt;\/item&gt;
<item  id="41" filename="Multiplexor/leading_ones_tmpl.h" linenumber="27" name="idx_V_17" contextFuncName="leading_ones&lt;4&gt;" moduleName="leading_ones&lt;32&gt;" rtlName="idx_V_17_fu_374_p1" latency="0" BRAM="-1" DSP="-1" FF="-1" LUT="-1" fileDirectory="D:\Repo\hls\labA"&gt;&lt;\/item&gt;
<item  id="42" filename="Multiplexor/leading_ones_tmpl.h" linenumber="19" name="upper_V_36" contextFuncName="leading_ones&lt;2&gt;" moduleName="leading_ones&lt;32&gt;" rtlName="upper_V_36_fu_378_p3" latency="0" BRAM="-1" DSP="-1" FF="-1" LUT="-1" fileDirectory="D:\Repo\hls\labA"&gt;&lt;\/item&gt;
<item  id="43" filename="Multiplexor/leading_ones_tmpl.h" linenumber="24" name="idx_V_18" contextFuncName="leading_ones&lt;4&gt;" moduleName="leading_ones&lt;32&gt;" rtlName="idx_V_18_fu_386_p3" latency="0" BRAM="-1" DSP="-1" FF="-1" LUT="-1" fileDirectory="D:\Repo\hls\labA"&gt;&lt;\/item&gt;
<item  id="44" filename="Multiplexor/leading_ones_tmpl.h" linenumber="19" name="upper_V_37" contextFuncName="leading_ones&lt;2&gt;" moduleName="leading_ones&lt;32&gt;" rtlName="upper_V_37_fu_394_p3" latency="0" BRAM="-1" DSP="-1" FF="-1" LUT="-1" fileDirectory="D:\Repo\hls\labA"&gt;&lt;\/item&gt;
<item  id="45" filename="Multiplexor/leading_ones_tmpl.h" linenumber="27" name="idx_V_19" contextFuncName="leading_ones&lt;4&gt;" moduleName="leading_ones&lt;32&gt;" rtlName="idx_V_19_fu_402_p1" latency="0" BRAM="-1" DSP="-1" FF="-1" LUT="-1" fileDirectory="D:\Repo\hls\labA"&gt;&lt;\/item&gt;
<item  id="46" filename="Multiplexor/leading_ones_tmpl.h" linenumber="19" name="upper_V_38" contextFuncName="leading_ones&lt;2&gt;" moduleName="leading_ones&lt;32&gt;" rtlName="upper_V_38_fu_406_p3" latency="0" BRAM="-1" DSP="-1" FF="-1" LUT="-1" fileDirectory="D:\Repo\hls\labA"&gt;&lt;\/item&gt;
<item  id="47" filename="Multiplexor/leading_ones_tmpl.h" linenumber="24" name="idx_V_20" contextFuncName="leading_ones&lt;4&gt;" moduleName="leading_ones&lt;32&gt;" rtlName="idx_V_20_fu_414_p3" latency="0" BRAM="-1" DSP="-1" FF="-1" LUT="-1" fileDirectory="D:\Repo\hls\labA"&gt;&lt;\/item&gt;
<item  id="48" filename="Multiplexor/leading_ones_tmpl.h" linenumber="22" name="idxl_V_9" contextFuncName="leading_ones&lt;4&gt;" moduleName="leading_ones&lt;32&gt;" rtlName="idxl_V_9_fu_422_p3" latency="0" BRAM="-1" DSP="-1" FF="0" LUT="2" fileDirectory="D:\Repo\hls\labA"&gt;&lt;\/item&gt;
<item  id="49" filename="Multiplexor/leading_ones_tmpl.h" linenumber="27" name="idx_V_21" contextFuncName="leading_ones&lt;8&gt;" moduleName="leading_ones&lt;32&gt;" rtlName="idx_V_21_fu_430_p1" latency="0" BRAM="-1" DSP="-1" FF="-1" LUT="-1" fileDirectory="D:\Repo\hls\labA"&gt;&lt;\/item&gt;
<item  id="50" filename="Multiplexor/leading_ones_tmpl.h" linenumber="22" name="idxu_V_9" contextFuncName="leading_ones&lt;4&gt;" moduleName="leading_ones&lt;32&gt;" rtlName="idxu_V_9_fu_434_p3" latency="0" BRAM="-1" DSP="-1" FF="0" LUT="2" fileDirectory="D:\Repo\hls\labA"&gt;&lt;\/item&gt;
<item  id="51" filename="Multiplexor/leading_ones_tmpl.h" linenumber="24" name="idx_V_22" contextFuncName="leading_ones&lt;8&gt;" moduleName="leading_ones&lt;32&gt;" rtlName="idx_V_22_fu_442_p3" latency="0" BRAM="-1" DSP="-1" FF="-1" LUT="-1" fileDirectory="D:\Repo\hls\labA"&gt;&lt;\/item&gt;
<item  id="52" filename="Multiplexor/leading_ones_tmpl.h" linenumber="22" name="idx_V_35" contextFuncName="leading_ones&lt;8&gt;" moduleName="leading_ones&lt;32&gt;" rtlName="idx_V_35_fu_450_p3" latency="0" BRAM="-1" DSP="-1" FF="0" LUT="3" fileDirectory="D:\Repo\hls\labA"&gt;&lt;\/item&gt;
<item  id="53" filename="Multiplexor/leading_ones_tmpl.h" linenumber="27" name="idx_V_24" contextFuncName="leading_ones&lt;16&gt;" moduleName="leading_ones&lt;32&gt;" rtlName="idx_V_24_fu_458_p1" latency="0" BRAM="-1" DSP="-1" FF="-1" LUT="-1" fileDirectory="D:\Repo\hls\labA"&gt;&lt;\/item&gt;
<item  id="57" filename="Multiplexor/leading_ones_tmpl.h" linenumber="24" name="idx_V_33" contextFuncName="leading_ones&lt;32&gt;" moduleName="leading_ones&lt;32&gt;" rtlName="idx_V_33_fu_463_p3" latency="0" BRAM="-1" DSP="-1" FF="-1" LUT="-1" fileDirectory="D:\Repo\hls\labA"&gt;&lt;\/item&gt;
<item  id="60" filename="Multiplexor/leading_ones_tmpl.h" linenumber="19" name="upper_V_1" contextFuncName="leading_ones&lt;16&gt;" moduleName="leading_ones&lt;32&gt;" rtlName="upper_V_1_fu_472_p4" latency="0" BRAM="-1" DSP="-1" FF="-1" LUT="-1" fileDirectory="D:\Repo\hls\labA"&gt;&lt;\/item&gt;
<item  id="61" filename="Multiplexor/leading_ones_tmpl.h" linenumber="22" name="icmp_ln22_1" contextFuncName="leading_ones&lt;16&gt;" moduleName="leading_ones&lt;32&gt;" rtlName="icmp_ln22_1_fu_482_p2" latency="0" BRAM="-1" DSP="-1" FF="0" LUT="11" fileDirectory="D:\Repo\hls\labA"&gt;&lt;\/item&gt;
<item  id="64" filename="Multiplexor/leading_ones_tmpl.h" linenumber="19" name="upper_V_10" contextFuncName="leading_ones&lt;8&gt;" moduleName="leading_ones&lt;32&gt;" rtlName="upper_V_10_fu_488_p4" latency="0" BRAM="-1" DSP="-1" FF="-1" LUT="-1" fileDirectory="D:\Repo\hls\labA"&gt;&lt;\/item&gt;
<item  id="65" filename="Multiplexor/leading_ones_tmpl.h" linenumber="22" name="icmp_ln22_6" contextFuncName="leading_ones&lt;8&gt;" moduleName="leading_ones&lt;32&gt;" rtlName="icmp_ln22_6_fu_498_p2" latency="0" BRAM="-1" DSP="-1" FF="0" LUT="9" fileDirectory="D:\Repo\hls\labA"&gt;&lt;\/item&gt;
<item  id="66" filename="Multiplexor/leading_ones_tmpl.h" linenumber="19" name="upper_V_11" contextFuncName="leading_ones&lt;4&gt;" moduleName="leading_ones&lt;32&gt;" rtlName="upper_V_11_fu_504_p4" latency="0" BRAM="-1" DSP="-1" FF="-1" LUT="-1" fileDirectory="D:\Repo\hls\labA"&gt;&lt;\/item&gt;
<item  id="67" filename="Multiplexor/leading_ones_tmpl.h" linenumber="22" name="icmp_ln22_7" contextFuncName="leading_ones&lt;4&gt;" moduleName="leading_ones&lt;32&gt;" rtlName="icmp_ln22_7_fu_514_p2" latency="0" BRAM="-1" DSP="-1" FF="0" LUT="8" fileDirectory="D:\Repo\hls\labA"&gt;&lt;\/item&gt;
<item  id="68" filename="Multiplexor/leading_ones_tmpl.h" linenumber="19" name="upper_V_12" contextFuncName="leading_ones&lt;4&gt;" moduleName="leading_ones&lt;32&gt;" rtlName="upper_V_12_fu_520_p4" latency="0" BRAM="-1" DSP="-1" FF="-1" LUT="-1" fileDirectory="D:\Repo\hls\labA"&gt;&lt;\/item&gt;
<item  id="69" filename="Multiplexor/leading_ones_tmpl.h" linenumber="22" name="icmp_ln22_8" contextFuncName="leading_ones&lt;4&gt;" moduleName="leading_ones&lt;32&gt;" rtlName="icmp_ln22_8_fu_530_p2" latency="0" BRAM="-1" DSP="-1" FF="0" LUT="8" fileDirectory="D:\Repo\hls\labA"&gt;&lt;\/item&gt;
<item  id="70" filename="Multiplexor/leading_ones_tmpl.h" linenumber="19" name="upper_V_39" contextFuncName="leading_ones&lt;2&gt;" moduleName="leading_ones&lt;32&gt;" rtlName="upper_V_39_fu_536_p3" latency="0" BRAM="-1" DSP="-1" FF="-1" LUT="-1" fileDirectory="D:\Repo\hls\labA"&gt;&lt;\/item&gt;
<item  id="71" filename="Multiplexor/leading_ones_tmpl.h" linenumber="27" name="idx_V_9" contextFuncName="leading_ones&lt;4&gt;" moduleName="leading_ones&lt;32&gt;" rtlName="idx_V_9_fu_544_p1" latency="0" BRAM="-1" DSP="-1" FF="-1" LUT="-1" fileDirectory="D:\Repo\hls\labA"&gt;&lt;\/item&gt;
<item  id="72" filename="Multiplexor/leading_ones_tmpl.h" linenumber="19" name="upper_V_40" contextFuncName="leading_ones&lt;2&gt;" moduleName="leading_ones&lt;32&gt;" rtlName="upper_V_40_fu_548_p3" latency="0" BRAM="-1" DSP="-1" FF="-1" LUT="-1" fileDirectory="D:\Repo\hls\labA"&gt;&lt;\/item&gt;
<item  id="73" filename="Multiplexor/leading_ones_tmpl.h" linenumber="24" name="idx_V_10" contextFuncName="leading_ones&lt;4&gt;" moduleName="leading_ones&lt;32&gt;" rtlName="idx_V_10_fu_556_p3" latency="0" BRAM="-1" DSP="-1" FF="-1" LUT="-1" fileDirectory="D:\Repo\hls\labA"&gt;&lt;\/item&gt;
<item  id="74" filename="Multiplexor/leading_ones_tmpl.h" linenumber="19" name="upper_V_41" contextFuncName="leading_ones&lt;2&gt;" moduleName="leading_ones&lt;32&gt;" rtlName="upper_V_41_fu_564_p3" latency="0" BRAM="-1" DSP="-1" FF="-1" LUT="-1" fileDirectory="D:\Repo\hls\labA"&gt;&lt;\/item&gt;
<item  id="75" filename="Multiplexor/leading_ones_tmpl.h" linenumber="27" name="idx_V_11" contextFuncName="leading_ones&lt;4&gt;" moduleName="leading_ones&lt;32&gt;" rtlName="idx_V_11_fu_572_p1" latency="0" BRAM="-1" DSP="-1" FF="-1" LUT="-1" fileDirectory="D:\Repo\hls\labA"&gt;&lt;\/item&gt;
<item  id="76" filename="Multiplexor/leading_ones_tmpl.h" linenumber="19" name="upper_V_42" contextFuncName="leading_ones&lt;2&gt;" moduleName="leading_ones&lt;32&gt;" rtlName="upper_V_42_fu_576_p3" latency="0" BRAM="-1" DSP="-1" FF="-1" LUT="-1" fileDirectory="D:\Repo\hls\labA"&gt;&lt;\/item&gt;
<item  id="77" filename="Multiplexor/leading_ones_tmpl.h" linenumber="24" name="idx_V_12" contextFuncName="leading_ones&lt;4&gt;" moduleName="leading_ones&lt;32&gt;" rtlName="idx_V_12_fu_584_p3" latency="0" BRAM="-1" DSP="-1" FF="-1" LUT="-1" fileDirectory="D:\Repo\hls\labA"&gt;&lt;\/item&gt;
<item  id="78" filename="Multiplexor/leading_ones_tmpl.h" linenumber="22" name="idxl_V_6" contextFuncName="leading_ones&lt;4&gt;" moduleName="leading_ones&lt;32&gt;" rtlName="idxl_V_6_fu_592_p3" latency="0" BRAM="-1" DSP="-1" FF="0" LUT="2" fileDirectory="D:\Repo\hls\labA"&gt;&lt;\/item&gt;
<item  id="79" filename="Multiplexor/leading_ones_tmpl.h" linenumber="27" name="idx_V_13" contextFuncName="leading_ones&lt;8&gt;" moduleName="leading_ones&lt;32&gt;" rtlName="idx_V_13_fu_600_p1" latency="0" BRAM="-1" DSP="-1" FF="-1" LUT="-1" fileDirectory="D:\Repo\hls\labA"&gt;&lt;\/item&gt;
<item  id="80" filename="Multiplexor/leading_ones_tmpl.h" linenumber="22" name="idxu_V_5" contextFuncName="leading_ones&lt;4&gt;" moduleName="leading_ones&lt;32&gt;" rtlName="idxu_V_5_fu_604_p3" latency="0" BRAM="-1" DSP="-1" FF="0" LUT="2" fileDirectory="D:\Repo\hls\labA"&gt;&lt;\/item&gt;
<item  id="81" filename="Multiplexor/leading_ones_tmpl.h" linenumber="24" name="idx_V_14" contextFuncName="leading_ones&lt;8&gt;" moduleName="leading_ones&lt;32&gt;" rtlName="idx_V_14_fu_612_p3" latency="0" BRAM="-1" DSP="-1" FF="-1" LUT="-1" fileDirectory="D:\Repo\hls\labA"&gt;&lt;\/item&gt;
<item  id="82" filename="Multiplexor/leading_ones_tmpl.h" linenumber="22" name="idx_V_36" contextFuncName="leading_ones&lt;8&gt;" moduleName="leading_ones&lt;32&gt;" rtlName="idx_V_36_fu_620_p3" latency="0" BRAM="-1" DSP="-1" FF="0" LUT="3" fileDirectory="D:\Repo\hls\labA"&gt;&lt;\/item&gt;
<item  id="83" filename="Multiplexor/leading_ones_tmpl.h" linenumber="24" name="idx_V_16" contextFuncName="leading_ones&lt;16&gt;" moduleName="leading_ones&lt;32&gt;" rtlName="idx_V_16_fu_628_p3" latency="0" BRAM="-1" DSP="-1" FF="-1" LUT="-1" fileDirectory="D:\Repo\hls\labA"&gt;&lt;\/item&gt;
<item  id="86" filename="Multiplexor/leading_ones_tmpl.h" linenumber="19" name="upper_V_3" contextFuncName="leading_ones&lt;8&gt;" moduleName="leading_ones&lt;32&gt;" rtlName="upper_V_3_fu_637_p4" latency="0" BRAM="-1" DSP="-1" FF="-1" LUT="-1" fileDirectory="D:\Repo\hls\labA"&gt;&lt;\/item&gt;
<item  id="87" filename="Multiplexor/leading_ones_tmpl.h" linenumber="22" name="icmp_ln22_3" contextFuncName="leading_ones&lt;8&gt;" moduleName="leading_ones&lt;32&gt;" rtlName="icmp_ln22_3_fu_647_p2" latency="0" BRAM="-1" DSP="-1" FF="0" LUT="9" fileDirectory="D:\Repo\hls\labA"&gt;&lt;\/item&gt;
<item  id="88" filename="Multiplexor/leading_ones_tmpl.h" linenumber="19" name="upper_V_4" contextFuncName="leading_ones&lt;4&gt;" moduleName="leading_ones&lt;32&gt;" rtlName="upper_V_4_fu_653_p4" latency="0" BRAM="-1" DSP="-1" FF="-1" LUT="-1" fileDirectory="D:\Repo\hls\labA"&gt;&lt;\/item&gt;
<item  id="89" filename="Multiplexor/leading_ones_tmpl.h" linenumber="22" name="icmp_ln22_4" contextFuncName="leading_ones&lt;4&gt;" moduleName="leading_ones&lt;32&gt;" rtlName="icmp_ln22_4_fu_663_p2" latency="0" BRAM="-1" DSP="-1" FF="0" LUT="8" fileDirectory="D:\Repo\hls\labA"&gt;&lt;\/item&gt;
<item  id="90" filename="Multiplexor/leading_ones_tmpl.h" linenumber="19" name="upper_V_5" contextFuncName="leading_ones&lt;4&gt;" moduleName="leading_ones&lt;32&gt;" rtlName="upper_V_5_fu_669_p4" latency="0" BRAM="-1" DSP="-1" FF="-1" LUT="-1" fileDirectory="D:\Repo\hls\labA"&gt;&lt;\/item&gt;
<item  id="91" filename="Multiplexor/leading_ones_tmpl.h" linenumber="22" name="icmp_ln22_5" contextFuncName="leading_ones&lt;4&gt;" moduleName="leading_ones&lt;32&gt;" rtlName="icmp_ln22_5_fu_679_p2" latency="0" BRAM="-1" DSP="-1" FF="0" LUT="8" fileDirectory="D:\Repo\hls\labA"&gt;&lt;\/item&gt;
<item  id="92" filename="Multiplexor/leading_ones_tmpl.h" linenumber="19" name="upper_V_43" contextFuncName="leading_ones&lt;2&gt;" moduleName="leading_ones&lt;32&gt;" rtlName="upper_V_43_fu_685_p3" latency="0" BRAM="-1" DSP="-1" FF="-1" LUT="-1" fileDirectory="D:\Repo\hls\labA"&gt;&lt;\/item&gt;
<item  id="93" filename="Multiplexor/leading_ones_tmpl.h" linenumber="27" name="idx_V_1" contextFuncName="leading_ones&lt;4&gt;" moduleName="leading_ones&lt;32&gt;" rtlName="idx_V_1_fu_693_p1" latency="0" BRAM="-1" DSP="-1" FF="-1" LUT="-1" fileDirectory="D:\Repo\hls\labA"&gt;&lt;\/item&gt;
<item  id="94" filename="Multiplexor/leading_ones_tmpl.h" linenumber="19" name="upper_V_44" contextFuncName="leading_ones&lt;2&gt;" moduleName="leading_ones&lt;32&gt;" rtlName="upper_V_44_fu_697_p3" latency="0" BRAM="-1" DSP="-1" FF="-1" LUT="-1" fileDirectory="D:\Repo\hls\labA"&gt;&lt;\/item&gt;
<item  id="95" filename="Multiplexor/leading_ones_tmpl.h" linenumber="24" name="idx_V_2" contextFuncName="leading_ones&lt;4&gt;" moduleName="leading_ones&lt;32&gt;" rtlName="idx_V_2_fu_705_p3" latency="0" BRAM="-1" DSP="-1" FF="-1" LUT="-1" fileDirectory="D:\Repo\hls\labA"&gt;&lt;\/item&gt;
<item  id="96" filename="Multiplexor/leading_ones_tmpl.h" linenumber="19" name="upper_V_45" contextFuncName="leading_ones&lt;2&gt;" moduleName="leading_ones&lt;32&gt;" rtlName="upper_V_45_fu_713_p3" latency="0" BRAM="-1" DSP="-1" FF="-1" LUT="-1" fileDirectory="D:\Repo\hls\labA"&gt;&lt;\/item&gt;
<item  id="97" filename="Multiplexor/leading_ones_tmpl.h" linenumber="27" name="idx_V_3" contextFuncName="leading_ones&lt;4&gt;" moduleName="leading_ones&lt;32&gt;" rtlName="idx_V_3_fu_721_p1" latency="0" BRAM="-1" DSP="-1" FF="-1" LUT="-1" fileDirectory="D:\Repo\hls\labA"&gt;&lt;\/item&gt;
<item  id="98" filename="Multiplexor/leading_ones_tmpl.h" linenumber="19" name="upper_V_46" contextFuncName="leading_ones&lt;2&gt;" moduleName="leading_ones&lt;32&gt;" rtlName="upper_V_46_fu_725_p3" latency="0" BRAM="-1" DSP="-1" FF="-1" LUT="-1" fileDirectory="D:\Repo\hls\labA"&gt;&lt;\/item&gt;
<item  id="99" filename="Multiplexor/leading_ones_tmpl.h" linenumber="24" name="idx_V_4" contextFuncName="leading_ones&lt;4&gt;" moduleName="leading_ones&lt;32&gt;" rtlName="idx_V_4_fu_733_p3" latency="0" BRAM="-1" DSP="-1" FF="-1" LUT="-1" fileDirectory="D:\Repo\hls\labA"&gt;&lt;\/item&gt;
<item  id="100" filename="Multiplexor/leading_ones_tmpl.h" linenumber="22" name="idxl_V_2" contextFuncName="leading_ones&lt;4&gt;" moduleName="leading_ones&lt;32&gt;" rtlName="idxl_V_2_fu_741_p3" latency="0" BRAM="-1" DSP="-1" FF="0" LUT="2" fileDirectory="D:\Repo\hls\labA"&gt;&lt;\/item&gt;
<item  id="101" filename="Multiplexor/leading_ones_tmpl.h" linenumber="27" name="idx_V_5" contextFuncName="leading_ones&lt;8&gt;" moduleName="leading_ones&lt;32&gt;" rtlName="idx_V_5_fu_749_p1" latency="0" BRAM="-1" DSP="-1" FF="-1" LUT="-1" fileDirectory="D:\Repo\hls\labA"&gt;&lt;\/item&gt;
<item  id="102" filename="Multiplexor/leading_ones_tmpl.h" linenumber="22" name="idxu_V_2" contextFuncName="leading_ones&lt;4&gt;" moduleName="leading_ones&lt;32&gt;" rtlName="idxu_V_2_fu_753_p3" latency="0" BRAM="-1" DSP="-1" FF="0" LUT="2" fileDirectory="D:\Repo\hls\labA"&gt;&lt;\/item&gt;
<item  id="103" filename="Multiplexor/leading_ones_tmpl.h" linenumber="24" name="idx_V_6" contextFuncName="leading_ones&lt;8&gt;" moduleName="leading_ones&lt;32&gt;" rtlName="idx_V_6_fu_761_p3" latency="0" BRAM="-1" DSP="-1" FF="-1" LUT="-1" fileDirectory="D:\Repo\hls\labA"&gt;&lt;\/item&gt;
<item  id="104" filename="Multiplexor/leading_ones_tmpl.h" linenumber="22" name="idx_V_37" contextFuncName="leading_ones&lt;8&gt;" moduleName="leading_ones&lt;32&gt;" rtlName="idx_V_37_fu_769_p3" latency="0" BRAM="-1" DSP="-1" FF="0" LUT="3" fileDirectory="D:\Repo\hls\labA"&gt;&lt;\/item&gt;
<item  id="105" filename="Multiplexor/leading_ones_tmpl.h" linenumber="27" name="idx_V_8" contextFuncName="leading_ones&lt;16&gt;" moduleName="leading_ones&lt;32&gt;" rtlName="idx_V_8_fu_777_p1" latency="0" BRAM="-1" DSP="-1" FF="-1" LUT="-1" fileDirectory="D:\Repo\hls\labA"&gt;&lt;\/item&gt;
<item  id="109" filename="Multiplexor/leading_ones_tmpl.h" linenumber="27" name="idx_V" contextFuncName="leading_ones&lt;32&gt;" moduleName="leading_ones&lt;32&gt;" rtlName="idx_V_fu_782_p1" latency="0" BRAM="-1" DSP="-1" FF="-1" LUT="-1" fileDirectory="D:\Repo\hls\labA"&gt;&lt;\/item&gt;
&lt;\/annotationInfo&gt;
<annotationInfo>
<item  id="3" filename="Multiplexor/leading_ones_template.cpp" linenumber="8" name="call_ret" contextFuncName="leading_ones_template" moduleName="leading_ones_templat" rtlName="call_ret_leading_ones_32_s_fu_12" latency="0" BRAM="-1" DSP="-1" FF="-1" LUT="-1" fileDirectory="D:\Repo\hls\labA"&gt;&lt;\/item&gt;
&lt;\/annotationInfo&gt;
<annotationInfo>
<item  id="3" filename="Multiplexor/leading_ones_log2.cpp" linenumber="17" name="flag" contextFuncName="leading_ones_log2" moduleName="leading_ones_log2" rtlName="flag_fu_66_p2" latency="0" BRAM="-1" DSP="-1" FF="0" LUT="18" fileDirectory="D:\Repo\hls\labA"&gt;&lt;\/item&gt;
<item  id="4" filename="Multiplexor/leading_ones_log2.cpp" linenumber="23" name="trunc_ln" contextFuncName="leading_ones_log2" moduleName="leading_ones_log2" rtlName="trunc_ln_fu_72_p4" latency="0" BRAM="-1" DSP="-1" FF="-1" LUT="-1" fileDirectory="D:\Repo\hls\labA"&gt;&lt;\/item&gt;
<item  id="5" filename="Multiplexor/leading_ones_log2.cpp" linenumber="23" name="trunc_ln1355" contextFuncName="leading_ones_log2" moduleName="leading_ones_log2" rtlName="trunc_ln1355_fu_82_p1" latency="0" BRAM="-1" DSP="-1" FF="-1" LUT="-1" fileDirectory="D:\Repo\hls\labA"&gt;&lt;\/item&gt;
<item  id="6" filename="Multiplexor/leading_ones_log2.cpp" linenumber="25" name="icmp_ln883" contextFuncName="leading_ones_log2" moduleName="leading_ones_log2" rtlName="icmp_ln883_fu_86_p2" latency="0" BRAM="-1" DSP="-1" FF="0" LUT="13" fileDirectory="D:\Repo\hls\labA"&gt;&lt;\/item&gt;
<item  id="7" filename="Multiplexor/leading_ones_log2.cpp" linenumber="25" name="select_ln25" contextFuncName="leading_ones_log2" moduleName="leading_ones_log2" rtlName="select_ln25_fu_92_p3" latency="0" BRAM="-1" DSP="-1" FF="0" LUT="16" fileDirectory="D:\Repo\hls\labA"&gt;&lt;\/item&gt;
<item  id="8" filename="Multiplexor/leading_ones_log2.cpp" linenumber="25" name="trunc_ln25" contextFuncName="leading_ones_log2" moduleName="leading_ones_log2" rtlName="trunc_ln25_fu_100_p1" latency="0" BRAM="-1" DSP="-1" FF="-1" LUT="-1" fileDirectory="D:\Repo\hls\labA"&gt;&lt;\/item&gt;
<item  id="9" filename="Multiplexor/leading_ones_log2.cpp" linenumber="25" name="select_ln25_1" contextFuncName="leading_ones_log2" moduleName="leading_ones_log2" rtlName="select_ln25_1_fu_142_p3" latency="0" BRAM="-1" DSP="-1" FF="0" LUT="6" fileDirectory="D:\Repo\hls\labA"&gt;&lt;\/item&gt;
<item  id="10" filename="Multiplexor/leading_ones_log2.cpp" linenumber="22" name="trunc_ln2" contextFuncName="leading_ones_log2" moduleName="leading_ones_log2" rtlName="trunc_ln2_fu_104_p4" latency="0" BRAM="-1" DSP="-1" FF="-1" LUT="-1" fileDirectory="D:\Repo\hls\labA"&gt;&lt;\/item&gt;
<item  id="11" filename="Multiplexor/leading_ones_log2.cpp" linenumber="25" name="icmp_ln883_1" contextFuncName="leading_ones_log2" moduleName="leading_ones_log2" rtlName="icmp_ln883_1_fu_114_p2" latency="0" BRAM="-1" DSP="-1" FF="0" LUT="11" fileDirectory="D:\Repo\hls\labA"&gt;&lt;\/item&gt;
<item  id="12" filename="Multiplexor/leading_ones_log2.cpp" linenumber="26" name="select_ln26" contextFuncName="leading_ones_log2" moduleName="leading_ones_log2" rtlName="select_ln26_fu_149_p3" latency="0" BRAM="-1" DSP="-1" FF="0" LUT="5" fileDirectory="D:\Repo\hls\labA"&gt;&lt;\/item&gt;
<item  id="13" filename="Multiplexor/leading_ones_log2.cpp" linenumber="25" name="select_ln25_2" contextFuncName="leading_ones_log2" moduleName="leading_ones_log2" rtlName="select_ln25_2_fu_120_p3" latency="0" BRAM="-1" DSP="-1" FF="0" LUT="8" fileDirectory="D:\Repo\hls\labA"&gt;&lt;\/item&gt;
<item  id="14" filename="Multiplexor/leading_ones_log2.cpp" linenumber="25" name="trunc_ln25_1" contextFuncName="leading_ones_log2" moduleName="leading_ones_log2" rtlName="trunc_ln25_1_fu_128_p1" latency="0" BRAM="-1" DSP="-1" FF="-1" LUT="-1" fileDirectory="D:\Repo\hls\labA"&gt;&lt;\/item&gt;
<item  id="15" filename="Multiplexor/leading_ones_log2.cpp" linenumber="25" name="select_ln25_3" contextFuncName="leading_ones_log2" moduleName="leading_ones_log2" rtlName="select_ln25_3_fu_156_p3" latency="0" BRAM="-1" DSP="-1" FF="0" LUT="5" fileDirectory="D:\Repo\hls\labA"&gt;&lt;\/item&gt;
<item  id="16" filename="Multiplexor/leading_ones_log2.cpp" linenumber="22" name="trunc_ln1503_1" contextFuncName="leading_ones_log2" moduleName="leading_ones_log2" rtlName="trunc_ln1503_1_reg_302" latency="0" BRAM="-1" DSP="-1" FF="-1" LUT="-1" fileDirectory="D:\Repo\hls\labA"&gt;&lt;\/item&gt;
<item  id="17" filename="Multiplexor/leading_ones_log2.cpp" linenumber="25" name="icmp_ln883_2" contextFuncName="leading_ones_log2" moduleName="leading_ones_log2" rtlName="icmp_ln883_2_fu_163_p2" latency="0" BRAM="-1" DSP="-1" FF="0" LUT="9" fileDirectory="D:\Repo\hls\labA"&gt;&lt;\/item&gt;
<item  id="18" filename="Multiplexor/leading_ones_log2.cpp" linenumber="25" name="select_ln25_4" contextFuncName="leading_ones_log2" moduleName="leading_ones_log2" rtlName="select_ln25_4_fu_168_p3" latency="0" BRAM="-1" DSP="-1" FF="0" LUT="4" fileDirectory="D:\Repo\hls\labA"&gt;&lt;\/item&gt;
<item  id="19" filename="Multiplexor/leading_ones_log2.cpp" linenumber="25" name="or_ln25" contextFuncName="leading_ones_log2" moduleName="leading_ones_log2" rtlName="or_ln25_fu_174_p2" latency="0" BRAM="-1" DSP="-1" FF="0" LUT="5" fileDirectory="D:\Repo\hls\labA"&gt;&lt;\/item&gt;
<item  id="20" filename="Multiplexor/leading_ones_log2.cpp" linenumber="25" name="select_ln25_5" contextFuncName="leading_ones_log2" moduleName="leading_ones_log2" rtlName="select_ln25_5_fu_180_p3" latency="0" BRAM="-1" DSP="-1" FF="0" LUT="5" fileDirectory="D:\Repo\hls\labA"&gt;&lt;\/item&gt;
<item  id="21" filename="Multiplexor/leading_ones_log2.cpp" linenumber="22" name="trunc_ln1503_2" contextFuncName="leading_ones_log2" moduleName="leading_ones_log2" rtlName="trunc_ln1503_2_fu_188_p4" latency="0" BRAM="-1" DSP="-1" FF="-1" LUT="-1" fileDirectory="D:\Repo\hls\labA"&gt;&lt;\/item&gt;
<item  id="22" filename="Multiplexor/leading_ones_log2.cpp" linenumber="25" name="icmp_ln883_3" contextFuncName="leading_ones_log2" moduleName="leading_ones_log2" rtlName="icmp_ln883_3_fu_198_p2" latency="0" BRAM="-1" DSP="-1" FF="0" LUT="8" fileDirectory="D:\Repo\hls\labA"&gt;&lt;\/item&gt;
<item  id="23" filename="Multiplexor/leading_ones_log2.cpp" linenumber="25" name="or_ln25_1" contextFuncName="leading_ones_log2" moduleName="leading_ones_log2" rtlName="or_ln25_1_fu_204_p2" latency="0" BRAM="-1" DSP="-1" FF="0" LUT="5" fileDirectory="D:\Repo\hls\labA"&gt;&lt;\/item&gt;
<item  id="24" filename="Multiplexor/leading_ones_log2.cpp" linenumber="25" name="select_ln25_6" contextFuncName="leading_ones_log2" moduleName="leading_ones_log2" rtlName="select_ln25_6_fu_210_p3" latency="0" BRAM="-1" DSP="-1" FF="0" LUT="5" fileDirectory="D:\Repo\hls\labA"&gt;&lt;\/item&gt;
<item  id="25" filename="Multiplexor/leading_ones_log2.cpp" linenumber="25" name="tmp" contextFuncName="leading_ones_log2" moduleName="leading_ones_log2" rtlName="tmp_fu_218_p3" latency="0" BRAM="-1" DSP="-1" FF="-1" LUT="-1" fileDirectory="D:\Repo\hls\labA"&gt;&lt;\/item&gt;
<item  id="26" filename="Multiplexor/leading_ones_log2.cpp" linenumber="25" name="tmp_1" contextFuncName="leading_ones_log2" moduleName="leading_ones_log2" rtlName="tmp_1_fu_226_p3" latency="0" BRAM="-1" DSP="-1" FF="-1" LUT="-1" fileDirectory="D:\Repo\hls\labA"&gt;&lt;\/item&gt;
<item  id="27" filename="Multiplexor/leading_ones_log2.cpp" linenumber="25" name="select_ln25_7" contextFuncName="leading_ones_log2" moduleName="leading_ones_log2" rtlName="select_ln25_7_fu_234_p3" latency="0" BRAM="-1" DSP="-1" FF="0" LUT="2" fileDirectory="D:\Repo\hls\labA"&gt;&lt;\/item&gt;
<item  id="28" filename="Multiplexor/leading_ones_log2.cpp" linenumber="25" name="trunc_ln25_2" contextFuncName="leading_ones_log2" moduleName="leading_ones_log2" rtlName="trunc_ln25_2_fu_242_p1" latency="0" BRAM="-1" DSP="-1" FF="-1" LUT="-1" fileDirectory="D:\Repo\hls\labA"&gt;&lt;\/item&gt;
<item  id="29" filename="Multiplexor/leading_ones_log2.cpp" linenumber="25" name="or_ln25_2" contextFuncName="leading_ones_log2" moduleName="leading_ones_log2" rtlName="or_ln25_2_fu_246_p2" latency="0" BRAM="-1" DSP="-1" FF="0" LUT="2" fileDirectory="D:\Repo\hls\labA"&gt;&lt;\/item&gt;
<item  id="30" filename="Multiplexor/leading_ones_log2.cpp" linenumber="25" name="tmp_2" contextFuncName="leading_ones_log2" moduleName="leading_ones_log2" rtlName="tmp_2_fu_252_p4" latency="0" BRAM="-1" DSP="-1" FF="-1" LUT="-1" fileDirectory="D:\Repo\hls\labA"&gt;&lt;\/item&gt;
<item  id="31" filename="Multiplexor/leading_ones_log2.cpp" linenumber="25" name="ssdm_int_V_write_ass" contextFuncName="leading_ones_log2" moduleName="leading_ones_log2" rtlName="ssdm_int_V_write_ass_fu_262_p3" latency="0" BRAM="-1" DSP="-1" FF="-1" LUT="-1" fileDirectory="D:\Repo\hls\labA"&gt;&lt;\/item&gt;
&lt;\/annotationInfo&gt;
<annotationInfo>
<item  id="3" filename="Multiplexor/leading_ones_bruteforce.cpp" linenumber="13" name="tmp" contextFuncName="leading_ones_bruteforce" moduleName="leading_ones_brutefo" rtlName="tmp_fu_375_p3" latency="0" BRAM="-1" DSP="-1" FF="-1" LUT="-1" fileDirectory="D:\Repo\hls\labA"&gt;&lt;\/item&gt;
<item  id="6" filename="Multiplexor/leading_ones_bruteforce.cpp" linenumber="13" name="tmp_3" contextFuncName="leading_ones_bruteforce" moduleName="leading_ones_brutefo" rtlName="tmp_3_fu_383_p3" latency="0" BRAM="-1" DSP="-1" FF="-1" LUT="-1" fileDirectory="D:\Repo\hls\labA"&gt;&lt;\/item&gt;
<item  id="9" filename="Multiplexor/leading_ones_bruteforce.cpp" linenumber="13" name="tmp_4" contextFuncName="leading_ones_bruteforce" moduleName="leading_ones_brutefo" rtlName="tmp_4_fu_391_p3" latency="0" BRAM="-1" DSP="-1" FF="-1" LUT="-1" fileDirectory="D:\Repo\hls\labA"&gt;&lt;\/item&gt;
<item  id="12" filename="Multiplexor/leading_ones_bruteforce.cpp" linenumber="13" name="tmp_5" contextFuncName="leading_ones_bruteforce" moduleName="leading_ones_brutefo" rtlName="tmp_5_fu_399_p3" latency="0" BRAM="-1" DSP="-1" FF="-1" LUT="-1" fileDirectory="D:\Repo\hls\labA"&gt;&lt;\/item&gt;
<item  id="15" filename="Multiplexor/leading_ones_bruteforce.cpp" linenumber="13" name="tmp_6" contextFuncName="leading_ones_bruteforce" moduleName="leading_ones_brutefo" rtlName="tmp_6_fu_407_p3" latency="0" BRAM="-1" DSP="-1" FF="-1" LUT="-1" fileDirectory="D:\Repo\hls\labA"&gt;&lt;\/item&gt;
<item  id="18" filename="Multiplexor/leading_ones_bruteforce.cpp" linenumber="13" name="tmp_7" contextFuncName="leading_ones_bruteforce" moduleName="leading_ones_brutefo" rtlName="tmp_7_fu_415_p3" latency="0" BRAM="-1" DSP="-1" FF="-1" LUT="-1" fileDirectory="D:\Repo\hls\labA"&gt;&lt;\/item&gt;
<item  id="21" filename="Multiplexor/leading_ones_bruteforce.cpp" linenumber="13" name="tmp_8" contextFuncName="leading_ones_bruteforce" moduleName="leading_ones_brutefo" rtlName="tmp_8_fu_423_p3" latency="0" BRAM="-1" DSP="-1" FF="-1" LUT="-1" fileDirectory="D:\Repo\hls\labA"&gt;&lt;\/item&gt;
<item  id="24" filename="Multiplexor/leading_ones_bruteforce.cpp" linenumber="13" name="tmp_9" contextFuncName="leading_ones_bruteforce" moduleName="leading_ones_brutefo" rtlName="tmp_9_fu_431_p3" latency="0" BRAM="-1" DSP="-1" FF="-1" LUT="-1" fileDirectory="D:\Repo\hls\labA"&gt;&lt;\/item&gt;
<item  id="27" filename="Multiplexor/leading_ones_bruteforce.cpp" linenumber="13" name="tmp_10" contextFuncName="leading_ones_bruteforce" moduleName="leading_ones_brutefo" rtlName="tmp_10_fu_439_p3" latency="0" BRAM="-1" DSP="-1" FF="-1" LUT="-1" fileDirectory="D:\Repo\hls\labA"&gt;&lt;\/item&gt;
<item  id="30" filename="Multiplexor/leading_ones_bruteforce.cpp" linenumber="13" name="tmp_11" contextFuncName="leading_ones_bruteforce" moduleName="leading_ones_brutefo" rtlName="tmp_11_fu_447_p3" latency="0" BRAM="-1" DSP="-1" FF="-1" LUT="-1" fileDirectory="D:\Repo\hls\labA"&gt;&lt;\/item&gt;
<item  id="33" filename="Multiplexor/leading_ones_bruteforce.cpp" linenumber="13" name="tmp_12" contextFuncName="leading_ones_bruteforce" moduleName="leading_ones_brutefo" rtlName="tmp_12_fu_455_p3" latency="0" BRAM="-1" DSP="-1" FF="-1" LUT="-1" fileDirectory="D:\Repo\hls\labA"&gt;&lt;\/item&gt;
<item  id="36" filename="Multiplexor/leading_ones_bruteforce.cpp" linenumber="13" name="tmp_13" contextFuncName="leading_ones_bruteforce" moduleName="leading_ones_brutefo" rtlName="tmp_13_fu_463_p3" latency="0" BRAM="-1" DSP="-1" FF="-1" LUT="-1" fileDirectory="D:\Repo\hls\labA"&gt;&lt;\/item&gt;
<item  id="39" filename="Multiplexor/leading_ones_bruteforce.cpp" linenumber="13" name="tmp_14" contextFuncName="leading_ones_bruteforce" moduleName="leading_ones_brutefo" rtlName="tmp_14_fu_471_p3" latency="0" BRAM="-1" DSP="-1" FF="-1" LUT="-1" fileDirectory="D:\Repo\hls\labA"&gt;&lt;\/item&gt;
<item  id="42" filename="Multiplexor/leading_ones_bruteforce.cpp" linenumber="13" name="tmp_15" contextFuncName="leading_ones_bruteforce" moduleName="leading_ones_brutefo" rtlName="tmp_15_fu_479_p3" latency="0" BRAM="-1" DSP="-1" FF="-1" LUT="-1" fileDirectory="D:\Repo\hls\labA"&gt;&lt;\/item&gt;
<item  id="45" filename="Multiplexor/leading_ones_bruteforce.cpp" linenumber="13" name="tmp_16" contextFuncName="leading_ones_bruteforce" moduleName="leading_ones_brutefo" rtlName="tmp_16_fu_487_p3" latency="0" BRAM="-1" DSP="-1" FF="-1" LUT="-1" fileDirectory="D:\Repo\hls\labA"&gt;&lt;\/item&gt;
<item  id="48" filename="Multiplexor/leading_ones_bruteforce.cpp" linenumber="13" name="tmp_17" contextFuncName="leading_ones_bruteforce" moduleName="leading_ones_brutefo" rtlName="tmp_17_fu_495_p3" latency="0" BRAM="-1" DSP="-1" FF="-1" LUT="-1" fileDirectory="D:\Repo\hls\labA"&gt;&lt;\/item&gt;
<item  id="49" filename="Multiplexor/leading_ones_bruteforce.cpp" linenumber="13" name="select_ln13" contextFuncName="leading_ones_bruteforce" moduleName="leading_ones_brutefo" rtlName="select_ln13_fu_503_p3" latency="0" BRAM="-1" DSP="-1" FF="0" LUT="6" fileDirectory="D:\Repo\hls\labA"&gt;&lt;\/item&gt;
<item  id="54" filename="Multiplexor/leading_ones_bruteforce.cpp" linenumber="20" name="tmp_18" contextFuncName="leading_ones_bruteforce" moduleName="leading_ones_brutefo" rtlName="tmp_18_fu_511_p3" latency="0" BRAM="-1" DSP="-1" FF="-1" LUT="-1" fileDirectory="D:\Repo\hls\labA"&gt;&lt;\/item&gt;
<item  id="57" filename="Multiplexor/leading_ones_bruteforce.cpp" linenumber="20" name="tmp_19" contextFuncName="leading_ones_bruteforce" moduleName="leading_ones_brutefo" rtlName="tmp_19_fu_518_p3" latency="0" BRAM="-1" DSP="-1" FF="-1" LUT="-1" fileDirectory="D:\Repo\hls\labA"&gt;&lt;\/item&gt;
<item  id="60" filename="Multiplexor/leading_ones_bruteforce.cpp" linenumber="20" name="tmp_20" contextFuncName="leading_ones_bruteforce" moduleName="leading_ones_brutefo" rtlName="tmp_20_fu_525_p3" latency="0" BRAM="-1" DSP="-1" FF="-1" LUT="-1" fileDirectory="D:\Repo\hls\labA"&gt;&lt;\/item&gt;
<item  id="63" filename="Multiplexor/leading_ones_bruteforce.cpp" linenumber="20" name="tmp_21" contextFuncName="leading_ones_bruteforce" moduleName="leading_ones_brutefo" rtlName="tmp_21_fu_532_p3" latency="0" BRAM="-1" DSP="-1" FF="-1" LUT="-1" fileDirectory="D:\Repo\hls\labA"&gt;&lt;\/item&gt;
<item  id="66" filename="Multiplexor/leading_ones_bruteforce.cpp" linenumber="20" name="tmp_22" contextFuncName="leading_ones_bruteforce" moduleName="leading_ones_brutefo" rtlName="tmp_22_fu_539_p3" latency="0" BRAM="-1" DSP="-1" FF="-1" LUT="-1" fileDirectory="D:\Repo\hls\labA"&gt;&lt;\/item&gt;
<item  id="69" filename="Multiplexor/leading_ones_bruteforce.cpp" linenumber="20" name="tmp_23" contextFuncName="leading_ones_bruteforce" moduleName="leading_ones_brutefo" rtlName="tmp_23_fu_546_p3" latency="0" BRAM="-1" DSP="-1" FF="-1" LUT="-1" fileDirectory="D:\Repo\hls\labA"&gt;&lt;\/item&gt;
<item  id="72" filename="Multiplexor/leading_ones_bruteforce.cpp" linenumber="20" name="tmp_24" contextFuncName="leading_ones_bruteforce" moduleName="leading_ones_brutefo" rtlName="tmp_24_fu_553_p3" latency="0" BRAM="-1" DSP="-1" FF="-1" LUT="-1" fileDirectory="D:\Repo\hls\labA"&gt;&lt;\/item&gt;
<item  id="75" filename="Multiplexor/leading_ones_bruteforce.cpp" linenumber="20" name="tmp_25" contextFuncName="leading_ones_bruteforce" moduleName="leading_ones_brutefo" rtlName="tmp_25_fu_560_p3" latency="0" BRAM="-1" DSP="-1" FF="-1" LUT="-1" fileDirectory="D:\Repo\hls\labA"&gt;&lt;\/item&gt;
<item  id="78" filename="Multiplexor/leading_ones_bruteforce.cpp" linenumber="20" name="tmp_26" contextFuncName="leading_ones_bruteforce" moduleName="leading_ones_brutefo" rtlName="tmp_26_fu_567_p3" latency="0" BRAM="-1" DSP="-1" FF="-1" LUT="-1" fileDirectory="D:\Repo\hls\labA"&gt;&lt;\/item&gt;
<item  id="81" filename="Multiplexor/leading_ones_bruteforce.cpp" linenumber="20" name="tmp_27" contextFuncName="leading_ones_bruteforce" moduleName="leading_ones_brutefo" rtlName="tmp_27_fu_574_p3" latency="0" BRAM="-1" DSP="-1" FF="-1" LUT="-1" fileDirectory="D:\Repo\hls\labA"&gt;&lt;\/item&gt;
<item  id="84" filename="Multiplexor/leading_ones_bruteforce.cpp" linenumber="20" name="tmp_28" contextFuncName="leading_ones_bruteforce" moduleName="leading_ones_brutefo" rtlName="tmp_28_fu_581_p3" latency="0" BRAM="-1" DSP="-1" FF="-1" LUT="-1" fileDirectory="D:\Repo\hls\labA"&gt;&lt;\/item&gt;
<item  id="87" filename="Multiplexor/leading_ones_bruteforce.cpp" linenumber="20" name="tmp_29" contextFuncName="leading_ones_bruteforce" moduleName="leading_ones_brutefo" rtlName="tmp_29_fu_588_p3" latency="0" BRAM="-1" DSP="-1" FF="-1" LUT="-1" fileDirectory="D:\Repo\hls\labA"&gt;&lt;\/item&gt;
<item  id="90" filename="Multiplexor/leading_ones_bruteforce.cpp" linenumber="20" name="tmp_30" contextFuncName="leading_ones_bruteforce" moduleName="leading_ones_brutefo" rtlName="tmp_30_fu_595_p3" latency="0" BRAM="-1" DSP="-1" FF="-1" LUT="-1" fileDirectory="D:\Repo\hls\labA"&gt;&lt;\/item&gt;
<item  id="93" filename="Multiplexor/leading_ones_bruteforce.cpp" linenumber="20" name="tmp_31" contextFuncName="leading_ones_bruteforce" moduleName="leading_ones_brutefo" rtlName="tmp_31_fu_602_p3" latency="0" BRAM="-1" DSP="-1" FF="-1" LUT="-1" fileDirectory="D:\Repo\hls\labA"&gt;&lt;\/item&gt;
<item  id="96" filename="Multiplexor/leading_ones_bruteforce.cpp" linenumber="20" name="tmp_32" contextFuncName="leading_ones_bruteforce" moduleName="leading_ones_brutefo" rtlName="tmp_32_fu_609_p3" latency="0" BRAM="-1" DSP="-1" FF="-1" LUT="-1" fileDirectory="D:\Repo\hls\labA"&gt;&lt;\/item&gt;
<item  id="97" filename="Multiplexor/leading_ones_bruteforce.cpp" linenumber="20" name="trunc_ln791" contextFuncName="leading_ones_bruteforce" moduleName="leading_ones_brutefo" rtlName="trunc_ln791_fu_616_p1" latency="0" BRAM="-1" DSP="-1" FF="-1" LUT="-1" fileDirectory="D:\Repo\hls\labA"&gt;&lt;\/item&gt;
<item  id="98" filename="Multiplexor/leading_ones_bruteforce.cpp" linenumber="20" name="zext_ln20" contextFuncName="leading_ones_bruteforce" moduleName="leading_ones_brutefo" rtlName="zext_ln20_fu_619_p1" latency="0" BRAM="-1" DSP="-1" FF="-1" LUT="-1" fileDirectory="D:\Repo\hls\labA"&gt;&lt;\/item&gt;
<item  id="99" filename="Multiplexor/leading_ones_bruteforce.cpp" linenumber="20" name="or_ln20" contextFuncName="leading_ones_bruteforce" moduleName="leading_ones_brutefo" rtlName="or_ln20_fu_623_p2" latency="0" BRAM="-1" DSP="-1" FF="0" LUT="2" fileDirectory="D:\Repo\hls\labA"&gt;&lt;\/item&gt;
<item  id="104" filename="Multiplexor/leading_ones_bruteforce.cpp" linenumber="25" name="zext_ln25" contextFuncName="leading_ones_bruteforce" moduleName="leading_ones_brutefo" rtlName="zext_ln25_fu_629_p1" latency="0" BRAM="-1" DSP="-1" FF="-1" LUT="-1" fileDirectory="D:\Repo\hls\labA"&gt;&lt;\/item&gt;
<item  id="105" filename="Multiplexor/leading_ones_bruteforce.cpp" linenumber="25" name="select_ln25" contextFuncName="leading_ones_bruteforce" moduleName="leading_ones_brutefo" rtlName="select_ln25_fu_633_p3" latency="0" BRAM="-1" DSP="-1" FF="0" LUT="5" fileDirectory="D:\Repo\hls\labA"&gt;&lt;\/item&gt;
<item  id="106" filename="Multiplexor/leading_ones_bruteforce.cpp" linenumber="26" name="or_ln26" contextFuncName="leading_ones_bruteforce" moduleName="leading_ones_brutefo" rtlName="or_ln26_fu_641_p2" latency="0" BRAM="-1" DSP="-1" FF="0" LUT="2" fileDirectory="D:\Repo\hls\labA"&gt;&lt;\/item&gt;
&lt;\/annotationInfo&gt;
<annotationInfo>
<item  id="3" filename="Multiplexor/leading_ones.cpp" linenumber="11" name="tmp" contextFuncName="leading_ones" moduleName="leading_ones" rtlName="tmp_fu_363_p3" latency="0" BRAM="-1" DSP="-1" FF="-1" LUT="-1" fileDirectory="D:\Repo\hls\labA"&gt;&lt;\/item&gt;
<item  id="6" filename="Multiplexor/leading_ones.cpp" linenumber="11" name="tmp_33" contextFuncName="leading_ones" moduleName="leading_ones" rtlName="tmp_33_fu_371_p3" latency="0" BRAM="-1" DSP="-1" FF="-1" LUT="-1" fileDirectory="D:\Repo\hls\labA"&gt;&lt;\/item&gt;
<item  id="9" filename="Multiplexor/leading_ones.cpp" linenumber="11" name="tmp_34" contextFuncName="leading_ones" moduleName="leading_ones" rtlName="tmp_34_fu_379_p3" latency="0" BRAM="-1" DSP="-1" FF="-1" LUT="-1" fileDirectory="D:\Repo\hls\labA"&gt;&lt;\/item&gt;
<item  id="12" filename="Multiplexor/leading_ones.cpp" linenumber="11" name="tmp_35" contextFuncName="leading_ones" moduleName="leading_ones" rtlName="tmp_35_fu_387_p3" latency="0" BRAM="-1" DSP="-1" FF="-1" LUT="-1" fileDirectory="D:\Repo\hls\labA"&gt;&lt;\/item&gt;
<item  id="15" filename="Multiplexor/leading_ones.cpp" linenumber="11" name="tmp_36" contextFuncName="leading_ones" moduleName="leading_ones" rtlName="tmp_36_fu_395_p3" latency="0" BRAM="-1" DSP="-1" FF="-1" LUT="-1" fileDirectory="D:\Repo\hls\labA"&gt;&lt;\/item&gt;
<item  id="18" filename="Multiplexor/leading_ones.cpp" linenumber="11" name="tmp_37" contextFuncName="leading_ones" moduleName="leading_ones" rtlName="tmp_37_fu_403_p3" latency="0" BRAM="-1" DSP="-1" FF="-1" LUT="-1" fileDirectory="D:\Repo\hls\labA"&gt;&lt;\/item&gt;
<item  id="21" filename="Multiplexor/leading_ones.cpp" linenumber="11" name="tmp_38" contextFuncName="leading_ones" moduleName="leading_ones" rtlName="tmp_38_fu_411_p3" latency="0" BRAM="-1" DSP="-1" FF="-1" LUT="-1" fileDirectory="D:\Repo\hls\labA"&gt;&lt;\/item&gt;
<item  id="24" filename="Multiplexor/leading_ones.cpp" linenumber="11" name="tmp_39" contextFuncName="leading_ones" moduleName="leading_ones" rtlName="tmp_39_fu_419_p3" latency="0" BRAM="-1" DSP="-1" FF="-1" LUT="-1" fileDirectory="D:\Repo\hls\labA"&gt;&lt;\/item&gt;
<item  id="27" filename="Multiplexor/leading_ones.cpp" linenumber="11" name="tmp_40" contextFuncName="leading_ones" moduleName="leading_ones" rtlName="tmp_40_fu_427_p3" latency="0" BRAM="-1" DSP="-1" FF="-1" LUT="-1" fileDirectory="D:\Repo\hls\labA"&gt;&lt;\/item&gt;
<item  id="30" filename="Multiplexor/leading_ones.cpp" linenumber="11" name="tmp_41" contextFuncName="leading_ones" moduleName="leading_ones" rtlName="tmp_41_fu_435_p3" latency="0" BRAM="-1" DSP="-1" FF="-1" LUT="-1" fileDirectory="D:\Repo\hls\labA"&gt;&lt;\/item&gt;
<item  id="33" filename="Multiplexor/leading_ones.cpp" linenumber="11" name="tmp_42" contextFuncName="leading_ones" moduleName="leading_ones" rtlName="tmp_42_fu_443_p3" latency="0" BRAM="-1" DSP="-1" FF="-1" LUT="-1" fileDirectory="D:\Repo\hls\labA"&gt;&lt;\/item&gt;
<item  id="36" filename="Multiplexor/leading_ones.cpp" linenumber="11" name="tmp_43" contextFuncName="leading_ones" moduleName="leading_ones" rtlName="tmp_43_fu_451_p3" latency="0" BRAM="-1" DSP="-1" FF="-1" LUT="-1" fileDirectory="D:\Repo\hls\labA"&gt;&lt;\/item&gt;
<item  id="39" filename="Multiplexor/leading_ones.cpp" linenumber="11" name="tmp_44" contextFuncName="leading_ones" moduleName="leading_ones" rtlName="tmp_44_fu_459_p3" latency="0" BRAM="-1" DSP="-1" FF="-1" LUT="-1" fileDirectory="D:\Repo\hls\labA"&gt;&lt;\/item&gt;
<item  id="42" filename="Multiplexor/leading_ones.cpp" linenumber="11" name="tmp_45" contextFuncName="leading_ones" moduleName="leading_ones" rtlName="tmp_45_fu_467_p3" latency="0" BRAM="-1" DSP="-1" FF="-1" LUT="-1" fileDirectory="D:\Repo\hls\labA"&gt;&lt;\/item&gt;
<item  id="45" filename="Multiplexor/leading_ones.cpp" linenumber="11" name="tmp_46" contextFuncName="leading_ones" moduleName="leading_ones" rtlName="tmp_46_fu_475_p3" latency="0" BRAM="-1" DSP="-1" FF="-1" LUT="-1" fileDirectory="D:\Repo\hls\labA"&gt;&lt;\/item&gt;
<item  id="48" filename="Multiplexor/leading_ones.cpp" linenumber="11" name="tmp_47" contextFuncName="leading_ones" moduleName="leading_ones" rtlName="tmp_47_fu_483_p3" latency="0" BRAM="-1" DSP="-1" FF="-1" LUT="-1" fileDirectory="D:\Repo\hls\labA"&gt;&lt;\/item&gt;
<item  id="51" filename="Multiplexor/leading_ones.cpp" linenumber="11" name="tmp_48" contextFuncName="leading_ones" moduleName="leading_ones" rtlName="tmp_48_fu_491_p3" latency="0" BRAM="-1" DSP="-1" FF="-1" LUT="-1" fileDirectory="D:\Repo\hls\labA"&gt;&lt;\/item&gt;
<item  id="54" filename="Multiplexor/leading_ones.cpp" linenumber="11" name="tmp_49" contextFuncName="leading_ones" moduleName="leading_ones" rtlName="tmp_49_fu_499_p3" latency="0" BRAM="-1" DSP="-1" FF="-1" LUT="-1" fileDirectory="D:\Repo\hls\labA"&gt;&lt;\/item&gt;
<item  id="57" filename="Multiplexor/leading_ones.cpp" linenumber="11" name="tmp_50" contextFuncName="leading_ones" moduleName="leading_ones" rtlName="tmp_50_fu_507_p3" latency="0" BRAM="-1" DSP="-1" FF="-1" LUT="-1" fileDirectory="D:\Repo\hls\labA"&gt;&lt;\/item&gt;
<item  id="60" filename="Multiplexor/leading_ones.cpp" linenumber="11" name="tmp_51" contextFuncName="leading_ones" moduleName="leading_ones" rtlName="tmp_51_fu_515_p3" latency="0" BRAM="-1" DSP="-1" FF="-1" LUT="-1" fileDirectory="D:\Repo\hls\labA"&gt;&lt;\/item&gt;
<item  id="63" filename="Multiplexor/leading_ones.cpp" linenumber="11" name="tmp_52" contextFuncName="leading_ones" moduleName="leading_ones" rtlName="tmp_52_fu_523_p3" latency="0" BRAM="-1" DSP="-1" FF="-1" LUT="-1" fileDirectory="D:\Repo\hls\labA"&gt;&lt;\/item&gt;
<item  id="66" filename="Multiplexor/leading_ones.cpp" linenumber="11" name="tmp_53" contextFuncName="leading_ones" moduleName="leading_ones" rtlName="tmp_53_fu_531_p3" latency="0" BRAM="-1" DSP="-1" FF="-1" LUT="-1" fileDirectory="D:\Repo\hls\labA"&gt;&lt;\/item&gt;
<item  id="69" filename="Multiplexor/leading_ones.cpp" linenumber="11" name="tmp_54" contextFuncName="leading_ones" moduleName="leading_ones" rtlName="tmp_54_fu_539_p3" latency="0" BRAM="-1" DSP="-1" FF="-1" LUT="-1" fileDirectory="D:\Repo\hls\labA"&gt;&lt;\/item&gt;
<item  id="72" filename="Multiplexor/leading_ones.cpp" linenumber="11" name="tmp_55" contextFuncName="leading_ones" moduleName="leading_ones" rtlName="tmp_55_fu_547_p3" latency="0" BRAM="-1" DSP="-1" FF="-1" LUT="-1" fileDirectory="D:\Repo\hls\labA"&gt;&lt;\/item&gt;
<item  id="75" filename="Multiplexor/leading_ones.cpp" linenumber="11" name="tmp_56" contextFuncName="leading_ones" moduleName="leading_ones" rtlName="tmp_56_fu_555_p3" latency="0" BRAM="-1" DSP="-1" FF="-1" LUT="-1" fileDirectory="D:\Repo\hls\labA"&gt;&lt;\/item&gt;
<item  id="78" filename="Multiplexor/leading_ones.cpp" linenumber="11" name="tmp_57" contextFuncName="leading_ones" moduleName="leading_ones" rtlName="tmp_57_fu_563_p3" latency="0" BRAM="-1" DSP="-1" FF="-1" LUT="-1" fileDirectory="D:\Repo\hls\labA"&gt;&lt;\/item&gt;
<item  id="81" filename="Multiplexor/leading_ones.cpp" linenumber="11" name="tmp_58" contextFuncName="leading_ones" moduleName="leading_ones" rtlName="tmp_58_fu_571_p3" latency="0" BRAM="-1" DSP="-1" FF="-1" LUT="-1" fileDirectory="D:\Repo\hls\labA"&gt;&lt;\/item&gt;
<item  id="84" filename="Multiplexor/leading_ones.cpp" linenumber="11" name="tmp_59" contextFuncName="leading_ones" moduleName="leading_ones" rtlName="tmp_59_fu_579_p3" latency="0" BRAM="-1" DSP="-1" FF="-1" LUT="-1" fileDirectory="D:\Repo\hls\labA"&gt;&lt;\/item&gt;
<item  id="87" filename="Multiplexor/leading_ones.cpp" linenumber="11" name="tmp_60" contextFuncName="leading_ones" moduleName="leading_ones" rtlName="tmp_60_fu_587_p3" latency="0" BRAM="-1" DSP="-1" FF="-1" LUT="-1" fileDirectory="D:\Repo\hls\labA"&gt;&lt;\/item&gt;
<item  id="90" filename="Multiplexor/leading_ones.cpp" linenumber="11" name="tmp_61" contextFuncName="leading_ones" moduleName="leading_ones" rtlName="tmp_61_fu_595_p3" latency="0" BRAM="-1" DSP="-1" FF="-1" LUT="-1" fileDirectory="D:\Repo\hls\labA"&gt;&lt;\/item&gt;
<item  id="93" filename="Multiplexor/leading_ones.cpp" linenumber="11" name="tmp_62" contextFuncName="leading_ones" moduleName="leading_ones" rtlName="tmp_62_fu_603_p3" latency="0" BRAM="-1" DSP="-1" FF="-1" LUT="-1" fileDirectory="D:\Repo\hls\labA"&gt;&lt;\/item&gt;
<item  id="94" filename="Multiplexor/leading_ones.cpp" linenumber="11" name="trunc_ln791" contextFuncName="leading_ones" moduleName="leading_ones" rtlName="trunc_ln791_fu_611_p1" latency="0" BRAM="-1" DSP="-1" FF="-1" LUT="-1" fileDirectory="D:\Repo\hls\labA"&gt;&lt;\/item&gt;
<item  id="95" filename="Multiplexor/leading_ones.cpp" linenumber="11" name="zext_ln11" contextFuncName="leading_ones" moduleName="leading_ones" rtlName="zext_ln11_fu_615_p1" latency="0" BRAM="-1" DSP="-1" FF="-1" LUT="-1" fileDirectory="D:\Repo\hls\labA"&gt;&lt;\/item&gt;
<item  id="96" filename="Multiplexor/leading_ones.cpp" linenumber="11" name="or_ln11" contextFuncName="leading_ones" moduleName="leading_ones" rtlName="or_ln11_fu_619_p2" latency="0" BRAM="-1" DSP="-1" FF="0" LUT="2" fileDirectory="D:\Repo\hls\labA"&gt;&lt;\/item&gt;
&lt;\/annotationInfo&gt;
<annotationInfo>
<item  id="17" filename="Multiplexor/max_algorithmic.cpp" linenumber="15" name="icmp_ln15" contextFuncName="max_algorithmic" moduleName="max_algorithmic" rtlName="icmp_ln15_fu_80_p2" latency="0" BRAM="-1" DSP="-1" FF="0" LUT="18" fileDirectory="D:\Repo\hls\labA"&gt;&lt;\/item&gt;
<item  id="18" filename="Multiplexor/max_algorithmic.cpp" linenumber="15" name="select_ln15" contextFuncName="max_algorithmic" moduleName="max_algorithmic" rtlName="select_ln15_fu_86_p3" latency="0" BRAM="-1" DSP="-1" FF="0" LUT="32" fileDirectory="D:\Repo\hls\labA"&gt;&lt;\/item&gt;
<item  id="19" filename="Multiplexor/max_algorithmic.cpp" linenumber="15" name="icmp_ln15_1" contextFuncName="max_algorithmic" moduleName="max_algorithmic" rtlName="icmp_ln15_1_fu_94_p2" latency="0" BRAM="-1" DSP="-1" FF="0" LUT="18" fileDirectory="D:\Repo\hls\labA"&gt;&lt;\/item&gt;
<item  id="20" filename="Multiplexor/max_algorithmic.cpp" linenumber="15" name="zext_ln15" contextFuncName="max_algorithmic" moduleName="max_algorithmic" rtlName="zext_ln15_fu_100_p1" latency="0" BRAM="-1" DSP="-1" FF="-1" LUT="-1" fileDirectory="D:\Repo\hls\labA"&gt;&lt;\/item&gt;
<item  id="21" filename="Multiplexor/max_algorithmic.cpp" linenumber="15" name="select_ln15_1" contextFuncName="max_algorithmic" moduleName="max_algorithmic" rtlName="select_ln15_1_fu_104_p3" latency="0" BRAM="-1" DSP="-1" FF="0" LUT="3" fileDirectory="D:\Repo\hls\labA"&gt;&lt;\/item&gt;
<item  id="22" filename="Multiplexor/max_algorithmic.cpp" linenumber="15" name="zext_ln15_1" contextFuncName="max_algorithmic" moduleName="max_algorithmic" rtlName="phi_ln15_1_fu_115_p9" latency="0" BRAM="-1" DSP="-1" FF="-1" LUT="-1" fileDirectory="D:\Repo\hls\labA"&gt;&lt;\/item&gt;
<item  id="23" filename="Multiplexor/max_algorithmic.cpp" linenumber="15" name="phi_ln15_1" contextFuncName="max_algorithmic" moduleName="max_algorithmic" rtlName="top_mux_83_32_1_1_U71" latency="0" BRAM="-1" DSP="-1" FF="-1" LUT="-1" fileDirectory="D:\Repo\hls\labA"&gt;&lt;\/item&gt;
<item  id="24" filename="Multiplexor/max_algorithmic.cpp" linenumber="15" name="icmp_ln15_2" contextFuncName="max_algorithmic" moduleName="max_algorithmic" rtlName="icmp_ln15_2_fu_129_p2" latency="0" BRAM="-1" DSP="-1" FF="0" LUT="18" fileDirectory="D:\Repo\hls\labA"&gt;&lt;\/item&gt;
<item  id="25" filename="Multiplexor/max_algorithmic.cpp" linenumber="15" name="select_ln15_2" contextFuncName="max_algorithmic" moduleName="max_algorithmic" rtlName="select_ln15_2_fu_135_p3" latency="0" BRAM="-1" DSP="-1" FF="0" LUT="2" fileDirectory="D:\Repo\hls\labA"&gt;&lt;\/item&gt;
<item  id="26" filename="Multiplexor/max_algorithmic.cpp" linenumber="15" name="zext_ln15_2" contextFuncName="max_algorithmic" moduleName="max_algorithmic" rtlName="zext_ln15_2_fu_142_p1" latency="0" BRAM="-1" DSP="-1" FF="-1" LUT="-1" fileDirectory="D:\Repo\hls\labA"&gt;&lt;\/item&gt;
<item  id="27" filename="Multiplexor/max_algorithmic.cpp" linenumber="15" name="phi_ln15_2" contextFuncName="max_algorithmic" moduleName="max_algorithmic" rtlName="top_mux_83_32_1_1_U72" latency="0" BRAM="-1" DSP="-1" FF="-1" LUT="-1" fileDirectory="D:\Repo\hls\labA"&gt;&lt;\/item&gt;
<item  id="28" filename="Multiplexor/max_algorithmic.cpp" linenumber="15" name="icmp_ln15_3" contextFuncName="max_algorithmic" moduleName="max_algorithmic" rtlName="icmp_ln15_3_fu_165_p2" latency="0" BRAM="-1" DSP="-1" FF="0" LUT="18" fileDirectory="D:\Repo\hls\labA"&gt;&lt;\/item&gt;
<item  id="29" filename="Multiplexor/max_algorithmic.cpp" linenumber="14" name="select_ln14_1" contextFuncName="max_algorithmic" moduleName="max_algorithmic" rtlName="select_ln14_1_fu_170_p3" latency="0" BRAM="-1" DSP="-1" FF="-1" LUT="-1" fileDirectory="D:\Repo\hls\labA"&gt;&lt;\/item&gt;
<item  id="30" filename="Multiplexor/max_algorithmic.cpp" linenumber="15" name="phi_ln15_3" contextFuncName="max_algorithmic" moduleName="max_algorithmic" rtlName="top_mux_83_32_1_1_U73" latency="0" BRAM="-1" DSP="-1" FF="-1" LUT="-1" fileDirectory="D:\Repo\hls\labA"&gt;&lt;\/item&gt;
<item  id="31" filename="Multiplexor/max_algorithmic.cpp" linenumber="15" name="icmp_ln15_4" contextFuncName="max_algorithmic" moduleName="max_algorithmic" rtlName="icmp_ln15_4_fu_195_p2" latency="0" BRAM="-1" DSP="-1" FF="0" LUT="18" fileDirectory="D:\Repo\hls\labA"&gt;&lt;\/item&gt;
<item  id="32" filename="Multiplexor/max_algorithmic.cpp" linenumber="14" name="select_ln14_2" contextFuncName="max_algorithmic" moduleName="max_algorithmic" rtlName="select_ln14_2_fu_201_p3" latency="0" BRAM="-1" DSP="-1" FF="0" LUT="3" fileDirectory="D:\Repo\hls\labA"&gt;&lt;\/item&gt;
<item  id="33" filename="Multiplexor/max_algorithmic.cpp" linenumber="15" name="phi_ln15_4" contextFuncName="max_algorithmic" moduleName="max_algorithmic" rtlName="top_mux_83_32_1_1_U74" latency="0" BRAM="-1" DSP="-1" FF="-1" LUT="-1" fileDirectory="D:\Repo\hls\labA"&gt;&lt;\/item&gt;
<item  id="34" filename="Multiplexor/max_algorithmic.cpp" linenumber="15" name="icmp_ln15_5" contextFuncName="max_algorithmic" moduleName="max_algorithmic" rtlName="icmp_ln15_5_fu_221_p2" latency="0" BRAM="-1" DSP="-1" FF="0" LUT="18" fileDirectory="D:\Repo\hls\labA"&gt;&lt;\/item&gt;
<item  id="35" filename="Multiplexor/max_algorithmic.cpp" linenumber="15" name="select_ln15_3" contextFuncName="max_algorithmic" moduleName="max_algorithmic" rtlName="select_ln15_3_fu_227_p3" latency="0" BRAM="-1" DSP="-1" FF="0" LUT="3" fileDirectory="D:\Repo\hls\labA"&gt;&lt;\/item&gt;
<item  id="36" filename="Multiplexor/max_algorithmic.cpp" linenumber="15" name="phi_ln15_5" contextFuncName="max_algorithmic" moduleName="max_algorithmic" rtlName="top_mux_83_32_1_1_U75" latency="0" BRAM="-1" DSP="-1" FF="-1" LUT="-1" fileDirectory="D:\Repo\hls\labA"&gt;&lt;\/item&gt;
<item  id="37" filename="Multiplexor/max_algorithmic.cpp" linenumber="15" name="icmp_ln15_6" contextFuncName="max_algorithmic" moduleName="max_algorithmic" rtlName="icmp_ln15_6_fu_248_p2" latency="0" BRAM="-1" DSP="-1" FF="0" LUT="18" fileDirectory="D:\Repo\hls\labA"&gt;&lt;\/item&gt;
<item  id="38" filename="Multiplexor/max_algorithmic.cpp" linenumber="14" name="select_ln14" contextFuncName="max_algorithmic" moduleName="max_algorithmic" rtlName="tmp_fu_261_p9" latency="0" BRAM="-1" DSP="-1" FF="0" LUT="3" fileDirectory="D:\Repo\hls\labA"&gt;&lt;\/item&gt;
<item  id="39" filename="Multiplexor/max_algorithmic.cpp" linenumber="15" name="tmp" contextFuncName="max_algorithmic" moduleName="max_algorithmic" rtlName="top_mux_83_32_1_1_U76" latency="0" BRAM="-1" DSP="-1" FF="-1" LUT="-1" fileDirectory="D:\Repo\hls\labA"&gt;&lt;\/item&gt;
&lt;\/annotationInfo&gt;
<annotationInfo>
<item  id="70" filename="Multiplexor/top.cpp" linenumber="60" name="max_ret" contextFuncName="top" moduleName="top" rtlName="grp_max_fu_305" latency="1" BRAM="-1" DSP="-1" FF="-1" LUT="-1" fileDirectory="D:\Repo\hls\labA"><\/item>
<item  id="82" filename="Multiplexor/top.cpp" linenumber="56" name="op2_V_assign_5_s" contextFuncName="top" moduleName="top" rtlName="op2_V_assign_5_s_mux_binary_opt_fu_423" latency="0" BRAM="-1" DSP="-1" FF="-1" LUT="-1" fileDirectory="D:\Repo\hls\labA"><\/item>
<item  id="94" filename="Multiplexor/top.cpp" linenumber="52" name="op2_V_assign_4_s" contextFuncName="top" moduleName="top" rtlName="op2_V_assign_4_s_mux_binary2onehot_op_fu_390" latency="0" BRAM="-1" DSP="-1" FF="-1" LUT="-1" fileDirectory="D:\Repo\hls\labA"><\/item>
<item  id="106" filename="Multiplexor/top.cpp" linenumber="48" name="op2_V_assign_3_s" contextFuncName="top" moduleName="top" rtlName="grp_mux_onehot_if_fu_326" latency="1" BRAM="-1" DSP="-1" FF="-1" LUT="-1" fileDirectory="D:\Repo\hls\labA"><\/item>
<item  id="118" filename="Multiplexor/top.cpp" linenumber="44" name="op2_V_assign_2_s" contextFuncName="top" moduleName="top" rtlName="op2_V_assign_2_s_mux_onehot_fu_355" latency="0" BRAM="-1" DSP="-1" FF="-1" LUT="-1" fileDirectory="D:\Repo\hls\labA"><\/item>
<item  id="130" filename="Multiplexor/top.cpp" linenumber="40" name="op2_V_assign_1_s" contextFuncName="top" moduleName="top" rtlName="op2_V_assign_1_s_mux_binary_fu_450" latency="0" BRAM="-1" DSP="-1" FF="-1" LUT="-1" fileDirectory="D:\Repo\hls\labA"><\/item>
<item  id="136" filename="Multiplexor/top.cpp" linenumber="36" name="op2_V_assign_s" contextFuncName="top" moduleName="top" rtlName="op2_V_assign_s_mux_2to1_fu_473" latency="0" BRAM="-1" DSP="-1" FF="-1" LUT="-1" fileDirectory="D:\Repo\hls\labA"><\/item>
<item  id="140" filename="Multiplexor/top.cpp" linenumber="32" name="call_ret7" contextFuncName="top" moduleName="top" rtlName="call_ret7_leading_ones_templat_fu_349" latency="0" BRAM="-1" DSP="-1" FF="-1" LUT="-1" fileDirectory="D:\Repo\hls\labA"><\/item>
<item  id="147" filename="Multiplexor/top.cpp" linenumber="28" name="call_ret" contextFuncName="top" moduleName="top" rtlName="grp_leading_ones_log2_fu_384" latency="1" BRAM="-1" DSP="-1" FF="-1" LUT="-1" fileDirectory="D:\Repo\hls\labA"><\/item>
<item  id="154" filename="Multiplexor/top.cpp" linenumber="24" name="call_ret3" contextFuncName="top" moduleName="top" rtlName="grp_leading_ones_brutefo_fu_378" latency="1" BRAM="-1" DSP="-1" FF="-1" LUT="-1" fileDirectory="D:\Repo\hls\labA"><\/item>
<item  id="161" filename="Multiplexor/top.cpp" linenumber="20" name="call_ret4" contextFuncName="top" moduleName="top" rtlName="grp_leading_ones_fu_417" latency="1" BRAM="-1" DSP="-1" FF="-1" LUT="-1" fileDirectory="D:\Repo\hls\labA"><\/item>
<item  id="176" filename="Multiplexor/top.cpp" linenumber="64" name="call_ret1" contextFuncName="top" moduleName="top" rtlName="grp_max_algorithmic_fu_284" latency="1" BRAM="-1" DSP="-1" FF="-1" LUT="-1" fileDirectory="D:\Repo\hls\labA"><\/item>
<\/annotationInfo>
</annotationInfo>
