<stg><name>top</name>


<trans_list>

<trans id="150" from="1" to="2">
<condition id="-1">
<or_exp><and_exp></and_exp></or_exp>
</condition>
</trans>
</trans_list>



<state_list>

<state id="1" st_id="1">

<operation id="3" st_id="1" stage="1" lat="1">
<core>NULL</core>
<MemPortIdVec></MemPortIdVec>
<condition id="-1">
<or_exp><and_exp></and_exp></or_exp>
</condition>

<Node id="27" bw="0" op_0_bw="0" op_1_bw="8">
<![CDATA[
:0  call void (...)* @_ssdm_op_SpecBitsMap(i8* %mux_in_7_V), !map !138

]]></Node>
<StgValue><ssdm name="specbitsmap_ln0"/></StgValue>
</operation>

<operation id="4" st_id="1" stage="1" lat="1">
<core>NULL</core>
<MemPortIdVec></MemPortIdVec>
<condition id="-1">
<or_exp><and_exp></and_exp></or_exp>
</condition>

<Node id="28" bw="0" op_0_bw="0" op_1_bw="8">
<![CDATA[
:1  call void (...)* @_ssdm_op_SpecBitsMap(i8* %mux_in_6_V), !map !144

]]></Node>
<StgValue><ssdm name="specbitsmap_ln0"/></StgValue>
</operation>

<operation id="5" st_id="1" stage="1" lat="1">
<core>NULL</core>
<MemPortIdVec></MemPortIdVec>
<condition id="-1">
<or_exp><and_exp></and_exp></or_exp>
</condition>

<Node id="29" bw="0" op_0_bw="0" op_1_bw="8">
<![CDATA[
:2  call void (...)* @_ssdm_op_SpecBitsMap(i8* %mux_in_5_V), !map !150

]]></Node>
<StgValue><ssdm name="specbitsmap_ln0"/></StgValue>
</operation>

<operation id="6" st_id="1" stage="1" lat="1">
<core>NULL</core>
<MemPortIdVec></MemPortIdVec>
<condition id="-1">
<or_exp><and_exp></and_exp></or_exp>
</condition>

<Node id="30" bw="0" op_0_bw="0" op_1_bw="8">
<![CDATA[
:3  call void (...)* @_ssdm_op_SpecBitsMap(i8* %mux_in_4_V), !map !156

]]></Node>
<StgValue><ssdm name="specbitsmap_ln0"/></StgValue>
</operation>

<operation id="7" st_id="1" stage="1" lat="1">
<core>NULL</core>
<MemPortIdVec></MemPortIdVec>
<condition id="-1">
<or_exp><and_exp></and_exp></or_exp>
</condition>

<Node id="31" bw="0" op_0_bw="0" op_1_bw="8">
<![CDATA[
:4  call void (...)* @_ssdm_op_SpecBitsMap(i8* %mux_in_3_V), !map !162

]]></Node>
<StgValue><ssdm name="specbitsmap_ln0"/></StgValue>
</operation>

<operation id="8" st_id="1" stage="1" lat="1">
<core>NULL</core>
<MemPortIdVec></MemPortIdVec>
<condition id="-1">
<or_exp><and_exp></and_exp></or_exp>
</condition>

<Node id="32" bw="0" op_0_bw="0" op_1_bw="8">
<![CDATA[
:5  call void (...)* @_ssdm_op_SpecBitsMap(i8* %mux_in_2_V), !map !168

]]></Node>
<StgValue><ssdm name="specbitsmap_ln0"/></StgValue>
</operation>

<operation id="9" st_id="1" stage="1" lat="1">
<core>NULL</core>
<MemPortIdVec></MemPortIdVec>
<condition id="-1">
<or_exp><and_exp></and_exp></or_exp>
</condition>

<Node id="33" bw="0" op_0_bw="0" op_1_bw="8">
<![CDATA[
:6  call void (...)* @_ssdm_op_SpecBitsMap(i8* %mux_in_1_V), !map !174

]]></Node>
<StgValue><ssdm name="specbitsmap_ln0"/></StgValue>
</operation>

<operation id="10" st_id="1" stage="1" lat="1">
<core>NULL</core>
<MemPortIdVec></MemPortIdVec>
<condition id="-1">
<or_exp><and_exp></and_exp></or_exp>
</condition>

<Node id="34" bw="0" op_0_bw="0" op_1_bw="8">
<![CDATA[
:7  call void (...)* @_ssdm_op_SpecBitsMap(i8* %mux_in_0_V), !map !180

]]></Node>
<StgValue><ssdm name="specbitsmap_ln0"/></StgValue>
</operation>

<operation id="11" st_id="1" stage="1" lat="1">
<core>NULL</core>
<MemPortIdVec></MemPortIdVec>
<condition id="-1">
<or_exp><and_exp></and_exp></or_exp>
</condition>

<Node id="35" bw="0" op_0_bw="0" op_1_bw="32">
<![CDATA[
:8  call void (...)* @_ssdm_op_SpecBitsMap(i32* %max_in_7), !map !186

]]></Node>
<StgValue><ssdm name="specbitsmap_ln0"/></StgValue>
</operation>

<operation id="12" st_id="1" stage="1" lat="1">
<core>NULL</core>
<MemPortIdVec></MemPortIdVec>
<condition id="-1">
<or_exp><and_exp></and_exp></or_exp>
</condition>

<Node id="36" bw="0" op_0_bw="0" op_1_bw="32">
<![CDATA[
:9  call void (...)* @_ssdm_op_SpecBitsMap(i32* %max_in_6), !map !190

]]></Node>
<StgValue><ssdm name="specbitsmap_ln0"/></StgValue>
</operation>

<operation id="13" st_id="1" stage="1" lat="1">
<core>NULL</core>
<MemPortIdVec></MemPortIdVec>
<condition id="-1">
<or_exp><and_exp></and_exp></or_exp>
</condition>

<Node id="37" bw="0" op_0_bw="0" op_1_bw="32">
<![CDATA[
:10  call void (...)* @_ssdm_op_SpecBitsMap(i32* %max_in_5), !map !194

]]></Node>
<StgValue><ssdm name="specbitsmap_ln0"/></StgValue>
</operation>

<operation id="14" st_id="1" stage="1" lat="1">
<core>NULL</core>
<MemPortIdVec></MemPortIdVec>
<condition id="-1">
<or_exp><and_exp></and_exp></or_exp>
</condition>

<Node id="38" bw="0" op_0_bw="0" op_1_bw="32">
<![CDATA[
:11  call void (...)* @_ssdm_op_SpecBitsMap(i32* %max_in_4), !map !198

]]></Node>
<StgValue><ssdm name="specbitsmap_ln0"/></StgValue>
</operation>

<operation id="15" st_id="1" stage="1" lat="1">
<core>NULL</core>
<MemPortIdVec></MemPortIdVec>
<condition id="-1">
<or_exp><and_exp></and_exp></or_exp>
</condition>

<Node id="39" bw="0" op_0_bw="0" op_1_bw="32">
<![CDATA[
:12  call void (...)* @_ssdm_op_SpecBitsMap(i32* %max_in_3), !map !202

]]></Node>
<StgValue><ssdm name="specbitsmap_ln0"/></StgValue>
</operation>

<operation id="16" st_id="1" stage="1" lat="1">
<core>NULL</core>
<MemPortIdVec></MemPortIdVec>
<condition id="-1">
<or_exp><and_exp></and_exp></or_exp>
</condition>

<Node id="40" bw="0" op_0_bw="0" op_1_bw="32">
<![CDATA[
:13  call void (...)* @_ssdm_op_SpecBitsMap(i32* %max_in_2), !map !206

]]></Node>
<StgValue><ssdm name="specbitsmap_ln0"/></StgValue>
</operation>

<operation id="17" st_id="1" stage="1" lat="1">
<core>NULL</core>
<MemPortIdVec></MemPortIdVec>
<condition id="-1">
<or_exp><and_exp></and_exp></or_exp>
</condition>

<Node id="41" bw="0" op_0_bw="0" op_1_bw="32">
<![CDATA[
:14  call void (...)* @_ssdm_op_SpecBitsMap(i32* %max_in_1), !map !210

]]></Node>
<StgValue><ssdm name="specbitsmap_ln0"/></StgValue>
</operation>

<operation id="18" st_id="1" stage="1" lat="1">
<core>NULL</core>
<MemPortIdVec></MemPortIdVec>
<condition id="-1">
<or_exp><and_exp></and_exp></or_exp>
</condition>

<Node id="42" bw="0" op_0_bw="0" op_1_bw="32">
<![CDATA[
:15  call void (...)* @_ssdm_op_SpecBitsMap(i32* %max_in_0), !map !214

]]></Node>
<StgValue><ssdm name="specbitsmap_ln0"/></StgValue>
</operation>

<operation id="19" st_id="1" stage="1" lat="1">
<core>NULL</core>
<MemPortIdVec></MemPortIdVec>
<condition id="-1">
<or_exp><and_exp></and_exp></or_exp>
</condition>

<Node id="43" bw="0" op_0_bw="0" op_1_bw="32">
<![CDATA[
:16  call void (...)* @_ssdm_op_SpecBitsMap(i32* %leadone_in_V), !map !218

]]></Node>
<StgValue><ssdm name="specbitsmap_ln0"/></StgValue>
</operation>

<operation id="20" st_id="1" stage="1" lat="1">
<core>NULL</core>
<MemPortIdVec></MemPortIdVec>
<condition id="-1">
<or_exp><and_exp></and_exp></or_exp>
</condition>

<Node id="44" bw="0" op_0_bw="0" op_1_bw="5">
<![CDATA[
:17  call void (...)* @_ssdm_op_SpecBitsMap(i5* %leadone_out_V), !map !224

]]></Node>
<StgValue><ssdm name="specbitsmap_ln0"/></StgValue>
</operation>

<operation id="21" st_id="1" stage="1" lat="1">
<core>NULL</core>
<MemPortIdVec></MemPortIdVec>
<condition id="-1">
<or_exp><and_exp></and_exp></or_exp>
</condition>

<Node id="45" bw="0" op_0_bw="0" op_1_bw="1">
<![CDATA[
:18  call void (...)* @_ssdm_op_SpecBitsMap(i1* %leadone_ret), !map !228

]]></Node>
<StgValue><ssdm name="specbitsmap_ln0"/></StgValue>
</operation>

<operation id="22" st_id="1" stage="1" lat="1">
<core>NULL</core>
<MemPortIdVec></MemPortIdVec>
<condition id="-1">
<or_exp><and_exp></and_exp></or_exp>
</condition>

<Node id="46" bw="0" op_0_bw="0" op_1_bw="8">
<![CDATA[
:19  call void (...)* @_ssdm_op_SpecBitsMap(i8 %mux_sel_onehot_V), !map !232

]]></Node>
<StgValue><ssdm name="specbitsmap_ln0"/></StgValue>
</operation>

<operation id="23" st_id="1" stage="1" lat="1">
<core>NULL</core>
<MemPortIdVec></MemPortIdVec>
<condition id="-1">
<or_exp><and_exp></and_exp></or_exp>
</condition>

<Node id="47" bw="0" op_0_bw="0" op_1_bw="3">
<![CDATA[
:20  call void (...)* @_ssdm_op_SpecBitsMap(i3 %mux_sel0_V), !map !238

]]></Node>
<StgValue><ssdm name="specbitsmap_ln0"/></StgValue>
</operation>

<operation id="24" st_id="1" stage="1" lat="1">
<core>NULL</core>
<MemPortIdVec></MemPortIdVec>
<condition id="-1">
<or_exp><and_exp></and_exp></or_exp>
</condition>

<Node id="48" bw="0" op_0_bw="0" op_1_bw="3">
<![CDATA[
:21  call void (...)* @_ssdm_op_SpecBitsMap(i3 %mux_sel1_V), !map !242

]]></Node>
<StgValue><ssdm name="specbitsmap_ln0"/></StgValue>
</operation>

<operation id="25" st_id="1" stage="1" lat="1">
<core>NULL</core>
<MemPortIdVec></MemPortIdVec>
<condition id="-1">
<or_exp><and_exp></and_exp></or_exp>
</condition>

<Node id="49" bw="0" op_0_bw="0" op_1_bw="1">
<![CDATA[
:22  call void (...)* @_ssdm_op_SpecBitsMap(i1 %mux_s), !map !246

]]></Node>
<StgValue><ssdm name="specbitsmap_ln0"/></StgValue>
</operation>

<operation id="26" st_id="1" stage="1" lat="1">
<core>NULL</core>
<MemPortIdVec></MemPortIdVec>
<condition id="-1">
<or_exp><and_exp></and_exp></or_exp>
</condition>

<Node id="50" bw="0" op_0_bw="0" op_1_bw="8">
<![CDATA[
:23  call void (...)* @_ssdm_op_SpecBitsMap(i8* %mux_ret_V), !map !250

]]></Node>
<StgValue><ssdm name="specbitsmap_ln0"/></StgValue>
</operation>

<operation id="27" st_id="1" stage="1" lat="1">
<core>NULL</core>
<MemPortIdVec></MemPortIdVec>
<condition id="-1">
<or_exp><and_exp></and_exp></or_exp>
</condition>

<Node id="51" bw="0" op_0_bw="0" op_1_bw="32">
<![CDATA[
:24  call void (...)* @_ssdm_op_SpecBitsMap(i32* %max_out), !map !254

]]></Node>
<StgValue><ssdm name="specbitsmap_ln0"/></StgValue>
</operation>

<operation id="28" st_id="1" stage="1" lat="1">
<core>NULL</core>
<MemPortIdVec></MemPortIdVec>
<condition id="-1">
<or_exp><and_exp></and_exp></or_exp>
</condition>

<Node id="52" bw="0" op_0_bw="0" op_1_bw="32">
<![CDATA[
:25  call void (...)* @_ssdm_op_SpecBitsMap(i32 %mode), !map !258

]]></Node>
<StgValue><ssdm name="specbitsmap_ln0"/></StgValue>
</operation>

<operation id="29" st_id="1" stage="1" lat="1">
<core>NULL</core>
<MemPortIdVec></MemPortIdVec>
<condition id="-1">
<or_exp><and_exp></and_exp></or_exp>
</condition>

<Node id="53" bw="0" op_0_bw="0" op_1_bw="0">
<![CDATA[
:26  call void (...)* @_ssdm_op_SpecTopModule([4 x i8]* @top_str) nounwind

]]></Node>
<StgValue><ssdm name="spectopmodule_ln0"/></StgValue>
</operation>

<operation id="30" st_id="1" stage="1" lat="1">
<core>NULL</core>
<MemPortIdVec></MemPortIdVec>
<condition id="-1">
<or_exp><and_exp></and_exp></or_exp>
</condition>

<Node id="54" bw="32" op_0_bw="32" op_1_bw="32">
<![CDATA[
:27  %mode_read = call i32 @_ssdm_op_Read.ap_auto.i32(i32 %mode)

]]></Node>
<StgValue><ssdm name="mode_read"/></StgValue>
</operation>

<operation id="31" st_id="1" stage="1" lat="1">
<core>NULL</core>
<MemPortIdVec></MemPortIdVec>
<condition id="-1">
<or_exp><and_exp></and_exp></or_exp>
</condition>

<Node id="55" bw="1" op_0_bw="1" op_1_bw="1">
<![CDATA[
:28  %mux_s_read = call i1 @_ssdm_op_Read.ap_auto.i1(i1 %mux_s)

]]></Node>
<StgValue><ssdm name="mux_s_read"/></StgValue>
</operation>

<operation id="32" st_id="1" stage="1" lat="1">
<core>NULL</core>
<MemPortIdVec></MemPortIdVec>
<condition id="-1">
<or_exp><and_exp></and_exp></or_exp>
</condition>

<Node id="56" bw="3" op_0_bw="3" op_1_bw="3">
<![CDATA[
:29  %mux_sel1_V_read = call i3 @_ssdm_op_Read.ap_auto.i3(i3 %mux_sel1_V)

]]></Node>
<StgValue><ssdm name="mux_sel1_V_read"/></StgValue>
</operation>

<operation id="33" st_id="1" stage="1" lat="1">
<core>NULL</core>
<MemPortIdVec></MemPortIdVec>
<condition id="-1">
<or_exp><and_exp></and_exp></or_exp>
</condition>

<Node id="57" bw="3" op_0_bw="3" op_1_bw="3">
<![CDATA[
:30  %mux_sel0_V_read = call i3 @_ssdm_op_Read.ap_auto.i3(i3 %mux_sel0_V)

]]></Node>
<StgValue><ssdm name="mux_sel0_V_read"/></StgValue>
</operation>

<operation id="34" st_id="1" stage="1" lat="1">
<core>NULL</core>
<MemPortIdVec></MemPortIdVec>
<condition id="-1">
<or_exp><and_exp></and_exp></or_exp>
</condition>

<Node id="58" bw="8" op_0_bw="8" op_1_bw="8">
<![CDATA[
:31  %mux_sel_onehot_V_rea = call i8 @_ssdm_op_Read.ap_auto.i8(i8 %mux_sel_onehot_V)

]]></Node>
<StgValue><ssdm name="mux_sel_onehot_V_rea"/></StgValue>
</operation>

<operation id="35" st_id="1" stage="1" lat="1">
<core>NULL</core>
<MemPortIdVec></MemPortIdVec>
<condition id="-1">
<or_exp><and_exp></and_exp></or_exp>
</condition>

<Node id="59" bw="32" op_0_bw="32" op_1_bw="32">
<![CDATA[
:32  %leadone_in_V_read = call i32 @_ssdm_op_Read.ap_auto.i32P(i32* %leadone_in_V)

]]></Node>
<StgValue><ssdm name="leadone_in_V_read"/></StgValue>
</operation>

<operation id="36" st_id="1" stage="1" lat="1">
<core>NULL</core>
<MemPortIdVec></MemPortIdVec>
<condition id="-1">
<or_exp><and_exp></and_exp></or_exp>
</condition>

<Node id="60" bw="0" op_0_bw="32" op_1_bw="0" op_2_bw="32" op_3_bw="0" op_4_bw="32" op_5_bw="0" op_6_bw="32" op_7_bw="0" op_8_bw="32" op_9_bw="0" op_10_bw="32" op_11_bw="0" op_12_bw="32" op_13_bw="0" op_14_bw="32" op_15_bw="0" op_16_bw="32" op_17_bw="0" op_18_bw="32" op_19_bw="0" op_20_bw="32" op_21_bw="0" op_22_bw="32" op_23_bw="0">
<![CDATA[
:33  switch i32 %mode_read, label %12 [
    i32 0, label %1
    i32 1, label %2
    i32 2, label %3
    i32 3, label %4
    i32 4, label %5
    i32 5, label %6
    i32 6, label %7
    i32 7, label %8
    i32 8, label %9
    i32 9, label %10
    i32 10, label %11
  ]

]]></Node>
<StgValue><ssdm name="switch_ln18"/></StgValue>
</operation>

<operation id="37" st_id="1" stage="1" lat="1">
<core>NULL</core>
<MemPortIdVec></MemPortIdVec>
<condition id="-1">
<or_exp><and_exp><literal name="mode_read" val="10"/>
</and_exp></or_exp>
</condition>

<Node id="62" bw="32" op_0_bw="32" op_1_bw="32">
<![CDATA[
:0  %max_in_0_read_1 = call i32 @_ssdm_op_Read.ap_auto.i32P(i32* %max_in_0)

]]></Node>
<StgValue><ssdm name="max_in_0_read_1"/></StgValue>
</operation>

<operation id="38" st_id="1" stage="1" lat="1">
<core>NULL</core>
<MemPortIdVec></MemPortIdVec>
<condition id="-1">
<or_exp><and_exp><literal name="mode_read" val="10"/>
</and_exp></or_exp>
</condition>

<Node id="63" bw="32" op_0_bw="32" op_1_bw="32">
<![CDATA[
:1  %max_in_1_read_1 = call i32 @_ssdm_op_Read.ap_auto.i32P(i32* %max_in_1)

]]></Node>
<StgValue><ssdm name="max_in_1_read_1"/></StgValue>
</operation>

<operation id="39" st_id="1" stage="1" lat="1">
<core>NULL</core>
<MemPortIdVec></MemPortIdVec>
<condition id="-1">
<or_exp><and_exp><literal name="mode_read" val="10"/>
</and_exp></or_exp>
</condition>

<Node id="64" bw="32" op_0_bw="32" op_1_bw="32">
<![CDATA[
:2  %max_in_2_read_1 = call i32 @_ssdm_op_Read.ap_auto.i32P(i32* %max_in_2)

]]></Node>
<StgValue><ssdm name="max_in_2_read_1"/></StgValue>
</operation>

<operation id="40" st_id="1" stage="1" lat="1">
<core>NULL</core>
<MemPortIdVec></MemPortIdVec>
<condition id="-1">
<or_exp><and_exp><literal name="mode_read" val="10"/>
</and_exp></or_exp>
</condition>

<Node id="65" bw="32" op_0_bw="32" op_1_bw="32">
<![CDATA[
:3  %max_in_3_read_1 = call i32 @_ssdm_op_Read.ap_auto.i32P(i32* %max_in_3)

]]></Node>
<StgValue><ssdm name="max_in_3_read_1"/></StgValue>
</operation>

<operation id="41" st_id="1" stage="1" lat="1">
<core>NULL</core>
<MemPortIdVec></MemPortIdVec>
<condition id="-1">
<or_exp><and_exp><literal name="mode_read" val="10"/>
</and_exp></or_exp>
</condition>

<Node id="66" bw="32" op_0_bw="32" op_1_bw="32">
<![CDATA[
:4  %max_in_4_read_1 = call i32 @_ssdm_op_Read.ap_auto.i32P(i32* %max_in_4)

]]></Node>
<StgValue><ssdm name="max_in_4_read_1"/></StgValue>
</operation>

<operation id="42" st_id="1" stage="1" lat="1">
<core>NULL</core>
<MemPortIdVec></MemPortIdVec>
<condition id="-1">
<or_exp><and_exp><literal name="mode_read" val="10"/>
</and_exp></or_exp>
</condition>

<Node id="67" bw="32" op_0_bw="32" op_1_bw="32">
<![CDATA[
:5  %max_in_5_read_1 = call i32 @_ssdm_op_Read.ap_auto.i32P(i32* %max_in_5)

]]></Node>
<StgValue><ssdm name="max_in_5_read_1"/></StgValue>
</operation>

<operation id="43" st_id="1" stage="1" lat="1">
<core>NULL</core>
<MemPortIdVec></MemPortIdVec>
<condition id="-1">
<or_exp><and_exp><literal name="mode_read" val="10"/>
</and_exp></or_exp>
</condition>

<Node id="68" bw="32" op_0_bw="32" op_1_bw="32">
<![CDATA[
:6  %max_in_6_read_1 = call i32 @_ssdm_op_Read.ap_auto.i32P(i32* %max_in_6)

]]></Node>
<StgValue><ssdm name="max_in_6_read_1"/></StgValue>
</operation>

<operation id="44" st_id="1" stage="1" lat="1">
<core>NULL</core>
<MemPortIdVec></MemPortIdVec>
<condition id="-1">
<or_exp><and_exp><literal name="mode_read" val="10"/>
</and_exp></or_exp>
</condition>

<Node id="69" bw="32" op_0_bw="32" op_1_bw="32">
<![CDATA[
:7  %max_in_7_read_1 = call i32 @_ssdm_op_Read.ap_auto.i32P(i32* %max_in_7)

]]></Node>
<StgValue><ssdm name="max_in_7_read_1"/></StgValue>
</operation>

<operation id="45" st_id="1" stage="2" lat="2">
<core></core>
<MemPortIdVec></MemPortIdVec>
<condition id="-1">
<or_exp><and_exp><literal name="mode_read" val="10"/>
</and_exp></or_exp>
</condition>

<Node id="70" bw="32" op_0_bw="32" op_1_bw="32" op_2_bw="32" op_3_bw="32" op_4_bw="32" op_5_bw="32" op_6_bw="32" op_7_bw="32" op_8_bw="32">
<![CDATA[
:8  %max_ret = call fastcc i32 @max(i32 %max_in_0_read_1, i32 %max_in_1_read_1, i32 %max_in_2_read_1, i32 %max_in_3_read_1, i32 %max_in_4_read_1, i32 %max_in_5_read_1, i32 %max_in_6_read_1, i32 %max_in_7_read_1)

]]></Node>
<StgValue><ssdm name="max_ret"/></StgValue>
</operation>

<operation id="46" st_id="1" stage="1" lat="1">
<core>NULL</core>
<MemPortIdVec></MemPortIdVec>
<condition id="-1">
<or_exp><and_exp><literal name="mode_read" val="9"/>
</and_exp></or_exp>
</condition>

<Node id="74" bw="8" op_0_bw="8" op_1_bw="8">
<![CDATA[
:0  %mux_in_0_V_read_5 = call i8 @_ssdm_op_Read.ap_auto.i8P(i8* %mux_in_0_V)

]]></Node>
<StgValue><ssdm name="mux_in_0_V_read_5"/></StgValue>
</operation>

<operation id="47" st_id="1" stage="1" lat="1">
<core>NULL</core>
<MemPortIdVec></MemPortIdVec>
<condition id="-1">
<or_exp><and_exp><literal name="mode_read" val="9"/>
</and_exp></or_exp>
</condition>

<Node id="75" bw="8" op_0_bw="8" op_1_bw="8">
<![CDATA[
:1  %mux_in_1_V_read_5 = call i8 @_ssdm_op_Read.ap_auto.i8P(i8* %mux_in_1_V)

]]></Node>
<StgValue><ssdm name="mux_in_1_V_read_5"/></StgValue>
</operation>

<operation id="48" st_id="1" stage="1" lat="1">
<core>NULL</core>
<MemPortIdVec></MemPortIdVec>
<condition id="-1">
<or_exp><and_exp><literal name="mode_read" val="9"/>
</and_exp></or_exp>
</condition>

<Node id="76" bw="8" op_0_bw="8" op_1_bw="8">
<![CDATA[
:2  %mux_in_2_V_read_4 = call i8 @_ssdm_op_Read.ap_auto.i8P(i8* %mux_in_2_V)

]]></Node>
<StgValue><ssdm name="mux_in_2_V_read_4"/></StgValue>
</operation>

<operation id="49" st_id="1" stage="1" lat="1">
<core>NULL</core>
<MemPortIdVec></MemPortIdVec>
<condition id="-1">
<or_exp><and_exp><literal name="mode_read" val="9"/>
</and_exp></or_exp>
</condition>

<Node id="77" bw="8" op_0_bw="8" op_1_bw="8">
<![CDATA[
:3  %mux_in_3_V_read_4 = call i8 @_ssdm_op_Read.ap_auto.i8P(i8* %mux_in_3_V)

]]></Node>
<StgValue><ssdm name="mux_in_3_V_read_4"/></StgValue>
</operation>

<operation id="50" st_id="1" stage="1" lat="1">
<core>NULL</core>
<MemPortIdVec></MemPortIdVec>
<condition id="-1">
<or_exp><and_exp><literal name="mode_read" val="9"/>
</and_exp></or_exp>
</condition>

<Node id="78" bw="8" op_0_bw="8" op_1_bw="8">
<![CDATA[
:4  %mux_in_4_V_read_4 = call i8 @_ssdm_op_Read.ap_auto.i8P(i8* %mux_in_4_V)

]]></Node>
<StgValue><ssdm name="mux_in_4_V_read_4"/></StgValue>
</operation>

<operation id="51" st_id="1" stage="1" lat="1">
<core>NULL</core>
<MemPortIdVec></MemPortIdVec>
<condition id="-1">
<or_exp><and_exp><literal name="mode_read" val="9"/>
</and_exp></or_exp>
</condition>

<Node id="79" bw="8" op_0_bw="8" op_1_bw="8">
<![CDATA[
:5  %mux_in_5_V_read_4 = call i8 @_ssdm_op_Read.ap_auto.i8P(i8* %mux_in_5_V)

]]></Node>
<StgValue><ssdm name="mux_in_5_V_read_4"/></StgValue>
</operation>

<operation id="52" st_id="1" stage="1" lat="1">
<core>NULL</core>
<MemPortIdVec></MemPortIdVec>
<condition id="-1">
<or_exp><and_exp><literal name="mode_read" val="9"/>
</and_exp></or_exp>
</condition>

<Node id="80" bw="8" op_0_bw="8" op_1_bw="8">
<![CDATA[
:6  %mux_in_6_V_read_4 = call i8 @_ssdm_op_Read.ap_auto.i8P(i8* %mux_in_6_V)

]]></Node>
<StgValue><ssdm name="mux_in_6_V_read_4"/></StgValue>
</operation>

<operation id="53" st_id="1" stage="1" lat="1">
<core>NULL</core>
<MemPortIdVec></MemPortIdVec>
<condition id="-1">
<or_exp><and_exp><literal name="mode_read" val="9"/>
</and_exp></or_exp>
</condition>

<Node id="81" bw="8" op_0_bw="8" op_1_bw="8">
<![CDATA[
:7  %mux_in_7_V_read_4 = call i8 @_ssdm_op_Read.ap_auto.i8P(i8* %mux_in_7_V)

]]></Node>
<StgValue><ssdm name="mux_in_7_V_read_4"/></StgValue>
</operation>

<operation id="54" st_id="1" stage="1" lat="1">
<core></core>
<MemPortIdVec></MemPortIdVec>
<condition id="-1">
<or_exp><and_exp><literal name="mode_read" val="9"/>
</and_exp></or_exp>
</condition>

<Node id="82" bw="8" op_0_bw="8" op_1_bw="8" op_2_bw="8" op_3_bw="8" op_4_bw="8" op_5_bw="8" op_6_bw="8" op_7_bw="8" op_8_bw="8" op_9_bw="3" op_10_bw="3" op_11_bw="1">
<![CDATA[
:8  %op2_V_assign_5_s = call fastcc i8 @mux_binary_opt(i8 %mux_in_0_V_read_5, i8 %mux_in_1_V_read_5, i8 %mux_in_2_V_read_4, i8 %mux_in_3_V_read_4, i8 %mux_in_4_V_read_4, i8 %mux_in_5_V_read_4, i8 %mux_in_6_V_read_4, i8 %mux_in_7_V_read_4, i3 %mux_sel0_V_read, i3 %mux_sel1_V_read, i1 %mux_s_read)

]]></Node>
<StgValue><ssdm name="op2_V_assign_5_s"/></StgValue>
</operation>

<operation id="55" st_id="1" stage="1" lat="1">
<core>NULL</core>
<MemPortIdVec></MemPortIdVec>
<condition id="-1">
<or_exp><and_exp><literal name="mode_read" val="9"/>
</and_exp></or_exp>
</condition>

<Node id="83" bw="0" op_0_bw="0" op_1_bw="8" op_2_bw="8">
<![CDATA[
:9  call void @_ssdm_op_Write.ap_auto.i8P(i8* %mux_ret_V, i8 %op2_V_assign_5_s)

]]></Node>
<StgValue><ssdm name="write_ln56"/></StgValue>
</operation>

<operation id="56" st_id="1" stage="1" lat="1">
<core>NULL</core>
<MemPortIdVec></MemPortIdVec>
<condition id="-1">
<or_exp><and_exp><literal name="mode_read" val="9"/>
</and_exp></or_exp>
</condition>

<Node id="84" bw="0" op_0_bw="0">
<![CDATA[
:10  br label %13

]]></Node>
<StgValue><ssdm name="br_ln57"/></StgValue>
</operation>

<operation id="57" st_id="1" stage="1" lat="1">
<core>NULL</core>
<MemPortIdVec></MemPortIdVec>
<condition id="-1">
<or_exp><and_exp><literal name="mode_read" val="8"/>
</and_exp></or_exp>
</condition>

<Node id="86" bw="8" op_0_bw="8" op_1_bw="8">
<![CDATA[
:0  %mux_in_0_V_read_4 = call i8 @_ssdm_op_Read.ap_auto.i8P(i8* %mux_in_0_V)

]]></Node>
<StgValue><ssdm name="mux_in_0_V_read_4"/></StgValue>
</operation>

<operation id="58" st_id="1" stage="1" lat="1">
<core>NULL</core>
<MemPortIdVec></MemPortIdVec>
<condition id="-1">
<or_exp><and_exp><literal name="mode_read" val="8"/>
</and_exp></or_exp>
</condition>

<Node id="87" bw="8" op_0_bw="8" op_1_bw="8">
<![CDATA[
:1  %mux_in_1_V_read_4 = call i8 @_ssdm_op_Read.ap_auto.i8P(i8* %mux_in_1_V)

]]></Node>
<StgValue><ssdm name="mux_in_1_V_read_4"/></StgValue>
</operation>

<operation id="59" st_id="1" stage="1" lat="1">
<core>NULL</core>
<MemPortIdVec></MemPortIdVec>
<condition id="-1">
<or_exp><and_exp><literal name="mode_read" val="8"/>
</and_exp></or_exp>
</condition>

<Node id="88" bw="8" op_0_bw="8" op_1_bw="8">
<![CDATA[
:2  %mux_in_2_V_read_3 = call i8 @_ssdm_op_Read.ap_auto.i8P(i8* %mux_in_2_V)

]]></Node>
<StgValue><ssdm name="mux_in_2_V_read_3"/></StgValue>
</operation>

<operation id="60" st_id="1" stage="1" lat="1">
<core>NULL</core>
<MemPortIdVec></MemPortIdVec>
<condition id="-1">
<or_exp><and_exp><literal name="mode_read" val="8"/>
</and_exp></or_exp>
</condition>

<Node id="89" bw="8" op_0_bw="8" op_1_bw="8">
<![CDATA[
:3  %mux_in_3_V_read_3 = call i8 @_ssdm_op_Read.ap_auto.i8P(i8* %mux_in_3_V)

]]></Node>
<StgValue><ssdm name="mux_in_3_V_read_3"/></StgValue>
</operation>

<operation id="61" st_id="1" stage="1" lat="1">
<core>NULL</core>
<MemPortIdVec></MemPortIdVec>
<condition id="-1">
<or_exp><and_exp><literal name="mode_read" val="8"/>
</and_exp></or_exp>
</condition>

<Node id="90" bw="8" op_0_bw="8" op_1_bw="8">
<![CDATA[
:4  %mux_in_4_V_read_3 = call i8 @_ssdm_op_Read.ap_auto.i8P(i8* %mux_in_4_V)

]]></Node>
<StgValue><ssdm name="mux_in_4_V_read_3"/></StgValue>
</operation>

<operation id="62" st_id="1" stage="1" lat="1">
<core>NULL</core>
<MemPortIdVec></MemPortIdVec>
<condition id="-1">
<or_exp><and_exp><literal name="mode_read" val="8"/>
</and_exp></or_exp>
</condition>

<Node id="91" bw="8" op_0_bw="8" op_1_bw="8">
<![CDATA[
:5  %mux_in_5_V_read_3 = call i8 @_ssdm_op_Read.ap_auto.i8P(i8* %mux_in_5_V)

]]></Node>
<StgValue><ssdm name="mux_in_5_V_read_3"/></StgValue>
</operation>

<operation id="63" st_id="1" stage="1" lat="1">
<core>NULL</core>
<MemPortIdVec></MemPortIdVec>
<condition id="-1">
<or_exp><and_exp><literal name="mode_read" val="8"/>
</and_exp></or_exp>
</condition>

<Node id="92" bw="8" op_0_bw="8" op_1_bw="8">
<![CDATA[
:6  %mux_in_6_V_read_3 = call i8 @_ssdm_op_Read.ap_auto.i8P(i8* %mux_in_6_V)

]]></Node>
<StgValue><ssdm name="mux_in_6_V_read_3"/></StgValue>
</operation>

<operation id="64" st_id="1" stage="1" lat="1">
<core>NULL</core>
<MemPortIdVec></MemPortIdVec>
<condition id="-1">
<or_exp><and_exp><literal name="mode_read" val="8"/>
</and_exp></or_exp>
</condition>

<Node id="93" bw="8" op_0_bw="8" op_1_bw="8">
<![CDATA[
:7  %mux_in_7_V_read_3 = call i8 @_ssdm_op_Read.ap_auto.i8P(i8* %mux_in_7_V)

]]></Node>
<StgValue><ssdm name="mux_in_7_V_read_3"/></StgValue>
</operation>

<operation id="65" st_id="1" stage="1" lat="1">
<core></core>
<MemPortIdVec></MemPortIdVec>
<condition id="-1">
<or_exp><and_exp><literal name="mode_read" val="8"/>
</and_exp></or_exp>
</condition>

<Node id="94" bw="8" op_0_bw="8" op_1_bw="8" op_2_bw="8" op_3_bw="8" op_4_bw="8" op_5_bw="8" op_6_bw="8" op_7_bw="8" op_8_bw="8" op_9_bw="3" op_10_bw="3" op_11_bw="1">
<![CDATA[
:8  %op2_V_assign_4_s = call fastcc i8 @mux_binary2onehot_op(i8 %mux_in_0_V_read_4, i8 %mux_in_1_V_read_4, i8 %mux_in_2_V_read_3, i8 %mux_in_3_V_read_3, i8 %mux_in_4_V_read_3, i8 %mux_in_5_V_read_3, i8 %mux_in_6_V_read_3, i8 %mux_in_7_V_read_3, i3 %mux_sel0_V_read, i3 %mux_sel1_V_read, i1 %mux_s_read)

]]></Node>
<StgValue><ssdm name="op2_V_assign_4_s"/></StgValue>
</operation>

<operation id="66" st_id="1" stage="1" lat="1">
<core>NULL</core>
<MemPortIdVec></MemPortIdVec>
<condition id="-1">
<or_exp><and_exp><literal name="mode_read" val="8"/>
</and_exp></or_exp>
</condition>

<Node id="95" bw="0" op_0_bw="0" op_1_bw="8" op_2_bw="8">
<![CDATA[
:9  call void @_ssdm_op_Write.ap_auto.i8P(i8* %mux_ret_V, i8 %op2_V_assign_4_s)

]]></Node>
<StgValue><ssdm name="write_ln52"/></StgValue>
</operation>

<operation id="67" st_id="1" stage="1" lat="1">
<core>NULL</core>
<MemPortIdVec></MemPortIdVec>
<condition id="-1">
<or_exp><and_exp><literal name="mode_read" val="8"/>
</and_exp></or_exp>
</condition>

<Node id="96" bw="0" op_0_bw="0">
<![CDATA[
:10  br label %13

]]></Node>
<StgValue><ssdm name="br_ln53"/></StgValue>
</operation>

<operation id="68" st_id="1" stage="1" lat="1">
<core>NULL</core>
<MemPortIdVec></MemPortIdVec>
<condition id="-1">
<or_exp><and_exp><literal name="mode_read" val="7"/>
</and_exp></or_exp>
</condition>

<Node id="98" bw="8" op_0_bw="8" op_1_bw="8">
<![CDATA[
:0  %mux_in_0_V_read_3 = call i8 @_ssdm_op_Read.ap_auto.i8P(i8* %mux_in_0_V)

]]></Node>
<StgValue><ssdm name="mux_in_0_V_read_3"/></StgValue>
</operation>

<operation id="69" st_id="1" stage="1" lat="1">
<core>NULL</core>
<MemPortIdVec></MemPortIdVec>
<condition id="-1">
<or_exp><and_exp><literal name="mode_read" val="7"/>
</and_exp></or_exp>
</condition>

<Node id="99" bw="8" op_0_bw="8" op_1_bw="8">
<![CDATA[
:1  %mux_in_1_V_read_3 = call i8 @_ssdm_op_Read.ap_auto.i8P(i8* %mux_in_1_V)

]]></Node>
<StgValue><ssdm name="mux_in_1_V_read_3"/></StgValue>
</operation>

<operation id="70" st_id="1" stage="1" lat="1">
<core>NULL</core>
<MemPortIdVec></MemPortIdVec>
<condition id="-1">
<or_exp><and_exp><literal name="mode_read" val="7"/>
</and_exp></or_exp>
</condition>

<Node id="100" bw="8" op_0_bw="8" op_1_bw="8">
<![CDATA[
:2  %mux_in_2_V_read_2 = call i8 @_ssdm_op_Read.ap_auto.i8P(i8* %mux_in_2_V)

]]></Node>
<StgValue><ssdm name="mux_in_2_V_read_2"/></StgValue>
</operation>

<operation id="71" st_id="1" stage="1" lat="1">
<core>NULL</core>
<MemPortIdVec></MemPortIdVec>
<condition id="-1">
<or_exp><and_exp><literal name="mode_read" val="7"/>
</and_exp></or_exp>
</condition>

<Node id="101" bw="8" op_0_bw="8" op_1_bw="8">
<![CDATA[
:3  %mux_in_3_V_read_2 = call i8 @_ssdm_op_Read.ap_auto.i8P(i8* %mux_in_3_V)

]]></Node>
<StgValue><ssdm name="mux_in_3_V_read_2"/></StgValue>
</operation>

<operation id="72" st_id="1" stage="1" lat="1">
<core>NULL</core>
<MemPortIdVec></MemPortIdVec>
<condition id="-1">
<or_exp><and_exp><literal name="mode_read" val="7"/>
</and_exp></or_exp>
</condition>

<Node id="102" bw="8" op_0_bw="8" op_1_bw="8">
<![CDATA[
:4  %mux_in_4_V_read_2 = call i8 @_ssdm_op_Read.ap_auto.i8P(i8* %mux_in_4_V)

]]></Node>
<StgValue><ssdm name="mux_in_4_V_read_2"/></StgValue>
</operation>

<operation id="73" st_id="1" stage="1" lat="1">
<core>NULL</core>
<MemPortIdVec></MemPortIdVec>
<condition id="-1">
<or_exp><and_exp><literal name="mode_read" val="7"/>
</and_exp></or_exp>
</condition>

<Node id="103" bw="8" op_0_bw="8" op_1_bw="8">
<![CDATA[
:5  %mux_in_5_V_read_2 = call i8 @_ssdm_op_Read.ap_auto.i8P(i8* %mux_in_5_V)

]]></Node>
<StgValue><ssdm name="mux_in_5_V_read_2"/></StgValue>
</operation>

<operation id="74" st_id="1" stage="1" lat="1">
<core>NULL</core>
<MemPortIdVec></MemPortIdVec>
<condition id="-1">
<or_exp><and_exp><literal name="mode_read" val="7"/>
</and_exp></or_exp>
</condition>

<Node id="104" bw="8" op_0_bw="8" op_1_bw="8">
<![CDATA[
:6  %mux_in_6_V_read_2 = call i8 @_ssdm_op_Read.ap_auto.i8P(i8* %mux_in_6_V)

]]></Node>
<StgValue><ssdm name="mux_in_6_V_read_2"/></StgValue>
</operation>

<operation id="75" st_id="1" stage="1" lat="1">
<core>NULL</core>
<MemPortIdVec></MemPortIdVec>
<condition id="-1">
<or_exp><and_exp><literal name="mode_read" val="7"/>
</and_exp></or_exp>
</condition>

<Node id="105" bw="8" op_0_bw="8" op_1_bw="8">
<![CDATA[
:7  %mux_in_7_V_read_2 = call i8 @_ssdm_op_Read.ap_auto.i8P(i8* %mux_in_7_V)

]]></Node>
<StgValue><ssdm name="mux_in_7_V_read_2"/></StgValue>
</operation>

<operation id="76" st_id="1" stage="2" lat="2">
<core></core>
<MemPortIdVec></MemPortIdVec>
<condition id="-1">
<or_exp><and_exp><literal name="mode_read" val="7"/>
</and_exp></or_exp>
</condition>

<Node id="106" bw="8" op_0_bw="8" op_1_bw="8" op_2_bw="8" op_3_bw="8" op_4_bw="8" op_5_bw="8" op_6_bw="8" op_7_bw="8" op_8_bw="8" op_9_bw="8">
<![CDATA[
:8  %op2_V_assign_3_s = call fastcc i8 @mux_onehot_if(i8 %mux_in_0_V_read_3, i8 %mux_in_1_V_read_3, i8 %mux_in_2_V_read_2, i8 %mux_in_3_V_read_2, i8 %mux_in_4_V_read_2, i8 %mux_in_5_V_read_2, i8 %mux_in_6_V_read_2, i8 %mux_in_7_V_read_2, i8 %mux_sel_onehot_V_rea)

]]></Node>
<StgValue><ssdm name="op2_V_assign_3_s"/></StgValue>
</operation>

<operation id="77" st_id="1" stage="1" lat="1">
<core>NULL</core>
<MemPortIdVec></MemPortIdVec>
<condition id="-1">
<or_exp><and_exp><literal name="mode_read" val="6"/>
</and_exp></or_exp>
</condition>

<Node id="110" bw="8" op_0_bw="8" op_1_bw="8">
<![CDATA[
:0  %mux_in_0_V_read_2 = call i8 @_ssdm_op_Read.ap_auto.i8P(i8* %mux_in_0_V)

]]></Node>
<StgValue><ssdm name="mux_in_0_V_read_2"/></StgValue>
</operation>

<operation id="78" st_id="1" stage="1" lat="1">
<core>NULL</core>
<MemPortIdVec></MemPortIdVec>
<condition id="-1">
<or_exp><and_exp><literal name="mode_read" val="6"/>
</and_exp></or_exp>
</condition>

<Node id="111" bw="8" op_0_bw="8" op_1_bw="8">
<![CDATA[
:1  %mux_in_1_V_read_2 = call i8 @_ssdm_op_Read.ap_auto.i8P(i8* %mux_in_1_V)

]]></Node>
<StgValue><ssdm name="mux_in_1_V_read_2"/></StgValue>
</operation>

<operation id="79" st_id="1" stage="1" lat="1">
<core>NULL</core>
<MemPortIdVec></MemPortIdVec>
<condition id="-1">
<or_exp><and_exp><literal name="mode_read" val="6"/>
</and_exp></or_exp>
</condition>

<Node id="112" bw="8" op_0_bw="8" op_1_bw="8">
<![CDATA[
:2  %mux_in_2_V_read_1 = call i8 @_ssdm_op_Read.ap_auto.i8P(i8* %mux_in_2_V)

]]></Node>
<StgValue><ssdm name="mux_in_2_V_read_1"/></StgValue>
</operation>

<operation id="80" st_id="1" stage="1" lat="1">
<core>NULL</core>
<MemPortIdVec></MemPortIdVec>
<condition id="-1">
<or_exp><and_exp><literal name="mode_read" val="6"/>
</and_exp></or_exp>
</condition>

<Node id="113" bw="8" op_0_bw="8" op_1_bw="8">
<![CDATA[
:3  %mux_in_3_V_read_1 = call i8 @_ssdm_op_Read.ap_auto.i8P(i8* %mux_in_3_V)

]]></Node>
<StgValue><ssdm name="mux_in_3_V_read_1"/></StgValue>
</operation>

<operation id="81" st_id="1" stage="1" lat="1">
<core>NULL</core>
<MemPortIdVec></MemPortIdVec>
<condition id="-1">
<or_exp><and_exp><literal name="mode_read" val="6"/>
</and_exp></or_exp>
</condition>

<Node id="114" bw="8" op_0_bw="8" op_1_bw="8">
<![CDATA[
:4  %mux_in_4_V_read_1 = call i8 @_ssdm_op_Read.ap_auto.i8P(i8* %mux_in_4_V)

]]></Node>
<StgValue><ssdm name="mux_in_4_V_read_1"/></StgValue>
</operation>

<operation id="82" st_id="1" stage="1" lat="1">
<core>NULL</core>
<MemPortIdVec></MemPortIdVec>
<condition id="-1">
<or_exp><and_exp><literal name="mode_read" val="6"/>
</and_exp></or_exp>
</condition>

<Node id="115" bw="8" op_0_bw="8" op_1_bw="8">
<![CDATA[
:5  %mux_in_5_V_read_1 = call i8 @_ssdm_op_Read.ap_auto.i8P(i8* %mux_in_5_V)

]]></Node>
<StgValue><ssdm name="mux_in_5_V_read_1"/></StgValue>
</operation>

<operation id="83" st_id="1" stage="1" lat="1">
<core>NULL</core>
<MemPortIdVec></MemPortIdVec>
<condition id="-1">
<or_exp><and_exp><literal name="mode_read" val="6"/>
</and_exp></or_exp>
</condition>

<Node id="116" bw="8" op_0_bw="8" op_1_bw="8">
<![CDATA[
:6  %mux_in_6_V_read_1 = call i8 @_ssdm_op_Read.ap_auto.i8P(i8* %mux_in_6_V)

]]></Node>
<StgValue><ssdm name="mux_in_6_V_read_1"/></StgValue>
</operation>

<operation id="84" st_id="1" stage="1" lat="1">
<core>NULL</core>
<MemPortIdVec></MemPortIdVec>
<condition id="-1">
<or_exp><and_exp><literal name="mode_read" val="6"/>
</and_exp></or_exp>
</condition>

<Node id="117" bw="8" op_0_bw="8" op_1_bw="8">
<![CDATA[
:7  %mux_in_7_V_read_1 = call i8 @_ssdm_op_Read.ap_auto.i8P(i8* %mux_in_7_V)

]]></Node>
<StgValue><ssdm name="mux_in_7_V_read_1"/></StgValue>
</operation>

<operation id="85" st_id="1" stage="1" lat="1">
<core></core>
<MemPortIdVec></MemPortIdVec>
<condition id="-1">
<or_exp><and_exp><literal name="mode_read" val="6"/>
</and_exp></or_exp>
</condition>

<Node id="118" bw="8" op_0_bw="8" op_1_bw="8" op_2_bw="8" op_3_bw="8" op_4_bw="8" op_5_bw="8" op_6_bw="8" op_7_bw="8" op_8_bw="8" op_9_bw="8">
<![CDATA[
:8  %op2_V_assign_2_s = call fastcc i8 @mux_onehot(i8 %mux_in_0_V_read_2, i8 %mux_in_1_V_read_2, i8 %mux_in_2_V_read_1, i8 %mux_in_3_V_read_1, i8 %mux_in_4_V_read_1, i8 %mux_in_5_V_read_1, i8 %mux_in_6_V_read_1, i8 %mux_in_7_V_read_1, i8 %mux_sel_onehot_V_rea)

]]></Node>
<StgValue><ssdm name="op2_V_assign_2_s"/></StgValue>
</operation>

<operation id="86" st_id="1" stage="1" lat="1">
<core>NULL</core>
<MemPortIdVec></MemPortIdVec>
<condition id="-1">
<or_exp><and_exp><literal name="mode_read" val="6"/>
</and_exp></or_exp>
</condition>

<Node id="119" bw="0" op_0_bw="0" op_1_bw="8" op_2_bw="8">
<![CDATA[
:9  call void @_ssdm_op_Write.ap_auto.i8P(i8* %mux_ret_V, i8 %op2_V_assign_2_s)

]]></Node>
<StgValue><ssdm name="write_ln44"/></StgValue>
</operation>

<operation id="87" st_id="1" stage="1" lat="1">
<core>NULL</core>
<MemPortIdVec></MemPortIdVec>
<condition id="-1">
<or_exp><and_exp><literal name="mode_read" val="6"/>
</and_exp></or_exp>
</condition>

<Node id="120" bw="0" op_0_bw="0">
<![CDATA[
:10  br label %13

]]></Node>
<StgValue><ssdm name="br_ln45"/></StgValue>
</operation>

<operation id="88" st_id="1" stage="1" lat="1">
<core>NULL</core>
<MemPortIdVec></MemPortIdVec>
<condition id="-1">
<or_exp><and_exp><literal name="mode_read" val="5"/>
</and_exp></or_exp>
</condition>

<Node id="122" bw="8" op_0_bw="8" op_1_bw="8">
<![CDATA[
:0  %mux_in_0_V_read_1 = call i8 @_ssdm_op_Read.ap_auto.i8P(i8* %mux_in_0_V)

]]></Node>
<StgValue><ssdm name="mux_in_0_V_read_1"/></StgValue>
</operation>

<operation id="89" st_id="1" stage="1" lat="1">
<core>NULL</core>
<MemPortIdVec></MemPortIdVec>
<condition id="-1">
<or_exp><and_exp><literal name="mode_read" val="5"/>
</and_exp></or_exp>
</condition>

<Node id="123" bw="8" op_0_bw="8" op_1_bw="8">
<![CDATA[
:1  %mux_in_1_V_read_1 = call i8 @_ssdm_op_Read.ap_auto.i8P(i8* %mux_in_1_V)

]]></Node>
<StgValue><ssdm name="mux_in_1_V_read_1"/></StgValue>
</operation>

<operation id="90" st_id="1" stage="1" lat="1">
<core>NULL</core>
<MemPortIdVec></MemPortIdVec>
<condition id="-1">
<or_exp><and_exp><literal name="mode_read" val="5"/>
</and_exp></or_exp>
</condition>

<Node id="124" bw="8" op_0_bw="8" op_1_bw="8">
<![CDATA[
:2  %mux_in_2_V_read = call i8 @_ssdm_op_Read.ap_auto.i8P(i8* %mux_in_2_V)

]]></Node>
<StgValue><ssdm name="mux_in_2_V_read"/></StgValue>
</operation>

<operation id="91" st_id="1" stage="1" lat="1">
<core>NULL</core>
<MemPortIdVec></MemPortIdVec>
<condition id="-1">
<or_exp><and_exp><literal name="mode_read" val="5"/>
</and_exp></or_exp>
</condition>

<Node id="125" bw="8" op_0_bw="8" op_1_bw="8">
<![CDATA[
:3  %mux_in_3_V_read = call i8 @_ssdm_op_Read.ap_auto.i8P(i8* %mux_in_3_V)

]]></Node>
<StgValue><ssdm name="mux_in_3_V_read"/></StgValue>
</operation>

<operation id="92" st_id="1" stage="1" lat="1">
<core>NULL</core>
<MemPortIdVec></MemPortIdVec>
<condition id="-1">
<or_exp><and_exp><literal name="mode_read" val="5"/>
</and_exp></or_exp>
</condition>

<Node id="126" bw="8" op_0_bw="8" op_1_bw="8">
<![CDATA[
:4  %mux_in_4_V_read = call i8 @_ssdm_op_Read.ap_auto.i8P(i8* %mux_in_4_V)

]]></Node>
<StgValue><ssdm name="mux_in_4_V_read"/></StgValue>
</operation>

<operation id="93" st_id="1" stage="1" lat="1">
<core>NULL</core>
<MemPortIdVec></MemPortIdVec>
<condition id="-1">
<or_exp><and_exp><literal name="mode_read" val="5"/>
</and_exp></or_exp>
</condition>

<Node id="127" bw="8" op_0_bw="8" op_1_bw="8">
<![CDATA[
:5  %mux_in_5_V_read = call i8 @_ssdm_op_Read.ap_auto.i8P(i8* %mux_in_5_V)

]]></Node>
<StgValue><ssdm name="mux_in_5_V_read"/></StgValue>
</operation>

<operation id="94" st_id="1" stage="1" lat="1">
<core>NULL</core>
<MemPortIdVec></MemPortIdVec>
<condition id="-1">
<or_exp><and_exp><literal name="mode_read" val="5"/>
</and_exp></or_exp>
</condition>

<Node id="128" bw="8" op_0_bw="8" op_1_bw="8">
<![CDATA[
:6  %mux_in_6_V_read = call i8 @_ssdm_op_Read.ap_auto.i8P(i8* %mux_in_6_V)

]]></Node>
<StgValue><ssdm name="mux_in_6_V_read"/></StgValue>
</operation>

<operation id="95" st_id="1" stage="1" lat="1">
<core>NULL</core>
<MemPortIdVec></MemPortIdVec>
<condition id="-1">
<or_exp><and_exp><literal name="mode_read" val="5"/>
</and_exp></or_exp>
</condition>

<Node id="129" bw="8" op_0_bw="8" op_1_bw="8">
<![CDATA[
:7  %mux_in_7_V_read = call i8 @_ssdm_op_Read.ap_auto.i8P(i8* %mux_in_7_V)

]]></Node>
<StgValue><ssdm name="mux_in_7_V_read"/></StgValue>
</operation>

<operation id="96" st_id="1" stage="1" lat="1">
<core></core>
<MemPortIdVec></MemPortIdVec>
<condition id="-1">
<or_exp><and_exp><literal name="mode_read" val="5"/>
</and_exp></or_exp>
</condition>

<Node id="130" bw="8" op_0_bw="8" op_1_bw="8" op_2_bw="8" op_3_bw="8" op_4_bw="8" op_5_bw="8" op_6_bw="8" op_7_bw="8" op_8_bw="8" op_9_bw="3">
<![CDATA[
:8  %op2_V_assign_1_s = call fastcc i8 @mux_binary(i8 %mux_in_0_V_read_1, i8 %mux_in_1_V_read_1, i8 %mux_in_2_V_read, i8 %mux_in_3_V_read, i8 %mux_in_4_V_read, i8 %mux_in_5_V_read, i8 %mux_in_6_V_read, i8 %mux_in_7_V_read, i3 %mux_sel0_V_read)

]]></Node>
<StgValue><ssdm name="op2_V_assign_1_s"/></StgValue>
</operation>

<operation id="97" st_id="1" stage="1" lat="1">
<core>NULL</core>
<MemPortIdVec></MemPortIdVec>
<condition id="-1">
<or_exp><and_exp><literal name="mode_read" val="5"/>
</and_exp></or_exp>
</condition>

<Node id="131" bw="0" op_0_bw="0" op_1_bw="8" op_2_bw="8">
<![CDATA[
:9  call void @_ssdm_op_Write.ap_auto.i8P(i8* %mux_ret_V, i8 %op2_V_assign_1_s)

]]></Node>
<StgValue><ssdm name="write_ln40"/></StgValue>
</operation>

<operation id="98" st_id="1" stage="1" lat="1">
<core>NULL</core>
<MemPortIdVec></MemPortIdVec>
<condition id="-1">
<or_exp><and_exp><literal name="mode_read" val="5"/>
</and_exp></or_exp>
</condition>

<Node id="132" bw="0" op_0_bw="0">
<![CDATA[
:10  br label %13

]]></Node>
<StgValue><ssdm name="br_ln41"/></StgValue>
</operation>

<operation id="99" st_id="1" stage="1" lat="1">
<core>NULL</core>
<MemPortIdVec></MemPortIdVec>
<condition id="-1">
<or_exp><and_exp><literal name="mode_read" val="4"/>
</and_exp></or_exp>
</condition>

<Node id="134" bw="8" op_0_bw="8" op_1_bw="8">
<![CDATA[
:0  %mux_in_0_V_read = call i8 @_ssdm_op_Read.ap_auto.i8P(i8* %mux_in_0_V)

]]></Node>
<StgValue><ssdm name="mux_in_0_V_read"/></StgValue>
</operation>

<operation id="100" st_id="1" stage="1" lat="1">
<core>NULL</core>
<MemPortIdVec></MemPortIdVec>
<condition id="-1">
<or_exp><and_exp><literal name="mode_read" val="4"/>
</and_exp></or_exp>
</condition>

<Node id="135" bw="8" op_0_bw="8" op_1_bw="8">
<![CDATA[
:1  %mux_in_1_V_read = call i8 @_ssdm_op_Read.ap_auto.i8P(i8* %mux_in_1_V)

]]></Node>
<StgValue><ssdm name="mux_in_1_V_read"/></StgValue>
</operation>

<operation id="101" st_id="1" stage="1" lat="1">
<core></core>
<MemPortIdVec></MemPortIdVec>
<condition id="-1">
<or_exp><and_exp><literal name="mode_read" val="4"/>
</and_exp></or_exp>
</condition>

<Node id="136" bw="8" op_0_bw="8" op_1_bw="8" op_2_bw="8" op_3_bw="1">
<![CDATA[
:2  %op2_V_assign_s = call fastcc i8 @mux_2to1(i8 %mux_in_0_V_read, i8 %mux_in_1_V_read, i1 %mux_s_read)

]]></Node>
<StgValue><ssdm name="op2_V_assign_s"/></StgValue>
</operation>

<operation id="102" st_id="1" stage="1" lat="1">
<core>NULL</core>
<MemPortIdVec></MemPortIdVec>
<condition id="-1">
<or_exp><and_exp><literal name="mode_read" val="4"/>
</and_exp></or_exp>
</condition>

<Node id="137" bw="0" op_0_bw="0" op_1_bw="8" op_2_bw="8">
<![CDATA[
:3  call void @_ssdm_op_Write.ap_auto.i8P(i8* %mux_ret_V, i8 %op2_V_assign_s)

]]></Node>
<StgValue><ssdm name="write_ln36"/></StgValue>
</operation>

<operation id="103" st_id="1" stage="1" lat="1">
<core>NULL</core>
<MemPortIdVec></MemPortIdVec>
<condition id="-1">
<or_exp><and_exp><literal name="mode_read" val="4"/>
</and_exp></or_exp>
</condition>

<Node id="138" bw="0" op_0_bw="0">
<![CDATA[
:4  br label %13

]]></Node>
<StgValue><ssdm name="br_ln37"/></StgValue>
</operation>

<operation id="104" st_id="1" stage="1" lat="1">
<core></core>
<MemPortIdVec></MemPortIdVec>
<condition id="-1">
<or_exp><and_exp><literal name="mode_read" val="3"/>
</and_exp></or_exp>
</condition>

<Node id="140" bw="6" op_0_bw="6" op_1_bw="32">
<![CDATA[
:0  %call_ret7 = call fastcc { i1, i5 } @leading_ones_templat(i32 %leadone_in_V_read)

]]></Node>
<StgValue><ssdm name="call_ret7"/></StgValue>
</operation>

<operation id="105" st_id="1" stage="1" lat="1">
<core>NULL</core>
<MemPortIdVec></MemPortIdVec>
<condition id="-1">
<or_exp><and_exp><literal name="mode_read" val="3"/>
</and_exp></or_exp>
</condition>

<Node id="141" bw="1" op_0_bw="6">
<![CDATA[
:1  %tmp_3 = extractvalue { i1, i5 } %call_ret7, 0

]]></Node>
<StgValue><ssdm name="tmp_3"/></StgValue>
</operation>

<operation id="106" st_id="1" stage="1" lat="1">
<core>NULL</core>
<MemPortIdVec></MemPortIdVec>
<condition id="-1">
<or_exp><and_exp><literal name="mode_read" val="3"/>
</and_exp></or_exp>
</condition>

<Node id="142" bw="5" op_0_bw="6">
<![CDATA[
:2  %leadone_out_V_ret5 = extractvalue { i1, i5 } %call_ret7, 1

]]></Node>
<StgValue><ssdm name="leadone_out_V_ret5"/></StgValue>
</operation>

<operation id="107" st_id="1" stage="1" lat="1">
<core>NULL</core>
<MemPortIdVec></MemPortIdVec>
<condition id="-1">
<or_exp><and_exp><literal name="mode_read" val="3"/>
</and_exp></or_exp>
</condition>

<Node id="143" bw="0" op_0_bw="0" op_1_bw="5" op_2_bw="5">
<![CDATA[
:3  call void @_ssdm_op_Write.ap_auto.i5P(i5* %leadone_out_V, i5 %leadone_out_V_ret5)

]]></Node>
<StgValue><ssdm name="write_ln32"/></StgValue>
</operation>

<operation id="108" st_id="1" stage="1" lat="1">
<core>NULL</core>
<MemPortIdVec></MemPortIdVec>
<condition id="-1">
<or_exp><and_exp><literal name="mode_read" val="3"/>
</and_exp></or_exp>
</condition>

<Node id="144" bw="0" op_0_bw="0" op_1_bw="1" op_2_bw="1">
<![CDATA[
:4  call void @_ssdm_op_Write.ap_auto.i1P(i1* %leadone_ret, i1 %tmp_3)

]]></Node>
<StgValue><ssdm name="write_ln32"/></StgValue>
</operation>

<operation id="109" st_id="1" stage="1" lat="1">
<core>NULL</core>
<MemPortIdVec></MemPortIdVec>
<condition id="-1">
<or_exp><and_exp><literal name="mode_read" val="3"/>
</and_exp></or_exp>
</condition>

<Node id="145" bw="0" op_0_bw="0">
<![CDATA[
:5  br label %13

]]></Node>
<StgValue><ssdm name="br_ln33"/></StgValue>
</operation>

<operation id="110" st_id="1" stage="2" lat="2">
<core></core>
<MemPortIdVec></MemPortIdVec>
<condition id="-1">
<or_exp><and_exp><literal name="mode_read" val="2"/>
</and_exp></or_exp>
</condition>

<Node id="147" bw="6" op_0_bw="6" op_1_bw="32">
<![CDATA[
:0  %call_ret = call fastcc { i1, i5 } @leading_ones_log2(i32 %leadone_in_V_read)

]]></Node>
<StgValue><ssdm name="call_ret"/></StgValue>
</operation>

<operation id="111" st_id="1" stage="2" lat="2">
<core></core>
<MemPortIdVec></MemPortIdVec>
<condition id="-1">
<or_exp><and_exp><literal name="mode_read" val="1"/>
</and_exp></or_exp>
</condition>

<Node id="154" bw="6" op_0_bw="6" op_1_bw="32">
<![CDATA[
:0  %call_ret3 = call fastcc { i1, i5 } @leading_ones_brutefo(i32 %leadone_in_V_read)

]]></Node>
<StgValue><ssdm name="call_ret3"/></StgValue>
</operation>

<operation id="112" st_id="1" stage="2" lat="2">
<core></core>
<MemPortIdVec></MemPortIdVec>
<condition id="-1">
<or_exp><and_exp><literal name="mode_read" val="0"/>
</and_exp></or_exp>
</condition>

<Node id="161" bw="6" op_0_bw="6" op_1_bw="32">
<![CDATA[
:0  %call_ret4 = call fastcc { i1, i5 } @leading_ones(i32 %leadone_in_V_read)

]]></Node>
<StgValue><ssdm name="call_ret4"/></StgValue>
</operation>

<operation id="113" st_id="1" stage="1" lat="1">
<core>NULL</core>
<MemPortIdVec></MemPortIdVec>
<condition id="-1">
<or_exp><and_exp><literal name="mode_read" val="!0"/>
<literal name="mode_read" val="!1"/>
<literal name="mode_read" val="!2"/>
<literal name="mode_read" val="!3"/>
<literal name="mode_read" val="!4"/>
<literal name="mode_read" val="!5"/>
<literal name="mode_read" val="!6"/>
<literal name="mode_read" val="!7"/>
<literal name="mode_read" val="!8"/>
<literal name="mode_read" val="!9"/>
<literal name="mode_read" val="!10"/>
</and_exp></or_exp>
</condition>

<Node id="168" bw="32" op_0_bw="32" op_1_bw="32">
<![CDATA[
:0  %max_in_0_read = call i32 @_ssdm_op_Read.ap_auto.i32P(i32* %max_in_0)

]]></Node>
<StgValue><ssdm name="max_in_0_read"/></StgValue>
</operation>

<operation id="114" st_id="1" stage="1" lat="1">
<core>NULL</core>
<MemPortIdVec></MemPortIdVec>
<condition id="-1">
<or_exp><and_exp><literal name="mode_read" val="!0"/>
<literal name="mode_read" val="!1"/>
<literal name="mode_read" val="!2"/>
<literal name="mode_read" val="!3"/>
<literal name="mode_read" val="!4"/>
<literal name="mode_read" val="!5"/>
<literal name="mode_read" val="!6"/>
<literal name="mode_read" val="!7"/>
<literal name="mode_read" val="!8"/>
<literal name="mode_read" val="!9"/>
<literal name="mode_read" val="!10"/>
</and_exp></or_exp>
</condition>

<Node id="169" bw="32" op_0_bw="32" op_1_bw="32">
<![CDATA[
:1  %max_in_1_read = call i32 @_ssdm_op_Read.ap_auto.i32P(i32* %max_in_1)

]]></Node>
<StgValue><ssdm name="max_in_1_read"/></StgValue>
</operation>

<operation id="115" st_id="1" stage="1" lat="1">
<core>NULL</core>
<MemPortIdVec></MemPortIdVec>
<condition id="-1">
<or_exp><and_exp><literal name="mode_read" val="!0"/>
<literal name="mode_read" val="!1"/>
<literal name="mode_read" val="!2"/>
<literal name="mode_read" val="!3"/>
<literal name="mode_read" val="!4"/>
<literal name="mode_read" val="!5"/>
<literal name="mode_read" val="!6"/>
<literal name="mode_read" val="!7"/>
<literal name="mode_read" val="!8"/>
<literal name="mode_read" val="!9"/>
<literal name="mode_read" val="!10"/>
</and_exp></or_exp>
</condition>

<Node id="170" bw="32" op_0_bw="32" op_1_bw="32">
<![CDATA[
:2  %max_in_2_read = call i32 @_ssdm_op_Read.ap_auto.i32P(i32* %max_in_2)

]]></Node>
<StgValue><ssdm name="max_in_2_read"/></StgValue>
</operation>

<operation id="116" st_id="1" stage="1" lat="1">
<core>NULL</core>
<MemPortIdVec></MemPortIdVec>
<condition id="-1">
<or_exp><and_exp><literal name="mode_read" val="!0"/>
<literal name="mode_read" val="!1"/>
<literal name="mode_read" val="!2"/>
<literal name="mode_read" val="!3"/>
<literal name="mode_read" val="!4"/>
<literal name="mode_read" val="!5"/>
<literal name="mode_read" val="!6"/>
<literal name="mode_read" val="!7"/>
<literal name="mode_read" val="!8"/>
<literal name="mode_read" val="!9"/>
<literal name="mode_read" val="!10"/>
</and_exp></or_exp>
</condition>

<Node id="171" bw="32" op_0_bw="32" op_1_bw="32">
<![CDATA[
:3  %max_in_3_read = call i32 @_ssdm_op_Read.ap_auto.i32P(i32* %max_in_3)

]]></Node>
<StgValue><ssdm name="max_in_3_read"/></StgValue>
</operation>

<operation id="117" st_id="1" stage="1" lat="1">
<core>NULL</core>
<MemPortIdVec></MemPortIdVec>
<condition id="-1">
<or_exp><and_exp><literal name="mode_read" val="!0"/>
<literal name="mode_read" val="!1"/>
<literal name="mode_read" val="!2"/>
<literal name="mode_read" val="!3"/>
<literal name="mode_read" val="!4"/>
<literal name="mode_read" val="!5"/>
<literal name="mode_read" val="!6"/>
<literal name="mode_read" val="!7"/>
<literal name="mode_read" val="!8"/>
<literal name="mode_read" val="!9"/>
<literal name="mode_read" val="!10"/>
</and_exp></or_exp>
</condition>

<Node id="172" bw="32" op_0_bw="32" op_1_bw="32">
<![CDATA[
:4  %max_in_4_read = call i32 @_ssdm_op_Read.ap_auto.i32P(i32* %max_in_4)

]]></Node>
<StgValue><ssdm name="max_in_4_read"/></StgValue>
</operation>

<operation id="118" st_id="1" stage="1" lat="1">
<core>NULL</core>
<MemPortIdVec></MemPortIdVec>
<condition id="-1">
<or_exp><and_exp><literal name="mode_read" val="!0"/>
<literal name="mode_read" val="!1"/>
<literal name="mode_read" val="!2"/>
<literal name="mode_read" val="!3"/>
<literal name="mode_read" val="!4"/>
<literal name="mode_read" val="!5"/>
<literal name="mode_read" val="!6"/>
<literal name="mode_read" val="!7"/>
<literal name="mode_read" val="!8"/>
<literal name="mode_read" val="!9"/>
<literal name="mode_read" val="!10"/>
</and_exp></or_exp>
</condition>

<Node id="173" bw="32" op_0_bw="32" op_1_bw="32">
<![CDATA[
:5  %max_in_5_read = call i32 @_ssdm_op_Read.ap_auto.i32P(i32* %max_in_5)

]]></Node>
<StgValue><ssdm name="max_in_5_read"/></StgValue>
</operation>

<operation id="119" st_id="1" stage="1" lat="1">
<core>NULL</core>
<MemPortIdVec></MemPortIdVec>
<condition id="-1">
<or_exp><and_exp><literal name="mode_read" val="!0"/>
<literal name="mode_read" val="!1"/>
<literal name="mode_read" val="!2"/>
<literal name="mode_read" val="!3"/>
<literal name="mode_read" val="!4"/>
<literal name="mode_read" val="!5"/>
<literal name="mode_read" val="!6"/>
<literal name="mode_read" val="!7"/>
<literal name="mode_read" val="!8"/>
<literal name="mode_read" val="!9"/>
<literal name="mode_read" val="!10"/>
</and_exp></or_exp>
</condition>

<Node id="174" bw="32" op_0_bw="32" op_1_bw="32">
<![CDATA[
:6  %max_in_6_read = call i32 @_ssdm_op_Read.ap_auto.i32P(i32* %max_in_6)

]]></Node>
<StgValue><ssdm name="max_in_6_read"/></StgValue>
</operation>

<operation id="120" st_id="1" stage="1" lat="1">
<core>NULL</core>
<MemPortIdVec></MemPortIdVec>
<condition id="-1">
<or_exp><and_exp><literal name="mode_read" val="!0"/>
<literal name="mode_read" val="!1"/>
<literal name="mode_read" val="!2"/>
<literal name="mode_read" val="!3"/>
<literal name="mode_read" val="!4"/>
<literal name="mode_read" val="!5"/>
<literal name="mode_read" val="!6"/>
<literal name="mode_read" val="!7"/>
<literal name="mode_read" val="!8"/>
<literal name="mode_read" val="!9"/>
<literal name="mode_read" val="!10"/>
</and_exp></or_exp>
</condition>

<Node id="175" bw="32" op_0_bw="32" op_1_bw="32">
<![CDATA[
:7  %max_in_7_read = call i32 @_ssdm_op_Read.ap_auto.i32P(i32* %max_in_7)

]]></Node>
<StgValue><ssdm name="max_in_7_read"/></StgValue>
</operation>

<operation id="121" st_id="1" stage="2" lat="2">
<core></core>
<MemPortIdVec></MemPortIdVec>
<condition id="-1">
<or_exp><and_exp><literal name="mode_read" val="!0"/>
<literal name="mode_read" val="!1"/>
<literal name="mode_read" val="!2"/>
<literal name="mode_read" val="!3"/>
<literal name="mode_read" val="!4"/>
<literal name="mode_read" val="!5"/>
<literal name="mode_read" val="!6"/>
<literal name="mode_read" val="!7"/>
<literal name="mode_read" val="!8"/>
<literal name="mode_read" val="!9"/>
<literal name="mode_read" val="!10"/>
</and_exp></or_exp>
</condition>

<Node id="176" bw="32" op_0_bw="32" op_1_bw="32" op_2_bw="32" op_3_bw="32" op_4_bw="32" op_5_bw="32" op_6_bw="32" op_7_bw="32" op_8_bw="32">
<![CDATA[
:8  %call_ret1 = call fastcc i32 @max_algorithmic(i32 %max_in_0_read, i32 %max_in_1_read, i32 %max_in_2_read, i32 %max_in_3_read, i32 %max_in_4_read, i32 %max_in_5_read, i32 %max_in_6_read, i32 %max_in_7_read)

]]></Node>
<StgValue><ssdm name="call_ret1"/></StgValue>
</operation>
</state>

<state id="2" st_id="2">

<operation id="122" st_id="2" stage="1" lat="2">
<core></core>
<MemPortIdVec></MemPortIdVec>
<condition id="-1">
<or_exp><and_exp><literal name="mode_read" val="10"/>
</and_exp></or_exp>
</condition>

<Node id="70" bw="32" op_0_bw="32" op_1_bw="32" op_2_bw="32" op_3_bw="32" op_4_bw="32" op_5_bw="32" op_6_bw="32" op_7_bw="32" op_8_bw="32">
<![CDATA[
:8  %max_ret = call fastcc i32 @max(i32 %max_in_0_read_1, i32 %max_in_1_read_1, i32 %max_in_2_read_1, i32 %max_in_3_read_1, i32 %max_in_4_read_1, i32 %max_in_5_read_1, i32 %max_in_6_read_1, i32 %max_in_7_read_1)

]]></Node>
<StgValue><ssdm name="max_ret"/></StgValue>
</operation>

<operation id="123" st_id="2" stage="1" lat="1">
<core>NULL</core>
<MemPortIdVec></MemPortIdVec>
<condition id="-1">
<or_exp><and_exp><literal name="mode_read" val="10"/>
</and_exp></or_exp>
</condition>

<Node id="71" bw="0" op_0_bw="0" op_1_bw="32" op_2_bw="32">
<![CDATA[
:9  call void @_ssdm_op_Write.ap_auto.i32P(i32* %max_out, i32 %max_ret)

]]></Node>
<StgValue><ssdm name="write_ln60"/></StgValue>
</operation>

<operation id="124" st_id="2" stage="1" lat="1">
<core>NULL</core>
<MemPortIdVec></MemPortIdVec>
<condition id="-1">
<or_exp><and_exp><literal name="mode_read" val="10"/>
</and_exp></or_exp>
</condition>

<Node id="72" bw="0" op_0_bw="0">
<![CDATA[
:10  br label %13

]]></Node>
<StgValue><ssdm name="br_ln61"/></StgValue>
</operation>

<operation id="125" st_id="2" stage="1" lat="2">
<core></core>
<MemPortIdVec></MemPortIdVec>
<condition id="-1">
<or_exp><and_exp><literal name="mode_read" val="7"/>
</and_exp></or_exp>
</condition>

<Node id="106" bw="8" op_0_bw="8" op_1_bw="8" op_2_bw="8" op_3_bw="8" op_4_bw="8" op_5_bw="8" op_6_bw="8" op_7_bw="8" op_8_bw="8" op_9_bw="8">
<![CDATA[
:8  %op2_V_assign_3_s = call fastcc i8 @mux_onehot_if(i8 %mux_in_0_V_read_3, i8 %mux_in_1_V_read_3, i8 %mux_in_2_V_read_2, i8 %mux_in_3_V_read_2, i8 %mux_in_4_V_read_2, i8 %mux_in_5_V_read_2, i8 %mux_in_6_V_read_2, i8 %mux_in_7_V_read_2, i8 %mux_sel_onehot_V_rea)

]]></Node>
<StgValue><ssdm name="op2_V_assign_3_s"/></StgValue>
</operation>

<operation id="126" st_id="2" stage="1" lat="1">
<core>NULL</core>
<MemPortIdVec></MemPortIdVec>
<condition id="-1">
<or_exp><and_exp><literal name="mode_read" val="7"/>
</and_exp></or_exp>
</condition>

<Node id="107" bw="0" op_0_bw="0" op_1_bw="8" op_2_bw="8">
<![CDATA[
:9  call void @_ssdm_op_Write.ap_auto.i8P(i8* %mux_ret_V, i8 %op2_V_assign_3_s)

]]></Node>
<StgValue><ssdm name="write_ln48"/></StgValue>
</operation>

<operation id="127" st_id="2" stage="1" lat="1">
<core>NULL</core>
<MemPortIdVec></MemPortIdVec>
<condition id="-1">
<or_exp><and_exp><literal name="mode_read" val="7"/>
</and_exp></or_exp>
</condition>

<Node id="108" bw="0" op_0_bw="0">
<![CDATA[
:10  br label %13

]]></Node>
<StgValue><ssdm name="br_ln49"/></StgValue>
</operation>

<operation id="128" st_id="2" stage="1" lat="2">
<core></core>
<MemPortIdVec></MemPortIdVec>
<condition id="-1">
<or_exp><and_exp><literal name="mode_read" val="2"/>
</and_exp></or_exp>
</condition>

<Node id="147" bw="6" op_0_bw="6" op_1_bw="32">
<![CDATA[
:0  %call_ret = call fastcc { i1, i5 } @leading_ones_log2(i32 %leadone_in_V_read)

]]></Node>
<StgValue><ssdm name="call_ret"/></StgValue>
</operation>

<operation id="129" st_id="2" stage="1" lat="1">
<core>NULL</core>
<MemPortIdVec></MemPortIdVec>
<condition id="-1">
<or_exp><and_exp><literal name="mode_read" val="2"/>
</and_exp></or_exp>
</condition>

<Node id="148" bw="1" op_0_bw="6">
<![CDATA[
:1  %tmp_2 = extractvalue { i1, i5 } %call_ret, 0

]]></Node>
<StgValue><ssdm name="tmp_2"/></StgValue>
</operation>

<operation id="130" st_id="2" stage="1" lat="1">
<core>NULL</core>
<MemPortIdVec></MemPortIdVec>
<condition id="-1">
<or_exp><and_exp><literal name="mode_read" val="2"/>
</and_exp></or_exp>
</condition>

<Node id="149" bw="5" op_0_bw="6">
<![CDATA[
:2  %leadone_out_V_ret = extractvalue { i1, i5 } %call_ret, 1

]]></Node>
<StgValue><ssdm name="leadone_out_V_ret"/></StgValue>
</operation>

<operation id="131" st_id="2" stage="1" lat="1">
<core>NULL</core>
<MemPortIdVec></MemPortIdVec>
<condition id="-1">
<or_exp><and_exp><literal name="mode_read" val="2"/>
</and_exp></or_exp>
</condition>

<Node id="150" bw="0" op_0_bw="0" op_1_bw="5" op_2_bw="5">
<![CDATA[
:3  call void @_ssdm_op_Write.ap_auto.i5P(i5* %leadone_out_V, i5 %leadone_out_V_ret)

]]></Node>
<StgValue><ssdm name="write_ln28"/></StgValue>
</operation>

<operation id="132" st_id="2" stage="1" lat="1">
<core>NULL</core>
<MemPortIdVec></MemPortIdVec>
<condition id="-1">
<or_exp><and_exp><literal name="mode_read" val="2"/>
</and_exp></or_exp>
</condition>

<Node id="151" bw="0" op_0_bw="0" op_1_bw="1" op_2_bw="1">
<![CDATA[
:4  call void @_ssdm_op_Write.ap_auto.i1P(i1* %leadone_ret, i1 %tmp_2)

]]></Node>
<StgValue><ssdm name="write_ln28"/></StgValue>
</operation>

<operation id="133" st_id="2" stage="1" lat="1">
<core>NULL</core>
<MemPortIdVec></MemPortIdVec>
<condition id="-1">
<or_exp><and_exp><literal name="mode_read" val="2"/>
</and_exp></or_exp>
</condition>

<Node id="152" bw="0" op_0_bw="0">
<![CDATA[
:5  br label %13

]]></Node>
<StgValue><ssdm name="br_ln29"/></StgValue>
</operation>

<operation id="134" st_id="2" stage="1" lat="2">
<core></core>
<MemPortIdVec></MemPortIdVec>
<condition id="-1">
<or_exp><and_exp><literal name="mode_read" val="1"/>
</and_exp></or_exp>
</condition>

<Node id="154" bw="6" op_0_bw="6" op_1_bw="32">
<![CDATA[
:0  %call_ret3 = call fastcc { i1, i5 } @leading_ones_brutefo(i32 %leadone_in_V_read)

]]></Node>
<StgValue><ssdm name="call_ret3"/></StgValue>
</operation>

<operation id="135" st_id="2" stage="1" lat="1">
<core>NULL</core>
<MemPortIdVec></MemPortIdVec>
<condition id="-1">
<or_exp><and_exp><literal name="mode_read" val="1"/>
</and_exp></or_exp>
</condition>

<Node id="155" bw="1" op_0_bw="6">
<![CDATA[
:1  %tmp_1 = extractvalue { i1, i5 } %call_ret3, 0

]]></Node>
<StgValue><ssdm name="tmp_1"/></StgValue>
</operation>

<operation id="136" st_id="2" stage="1" lat="1">
<core>NULL</core>
<MemPortIdVec></MemPortIdVec>
<condition id="-1">
<or_exp><and_exp><literal name="mode_read" val="1"/>
</and_exp></or_exp>
</condition>

<Node id="156" bw="5" op_0_bw="6">
<![CDATA[
:2  %leadone_out_V_ret2 = extractvalue { i1, i5 } %call_ret3, 1

]]></Node>
<StgValue><ssdm name="leadone_out_V_ret2"/></StgValue>
</operation>

<operation id="137" st_id="2" stage="1" lat="1">
<core>NULL</core>
<MemPortIdVec></MemPortIdVec>
<condition id="-1">
<or_exp><and_exp><literal name="mode_read" val="1"/>
</and_exp></or_exp>
</condition>

<Node id="157" bw="0" op_0_bw="0" op_1_bw="5" op_2_bw="5">
<![CDATA[
:3  call void @_ssdm_op_Write.ap_auto.i5P(i5* %leadone_out_V, i5 %leadone_out_V_ret2)

]]></Node>
<StgValue><ssdm name="write_ln24"/></StgValue>
</operation>

<operation id="138" st_id="2" stage="1" lat="1">
<core>NULL</core>
<MemPortIdVec></MemPortIdVec>
<condition id="-1">
<or_exp><and_exp><literal name="mode_read" val="1"/>
</and_exp></or_exp>
</condition>

<Node id="158" bw="0" op_0_bw="0" op_1_bw="1" op_2_bw="1">
<![CDATA[
:4  call void @_ssdm_op_Write.ap_auto.i1P(i1* %leadone_ret, i1 %tmp_1)

]]></Node>
<StgValue><ssdm name="write_ln24"/></StgValue>
</operation>

<operation id="139" st_id="2" stage="1" lat="1">
<core>NULL</core>
<MemPortIdVec></MemPortIdVec>
<condition id="-1">
<or_exp><and_exp><literal name="mode_read" val="1"/>
</and_exp></or_exp>
</condition>

<Node id="159" bw="0" op_0_bw="0">
<![CDATA[
:5  br label %13

]]></Node>
<StgValue><ssdm name="br_ln25"/></StgValue>
</operation>

<operation id="140" st_id="2" stage="1" lat="2">
<core></core>
<MemPortIdVec></MemPortIdVec>
<condition id="-1">
<or_exp><and_exp><literal name="mode_read" val="0"/>
</and_exp></or_exp>
</condition>

<Node id="161" bw="6" op_0_bw="6" op_1_bw="32">
<![CDATA[
:0  %call_ret4 = call fastcc { i1, i5 } @leading_ones(i32 %leadone_in_V_read)

]]></Node>
<StgValue><ssdm name="call_ret4"/></StgValue>
</operation>

<operation id="141" st_id="2" stage="1" lat="1">
<core>NULL</core>
<MemPortIdVec></MemPortIdVec>
<condition id="-1">
<or_exp><and_exp><literal name="mode_read" val="0"/>
</and_exp></or_exp>
</condition>

<Node id="162" bw="1" op_0_bw="6">
<![CDATA[
:1  %tmp = extractvalue { i1, i5 } %call_ret4, 0

]]></Node>
<StgValue><ssdm name="tmp"/></StgValue>
</operation>

<operation id="142" st_id="2" stage="1" lat="1">
<core>NULL</core>
<MemPortIdVec></MemPortIdVec>
<condition id="-1">
<or_exp><and_exp><literal name="mode_read" val="0"/>
</and_exp></or_exp>
</condition>

<Node id="163" bw="5" op_0_bw="6">
<![CDATA[
:2  %leadone_out_V_ret4 = extractvalue { i1, i5 } %call_ret4, 1

]]></Node>
<StgValue><ssdm name="leadone_out_V_ret4"/></StgValue>
</operation>

<operation id="143" st_id="2" stage="1" lat="1">
<core>NULL</core>
<MemPortIdVec></MemPortIdVec>
<condition id="-1">
<or_exp><and_exp><literal name="mode_read" val="0"/>
</and_exp></or_exp>
</condition>

<Node id="164" bw="0" op_0_bw="0" op_1_bw="5" op_2_bw="5">
<![CDATA[
:3  call void @_ssdm_op_Write.ap_auto.i5P(i5* %leadone_out_V, i5 %leadone_out_V_ret4)

]]></Node>
<StgValue><ssdm name="write_ln20"/></StgValue>
</operation>

<operation id="144" st_id="2" stage="1" lat="1">
<core>NULL</core>
<MemPortIdVec></MemPortIdVec>
<condition id="-1">
<or_exp><and_exp><literal name="mode_read" val="0"/>
</and_exp></or_exp>
</condition>

<Node id="165" bw="0" op_0_bw="0" op_1_bw="1" op_2_bw="1">
<![CDATA[
:4  call void @_ssdm_op_Write.ap_auto.i1P(i1* %leadone_ret, i1 %tmp)

]]></Node>
<StgValue><ssdm name="write_ln20"/></StgValue>
</operation>

<operation id="145" st_id="2" stage="1" lat="1">
<core>NULL</core>
<MemPortIdVec></MemPortIdVec>
<condition id="-1">
<or_exp><and_exp><literal name="mode_read" val="0"/>
</and_exp></or_exp>
</condition>

<Node id="166" bw="0" op_0_bw="0">
<![CDATA[
:5  br label %13

]]></Node>
<StgValue><ssdm name="br_ln21"/></StgValue>
</operation>

<operation id="146" st_id="2" stage="1" lat="2">
<core></core>
<MemPortIdVec></MemPortIdVec>
<condition id="-1">
<or_exp><and_exp><literal name="mode_read" val="!0"/>
<literal name="mode_read" val="!1"/>
<literal name="mode_read" val="!2"/>
<literal name="mode_read" val="!3"/>
<literal name="mode_read" val="!4"/>
<literal name="mode_read" val="!5"/>
<literal name="mode_read" val="!6"/>
<literal name="mode_read" val="!7"/>
<literal name="mode_read" val="!8"/>
<literal name="mode_read" val="!9"/>
<literal name="mode_read" val="!10"/>
</and_exp></or_exp>
</condition>

<Node id="176" bw="32" op_0_bw="32" op_1_bw="32" op_2_bw="32" op_3_bw="32" op_4_bw="32" op_5_bw="32" op_6_bw="32" op_7_bw="32" op_8_bw="32">
<![CDATA[
:8  %call_ret1 = call fastcc i32 @max_algorithmic(i32 %max_in_0_read, i32 %max_in_1_read, i32 %max_in_2_read, i32 %max_in_3_read, i32 %max_in_4_read, i32 %max_in_5_read, i32 %max_in_6_read, i32 %max_in_7_read)

]]></Node>
<StgValue><ssdm name="call_ret1"/></StgValue>
</operation>

<operation id="147" st_id="2" stage="1" lat="1">
<core>NULL</core>
<MemPortIdVec></MemPortIdVec>
<condition id="-1">
<or_exp><and_exp><literal name="mode_read" val="!0"/>
<literal name="mode_read" val="!1"/>
<literal name="mode_read" val="!2"/>
<literal name="mode_read" val="!3"/>
<literal name="mode_read" val="!4"/>
<literal name="mode_read" val="!5"/>
<literal name="mode_read" val="!6"/>
<literal name="mode_read" val="!7"/>
<literal name="mode_read" val="!8"/>
<literal name="mode_read" val="!9"/>
<literal name="mode_read" val="!10"/>
</and_exp></or_exp>
</condition>

<Node id="177" bw="0" op_0_bw="0" op_1_bw="32" op_2_bw="32">
<![CDATA[
:9  call void @_ssdm_op_Write.ap_auto.i32P(i32* %max_out, i32 %call_ret1)

]]></Node>
<StgValue><ssdm name="write_ln64"/></StgValue>
</operation>

<operation id="148" st_id="2" stage="1" lat="1">
<core>NULL</core>
<MemPortIdVec></MemPortIdVec>
<condition id="-1">
<or_exp><and_exp><literal name="mode_read" val="!0"/>
<literal name="mode_read" val="!1"/>
<literal name="mode_read" val="!2"/>
<literal name="mode_read" val="!3"/>
<literal name="mode_read" val="!4"/>
<literal name="mode_read" val="!5"/>
<literal name="mode_read" val="!6"/>
<literal name="mode_read" val="!7"/>
<literal name="mode_read" val="!8"/>
<literal name="mode_read" val="!9"/>
<literal name="mode_read" val="!10"/>
</and_exp></or_exp>
</condition>

<Node id="178" bw="0" op_0_bw="0">
<![CDATA[
:10  br label %13

]]></Node>
<StgValue><ssdm name="br_ln65"/></StgValue>
</operation>

<operation id="149" st_id="2" stage="1" lat="1">
<core>NULL</core>
<MemPortIdVec></MemPortIdVec>
<condition id="-1">
<or_exp><and_exp></and_exp></or_exp>
</condition>

<Node id="180" bw="0">
<![CDATA[
:0  ret void

]]></Node>
<StgValue><ssdm name="ret_ln67"/></StgValue>
</operation>
</state>
</state_list>


<ports>
</ports>


<dataflows>
</dataflows>


</stg>
