{
  "Top": "top",
  "RtlTop": "top",
  "RtlPrefix": "",
  "SourceLanguage": "cpp",
  "ResetStyle": "control",
  "GenerateBdFiles": "0",
  "HostMachineBits": "64",
  "Target": {
    "Family": "zynq",
    "Device": "xc7z020",
    "Package": "-clg400",
    "Speed": "-1"
  },
  "HlsSolution": {"Config": [
      "config_export -format=ip_catalog",
      "config_export -rtl=verilog"
    ]},
  "Args": {
    "leadone_in": {
      "index": "0",
      "type": {
        "dataType": "ap_uint",
        "dataWidth": "32",
        "interfaceRef": "leadone_in_V"
      }
    },
    "leadone_out": {
      "index": "1",
      "type": {
        "dataType": "ap_uint",
        "dataWidth": "5",
        "interfaceRef": "leadone_out_V"
      }
    },
    "leadone_ret": {
      "index": "2",
      "type": {
        "dataType": "bool",
        "dataWidth": "1",
        "interfaceRef": "leadone_ret"
      }
    },
    "mux_in": {
      "index": "3",
      "type": {
        "kinds": ["array"],
        "dataType": "ap_int",
        "arraySizes": ["8"]
      }
    },
    "mux_sel_onehot": {
      "index": "4",
      "type": {
        "dataType": "ap_uint",
        "dataWidth": "8",
        "interfaceRef": "mux_sel_onehot_V"
      }
    },
    "mux_sel0": {
      "index": "5",
      "type": {
        "dataType": "ap_uint",
        "dataWidth": "3",
        "interfaceRef": "mux_sel0_V"
      }
    },
    "mux_sel1": {
      "index": "6",
      "type": {
        "dataType": "ap_uint",
        "dataWidth": "3",
        "interfaceRef": "mux_sel1_V"
      }
    },
    "mux_s": {
      "index": "7",
      "type": {
        "dataType": "bool",
        "dataWidth": "1",
        "interfaceRef": "mux_s"
      }
    },
    "mux_ret": {
      "index": "8",
      "type": {
        "dataType": "ap_int",
        "dataWidth": "8",
        "interfaceRef": "mux_ret_V"
      }
    },
    "max_in": {
      "index": "9",
      "type": {
        "kinds": ["array"],
        "dataType": "int",
        "dataWidth": "32",
        "arraySizes": ["8"]
      }
    },
    "max_out": {
      "index": "10",
      "type": {
        "dataType": "int",
        "dataWidth": "32",
        "interfaceRef": "max_out"
      }
    },
    "mode": {
      "index": "11",
      "type": {
        "dataType": "int",
        "dataWidth": "32",
        "interfaceRef": "mode"
      }
    }
  },
  "Return": {
    
  },
  "ClockInfo": {
    "ClockName": "ap_clk",
    "ClockPeriod": "10",
    "IsCombLogic": "0",
    "II": "x",
    "Latency": "1",
    "Uncertainty": "1.25"
  },
  "Xdc": {"OocClocks": ["create_clock -name ap_clk -period 10.000 [get_ports ap_clk]"]},
  "Ipx": {
    "Vendor": "xilinx.com",
    "Library": "hls",
    "Name": "top",
    "Version": "1.0",
    "DisplayName": "Top",
    "Revision": "",
    "Description": "An IP generated by Vivado HLS",
    "Taxonomy": "\/VIVADO_HLS_IP",
    "AutoFamilySupport": ""
  },
  "Files": {
    "CSource": [
      "..\/leading_ones.cpp",
      "..\/leading_ones_bruteforce.cpp",
      "..\/leading_ones_log2.cpp",
      "..\/leading_ones_template.cpp",
      "..\/max.cpp",
      "..\/max_algorithmic.cpp",
      "..\/mux_2to1.cpp",
      "..\/mux_binary.cpp",
      "..\/mux_binary2onehot_opt.cpp",
      "..\/mux_binary_opt.cpp",
      "..\/mux_onehot.cpp",
      "..\/mux_onehot_if.cpp",
      "..\/top.cpp"
    ],
    "Vhdl": [
      "impl\/vhdl\/leading_ones.vhd",
      "impl\/vhdl\/leading_ones_32_s.vhd",
      "impl\/vhdl\/leading_ones_brutefo.vhd",
      "impl\/vhdl\/leading_ones_log2.vhd",
      "impl\/vhdl\/leading_ones_templat.vhd",
      "impl\/vhdl\/max.vhd",
      "impl\/vhdl\/max_algorithmic.vhd",
      "impl\/vhdl\/mux_2to1.vhd",
      "impl\/vhdl\/mux_binary.vhd",
      "impl\/vhdl\/mux_binary2onehot_op.vhd",
      "impl\/vhdl\/mux_binary_opt.vhd",
      "impl\/vhdl\/mux_onehot.vhd",
      "impl\/vhdl\/mux_onehot_if.vhd",
      "impl\/vhdl\/top_mux_83_8_1_1.vhd",
      "impl\/vhdl\/top_mux_83_32_1_1.vhd",
      "impl\/vhdl\/top.vhd"
    ],
    "Verilog": [
      "impl\/verilog\/leading_ones.v",
      "impl\/verilog\/leading_ones_32_s.v",
      "impl\/verilog\/leading_ones_brutefo.v",
      "impl\/verilog\/leading_ones_log2.v",
      "impl\/verilog\/leading_ones_templat.v",
      "impl\/verilog\/max.v",
      "impl\/verilog\/max_algorithmic.v",
      "impl\/verilog\/mux_2to1.v",
      "impl\/verilog\/mux_binary.v",
      "impl\/verilog\/mux_binary2onehot_op.v",
      "impl\/verilog\/mux_binary_opt.v",
      "impl\/verilog\/mux_onehot.v",
      "impl\/verilog\/mux_onehot_if.v",
      "impl\/verilog\/top_mux_83_8_1_1.v",
      "impl\/verilog\/top_mux_83_32_1_1.v",
      "impl\/verilog\/top.v"
    ],
    "Misc": ["impl\/misc\/logo.png"],
    "DesignXml": "D:\/Repo\/hls\/labA\/Multiplexor\/solution1\/.autopilot\/db\/top.design.xml",
    "DebugDir": "D:\/Repo\/hls\/labA\/Multiplexor\/solution1\/.debug",
    "ProtoInst": ["D:\/Repo\/hls\/labA\/Multiplexor\/solution1\/.debug\/top.protoinst"]
  },
  "SubcoreInfo": {
    "HasXpmMemory": false,
    "HasClockedDsp": false,
    "IP": []
  },
  "Interfaces": {
    "ap_clk": {
      "type": "clock",
      "ctype": {"CLK": {"Type": "bool"}},
      "bundle_name": "ap_clk",
      "bundle_role": "default",
      "reset": "ap_rst"
    },
    "ap_ctrl": {
      "type": "ap_ctrl",
      "ctrl_ports": "ap_start ap_done ap_idle ap_ready",
      "ctype": {
        "start": {"Type": "bool"},
        "done": {"Type": "bool"},
        "idle": {"Type": "bool"},
        "ready": {"Type": "bool"}
      }
    },
    "ap_rst": {
      "type": "reset",
      "polarity": "ACTIVE_HIGH",
      "ctype": {"RST": {"Type": "bool"}},
      "bundle_name": "ap_rst",
      "bundle_role": "default"
    },
    "leadone_in_V": {
      "type": "data",
      "dir": "in",
      "width": "32",
      "ctype": {"DATA": {
          "Type": "integer unsigned",
          "Width": "32"
        }},
      "bundle_name": "leadone_in_V",
      "bundle_role": "default"
    },
    "leadone_out_V": {
      "type": "data",
      "dir": "out",
      "width": "5",
      "ctype": {"DATA": {
          "Type": "integer unsigned",
          "Width": "5"
        }},
      "bundle_name": "leadone_out_V",
      "bundle_role": "default"
    },
    "leadone_ret": {
      "type": "data",
      "dir": "out",
      "width": "1",
      "ctype": {"DATA": {
          "Type": "null",
          "Width": "1"
        }},
      "bundle_name": "leadone_ret",
      "bundle_role": "default"
    },
    "max_in_0": {
      "type": "data",
      "dir": "in",
      "width": "32",
      "ctype": {"DATA": {
          "Type": "integer signed",
          "Width": "32"
        }},
      "bundle_name": "max_in_0",
      "bundle_role": "default"
    },
    "max_in_1": {
      "type": "data",
      "dir": "in",
      "width": "32",
      "ctype": {"DATA": {
          "Type": "integer signed",
          "Width": "32"
        }},
      "bundle_name": "max_in_1",
      "bundle_role": "default"
    },
    "max_in_2": {
      "type": "data",
      "dir": "in",
      "width": "32",
      "ctype": {"DATA": {
          "Type": "integer signed",
          "Width": "32"
        }},
      "bundle_name": "max_in_2",
      "bundle_role": "default"
    },
    "max_in_3": {
      "type": "data",
      "dir": "in",
      "width": "32",
      "ctype": {"DATA": {
          "Type": "integer signed",
          "Width": "32"
        }},
      "bundle_name": "max_in_3",
      "bundle_role": "default"
    },
    "max_in_4": {
      "type": "data",
      "dir": "in",
      "width": "32",
      "ctype": {"DATA": {
          "Type": "integer signed",
          "Width": "32"
        }},
      "bundle_name": "max_in_4",
      "bundle_role": "default"
    },
    "max_in_5": {
      "type": "data",
      "dir": "in",
      "width": "32",
      "ctype": {"DATA": {
          "Type": "integer signed",
          "Width": "32"
        }},
      "bundle_name": "max_in_5",
      "bundle_role": "default"
    },
    "max_in_6": {
      "type": "data",
      "dir": "in",
      "width": "32",
      "ctype": {"DATA": {
          "Type": "integer signed",
          "Width": "32"
        }},
      "bundle_name": "max_in_6",
      "bundle_role": "default"
    },
    "max_in_7": {
      "type": "data",
      "dir": "in",
      "width": "32",
      "ctype": {"DATA": {
          "Type": "integer signed",
          "Width": "32"
        }},
      "bundle_name": "max_in_7",
      "bundle_role": "default"
    },
    "max_out": {
      "type": "data",
      "dir": "out",
      "width": "32",
      "ctype": {"DATA": {
          "Type": "integer signed",
          "Width": "32"
        }},
      "bundle_name": "max_out",
      "bundle_role": "default"
    },
    "mode": {
      "type": "data",
      "dir": "in",
      "width": "32",
      "ctype": {"DATA": {
          "Type": "integer signed",
          "Width": "32"
        }},
      "bundle_name": "mode",
      "bundle_role": "default"
    },
    "mux_in_0_V": {
      "type": "data",
      "dir": "in",
      "width": "8",
      "ctype": {"DATA": {
          "Type": "integer signed",
          "Width": "8"
        }},
      "bundle_name": "mux_in_0_V",
      "bundle_role": "default"
    },
    "mux_in_1_V": {
      "type": "data",
      "dir": "in",
      "width": "8",
      "ctype": {"DATA": {
          "Type": "integer signed",
          "Width": "8"
        }},
      "bundle_name": "mux_in_1_V",
      "bundle_role": "default"
    },
    "mux_in_2_V": {
      "type": "data",
      "dir": "in",
      "width": "8",
      "ctype": {"DATA": {
          "Type": "integer signed",
          "Width": "8"
        }},
      "bundle_name": "mux_in_2_V",
      "bundle_role": "default"
    },
    "mux_in_3_V": {
      "type": "data",
      "dir": "in",
      "width": "8",
      "ctype": {"DATA": {
          "Type": "integer signed",
          "Width": "8"
        }},
      "bundle_name": "mux_in_3_V",
      "bundle_role": "default"
    },
    "mux_in_4_V": {
      "type": "data",
      "dir": "in",
      "width": "8",
      "ctype": {"DATA": {
          "Type": "integer signed",
          "Width": "8"
        }},
      "bundle_name": "mux_in_4_V",
      "bundle_role": "default"
    },
    "mux_in_5_V": {
      "type": "data",
      "dir": "in",
      "width": "8",
      "ctype": {"DATA": {
          "Type": "integer signed",
          "Width": "8"
        }},
      "bundle_name": "mux_in_5_V",
      "bundle_role": "default"
    },
    "mux_in_6_V": {
      "type": "data",
      "dir": "in",
      "width": "8",
      "ctype": {"DATA": {
          "Type": "integer signed",
          "Width": "8"
        }},
      "bundle_name": "mux_in_6_V",
      "bundle_role": "default"
    },
    "mux_in_7_V": {
      "type": "data",
      "dir": "in",
      "width": "8",
      "ctype": {"DATA": {
          "Type": "integer signed",
          "Width": "8"
        }},
      "bundle_name": "mux_in_7_V",
      "bundle_role": "default"
    },
    "mux_ret_V": {
      "type": "data",
      "dir": "out",
      "width": "8",
      "ctype": {"DATA": {
          "Type": "integer signed",
          "Width": "8"
        }},
      "bundle_name": "mux_ret_V",
      "bundle_role": "default"
    },
    "mux_s": {
      "type": "data",
      "dir": "in",
      "width": "1",
      "ctype": {"DATA": {
          "Type": "null",
          "Width": "1"
        }},
      "bundle_name": "mux_s",
      "bundle_role": "default"
    },
    "mux_sel0_V": {
      "type": "data",
      "dir": "in",
      "width": "3",
      "ctype": {"DATA": {
          "Type": "integer unsigned",
          "Width": "3"
        }},
      "bundle_name": "mux_sel0_V",
      "bundle_role": "default"
    },
    "mux_sel1_V": {
      "type": "data",
      "dir": "in",
      "width": "3",
      "ctype": {"DATA": {
          "Type": "integer unsigned",
          "Width": "3"
        }},
      "bundle_name": "mux_sel1_V",
      "bundle_role": "default"
    },
    "mux_sel_onehot_V": {
      "type": "data",
      "dir": "in",
      "width": "8",
      "ctype": {"DATA": {
          "Type": "integer unsigned",
          "Width": "8"
        }},
      "bundle_name": "mux_sel_onehot_V",
      "bundle_role": "default"
    }
  },
  "RtlPorts": {
    "ap_clk": {
      "dir": "in",
      "width": "1"
    },
    "ap_rst": {
      "dir": "in",
      "width": "1"
    },
    "ap_start": {
      "dir": "in",
      "width": "1"
    },
    "ap_done": {
      "dir": "out",
      "width": "1"
    },
    "ap_idle": {
      "dir": "out",
      "width": "1"
    },
    "ap_ready": {
      "dir": "out",
      "width": "1"
    },
    "leadone_in_V": {
      "dir": "in",
      "width": "32"
    },
    "leadone_out_V": {
      "dir": "out",
      "width": "5"
    },
    "leadone_out_V_ap_vld": {
      "dir": "out",
      "width": "1"
    },
    "leadone_ret": {
      "dir": "out",
      "width": "1"
    },
    "leadone_ret_ap_vld": {
      "dir": "out",
      "width": "1"
    },
    "mux_in_0_V": {
      "dir": "in",
      "width": "8"
    },
    "mux_in_1_V": {
      "dir": "in",
      "width": "8"
    },
    "mux_in_2_V": {
      "dir": "in",
      "width": "8"
    },
    "mux_in_3_V": {
      "dir": "in",
      "width": "8"
    },
    "mux_in_4_V": {
      "dir": "in",
      "width": "8"
    },
    "mux_in_5_V": {
      "dir": "in",
      "width": "8"
    },
    "mux_in_6_V": {
      "dir": "in",
      "width": "8"
    },
    "mux_in_7_V": {
      "dir": "in",
      "width": "8"
    },
    "mux_sel_onehot_V": {
      "dir": "in",
      "width": "8"
    },
    "mux_sel0_V": {
      "dir": "in",
      "width": "3"
    },
    "mux_sel1_V": {
      "dir": "in",
      "width": "3"
    },
    "mux_s": {
      "dir": "in",
      "width": "1"
    },
    "mux_ret_V": {
      "dir": "out",
      "width": "8"
    },
    "mux_ret_V_ap_vld": {
      "dir": "out",
      "width": "1"
    },
    "max_in_0": {
      "dir": "in",
      "width": "32"
    },
    "max_in_1": {
      "dir": "in",
      "width": "32"
    },
    "max_in_2": {
      "dir": "in",
      "width": "32"
    },
    "max_in_3": {
      "dir": "in",
      "width": "32"
    },
    "max_in_4": {
      "dir": "in",
      "width": "32"
    },
    "max_in_5": {
      "dir": "in",
      "width": "32"
    },
    "max_in_6": {
      "dir": "in",
      "width": "32"
    },
    "max_in_7": {
      "dir": "in",
      "width": "32"
    },
    "max_out": {
      "dir": "out",
      "width": "32"
    },
    "max_out_ap_vld": {
      "dir": "out",
      "width": "1"
    },
    "mode": {
      "dir": "in",
      "width": "32"
    }
  },
  "ModuleInfo": {
    "Hierarchy": {
      "ModuleName": "top",
      "Instances": [
        {
          "ModuleName": "max_algorithmic",
          "InstanceName": "grp_max_algorithmic_fu_284"
        },
        {
          "ModuleName": "max",
          "InstanceName": "grp_max_fu_305"
        },
        {
          "ModuleName": "mux_onehot_if",
          "InstanceName": "grp_mux_onehot_if_fu_326"
        },
        {
          "ModuleName": "leading_ones_templat",
          "InstanceName": "call_ret7_leading_ones_templat_fu_349",
          "Instances": [{
              "ModuleName": "leading_ones_32_s",
              "InstanceName": "call_ret_leading_ones_32_s_fu_12"
            }]
        },
        {
          "ModuleName": "mux_onehot",
          "InstanceName": "op2_V_assign_2_s_mux_onehot_fu_355"
        },
        {
          "ModuleName": "leading_ones_brutefo",
          "InstanceName": "grp_leading_ones_brutefo_fu_378"
        },
        {
          "ModuleName": "leading_ones_log2",
          "InstanceName": "grp_leading_ones_log2_fu_384"
        },
        {
          "ModuleName": "mux_binary2onehot_op",
          "InstanceName": "op2_V_assign_4_s_mux_binary2onehot_op_fu_390"
        },
        {
          "ModuleName": "leading_ones",
          "InstanceName": "grp_leading_ones_fu_417"
        },
        {
          "ModuleName": "mux_binary_opt",
          "InstanceName": "op2_V_assign_5_s_mux_binary_opt_fu_423"
        },
        {
          "ModuleName": "mux_binary",
          "InstanceName": "op2_V_assign_1_s_mux_binary_fu_450"
        },
        {
          "ModuleName": "mux_2to1",
          "InstanceName": "op2_V_assign_s_mux_2to1_fu_473"
        }
      ]
    },
    "Info": {
      "max": {
        "FunctionProtocol": "ap_ctrl_hs",
        "isTaskLevelControl": "1",
        "isPipelined": "0",
        "isCombinational": "0",
        "isOneStateSeq": "0"
      },
      "mux_binary_opt": {
        "FunctionProtocol": "ap_ctrl_hs",
        "isTaskLevelControl": "1",
        "isPipelined": "0",
        "isCombinational": "1",
        "isOneStateSeq": "0"
      },
      "mux_binary2onehot_op": {
        "FunctionProtocol": "ap_ctrl_hs",
        "isTaskLevelControl": "1",
        "isPipelined": "0",
        "isCombinational": "1",
        "isOneStateSeq": "0"
      },
      "mux_onehot_if": {
        "FunctionProtocol": "ap_ctrl_hs",
        "isTaskLevelControl": "1",
        "isPipelined": "0",
        "isCombinational": "0",
        "isOneStateSeq": "0"
      },
      "mux_onehot": {
        "FunctionProtocol": "ap_ctrl_hs",
        "isTaskLevelControl": "1",
        "isPipelined": "0",
        "isCombinational": "1",
        "isOneStateSeq": "0"
      },
      "mux_binary": {
        "FunctionProtocol": "ap_ctrl_hs",
        "isTaskLevelControl": "1",
        "isPipelined": "0",
        "isCombinational": "1",
        "isOneStateSeq": "0"
      },
      "mux_2to1": {
        "FunctionProtocol": "ap_ctrl_hs",
        "isTaskLevelControl": "1",
        "isPipelined": "0",
        "isCombinational": "1",
        "isOneStateSeq": "0"
      },
      "leading_ones_32_s": {
        "FunctionProtocol": "ap_ctrl_hs",
        "isTaskLevelControl": "1",
        "isPipelined": "0",
        "isCombinational": "1",
        "isOneStateSeq": "0"
      },
      "leading_ones_templat": {
        "FunctionProtocol": "ap_ctrl_hs",
        "isTaskLevelControl": "1",
        "isPipelined": "0",
        "isCombinational": "1",
        "isOneStateSeq": "0"
      },
      "leading_ones_log2": {
        "FunctionProtocol": "ap_ctrl_hs",
        "isTaskLevelControl": "1",
        "isPipelined": "0",
        "isCombinational": "0",
        "isOneStateSeq": "0"
      },
      "leading_ones_brutefo": {
        "FunctionProtocol": "ap_ctrl_hs",
        "isTaskLevelControl": "1",
        "isPipelined": "0",
        "isCombinational": "0",
        "isOneStateSeq": "0"
      },
      "leading_ones": {
        "FunctionProtocol": "ap_ctrl_hs",
        "isTaskLevelControl": "1",
        "isPipelined": "0",
        "isCombinational": "0",
        "isOneStateSeq": "0"
      },
      "max_algorithmic": {
        "FunctionProtocol": "ap_ctrl_hs",
        "isTaskLevelControl": "1",
        "isPipelined": "0",
        "isCombinational": "0",
        "isOneStateSeq": "0"
      },
      "top": {
        "FunctionProtocol": "ap_ctrl_hs",
        "isTaskLevelControl": "1",
        "isPipelined": "0",
        "isCombinational": "0",
        "isOneStateSeq": "0"
      }
    },
    "Metrics": {
      "max": {
        "Latency": {
          "LatencyBest": "1",
          "LatencyAvg": "1",
          "LatencyWorst": "1",
          "PipelineII": "1",
          "PipelineDepth": "",
          "PipelineType": "none"
        },
        "Timing": {
          "Target": "10.00",
          "Uncertainty": "1.25",
          "Estimate": "6.342"
        },
        "Area": {
          "FF": "66",
          "LUT": "365",
          "BRAM_18K": "0",
          "DSP48E": "0",
          "URAM": "0"
        }
      },
      "mux_binary_opt": {
        "Latency": {
          "LatencyBest": "0",
          "LatencyAvg": "0",
          "LatencyWorst": "0",
          "PipelineII": "0",
          "PipelineDepth": "",
          "PipelineType": "none"
        },
        "Timing": {
          "Target": "10.00",
          "Uncertainty": "1.25",
          "Estimate": "3.459"
        },
        "Area": {
          "FF": "0",
          "LUT": "48",
          "BRAM_18K": "0",
          "DSP48E": "0",
          "URAM": "0"
        }
      },
      "mux_binary2onehot_op": {
        "Latency": {
          "LatencyBest": "0",
          "LatencyAvg": "0",
          "LatencyWorst": "0",
          "PipelineII": "0",
          "PipelineDepth": "",
          "PipelineType": "none"
        },
        "Timing": {
          "Target": "10.00",
          "Uncertainty": "1.25",
          "Estimate": "3.727"
        },
        "Area": {
          "FF": "0",
          "LUT": "98",
          "BRAM_18K": "0",
          "DSP48E": "0",
          "URAM": "0"
        }
      },
      "mux_onehot_if": {
        "Latency": {
          "LatencyBest": "1",
          "LatencyAvg": "1",
          "LatencyWorst": "1",
          "PipelineII": "1",
          "PipelineDepth": "",
          "PipelineType": "none"
        },
        "Timing": {
          "Target": "10.00",
          "Uncertainty": "1.25",
          "Estimate": "8.397"
        },
        "Area": {
          "FF": "18",
          "LUT": "226",
          "BRAM_18K": "0",
          "DSP48E": "0",
          "URAM": "0"
        }
      },
      "mux_onehot": {
        "Latency": {
          "LatencyBest": "0",
          "LatencyAvg": "0",
          "LatencyWorst": "0",
          "PipelineII": "0",
          "PipelineDepth": "",
          "PipelineType": "none"
        },
        "Timing": {
          "Target": "10.00",
          "Uncertainty": "1.25",
          "Estimate": "6.543"
        },
        "Area": {
          "FF": "0",
          "LUT": "168",
          "BRAM_18K": "0",
          "DSP48E": "0",
          "URAM": "0"
        }
      },
      "mux_binary": {
        "Latency": {
          "LatencyBest": "0",
          "LatencyAvg": "0",
          "LatencyWorst": "0",
          "PipelineII": "0",
          "PipelineDepth": "",
          "PipelineType": "none"
        },
        "Timing": {
          "Target": "10.00",
          "Uncertainty": "1.25",
          "Estimate": "2.479"
        },
        "Area": {
          "FF": "0",
          "LUT": "45",
          "BRAM_18K": "0",
          "DSP48E": "0",
          "URAM": "0"
        }
      },
      "mux_2to1": {
        "Latency": {
          "LatencyBest": "0",
          "LatencyAvg": "0",
          "LatencyWorst": "0",
          "PipelineII": "0",
          "PipelineDepth": "",
          "PipelineType": "none"
        },
        "Timing": {
          "Target": "10.00",
          "Uncertainty": "1.25",
          "Estimate": "1.248"
        },
        "Area": {
          "FF": "0",
          "LUT": "8",
          "BRAM_18K": "0",
          "DSP48E": "0",
          "URAM": "0"
        }
      },
      "leading_ones_32_s": {
        "Latency": {
          "LatencyBest": "0",
          "LatencyAvg": "0",
          "LatencyWorst": "0",
          "PipelineII": "0",
          "PipelineDepth": "",
          "PipelineType": "none"
        },
        "Timing": {
          "Target": "10.00",
          "Uncertainty": "1.25",
          "Estimate": "6.483"
        },
        "Area": {
          "FF": "0",
          "LUT": "226",
          "BRAM_18K": "0",
          "DSP48E": "0",
          "URAM": "0"
        }
      },
      "leading_ones_templat": {
        "Latency": {
          "LatencyBest": "0",
          "LatencyAvg": "0",
          "LatencyWorst": "0",
          "PipelineII": "0",
          "PipelineDepth": "",
          "PipelineType": "none"
        },
        "Timing": {
          "Target": "10.00",
          "Uncertainty": "1.25",
          "Estimate": "6.483"
        },
        "Area": {
          "FF": "0",
          "LUT": "226",
          "BRAM_18K": "0",
          "DSP48E": "0",
          "URAM": "0"
        }
      },
      "leading_ones_log2": {
        "Latency": {
          "LatencyBest": "1",
          "LatencyAvg": "1",
          "LatencyWorst": "1",
          "PipelineII": "1",
          "PipelineDepth": "",
          "PipelineType": "none"
        },
        "Timing": {
          "Target": "10.00",
          "Uncertainty": "1.25",
          "Estimate": "6.033"
        },
        "Area": {
          "FF": "13",
          "LUT": "142",
          "BRAM_18K": "0",
          "DSP48E": "0",
          "URAM": "0"
        }
      },
      "leading_ones_brutefo": {
        "Latency": {
          "LatencyBest": "2",
          "LatencyAvg": "2",
          "LatencyWorst": "2",
          "PipelineII": "2",
          "PipelineDepth": "",
          "PipelineType": "none"
        },
        "Timing": {
          "Target": "10.00",
          "Uncertainty": "1.25",
          "Estimate": "2.199"
        },
        "Area": {
          "FF": "20",
          "LUT": "253",
          "BRAM_18K": "0",
          "DSP48E": "0",
          "URAM": "0"
        }
      },
      "leading_ones": {
        "Latency": {
          "LatencyBest": "1",
          "LatencyAvg": "1",
          "LatencyWorst": "1",
          "PipelineII": "1",
          "PipelineDepth": "",
          "PipelineType": "none"
        },
        "Timing": {
          "Target": "10.00",
          "Uncertainty": "1.25",
          "Estimate": "2.702"
        },
        "Area": {
          "FF": "14",
          "LUT": "243",
          "BRAM_18K": "0",
          "DSP48E": "0",
          "URAM": "0"
        }
      },
      "max_algorithmic": {
        "Latency": {
          "LatencyBest": "4",
          "LatencyAvg": "4",
          "LatencyWorst": "4",
          "PipelineII": "4",
          "PipelineDepth": "",
          "PipelineType": "none"
        },
        "Timing": {
          "Target": "10.00",
          "Uncertainty": "1.25",
          "Estimate": "8.424"
        },
        "Area": {
          "FF": "80",
          "LUT": "488",
          "BRAM_18K": "0",
          "DSP48E": "0",
          "URAM": "0"
        }
      },
      "top": {
        "Latency": {
          "LatencyBest": "1",
          "LatencyAvg": "2",
          "LatencyWorst": "5",
          "PipelineIIMin": "2",
          "PipelineIIMax": "6",
          "PipelineII": "2 ~ 6",
          "PipelineDepth": "",
          "PipelineType": "none"
        },
        "Timing": {
          "Target": "10.00",
          "Uncertainty": "1.25",
          "Estimate": "8.424"
        },
        "Area": {
          "FF": "539",
          "LUT": "2436",
          "BRAM_18K": "0",
          "DSP48E": "0",
          "URAM": "0"
        }
      }
    }
  },
  "Sdx": {
    "Target": "none",
    "ProfileOption": "0",
    "ProfileType": "none",
    "XO": "",
    "KernelName": "top",
    "EnableXoSwEmu": "1"
  },
  "GenData": {
    "DataVersion": "0.2",
    "Time": "2021-04-08 05:50:05 +0800",
    "ToolName": "vivado_hls",
    "ToolVersion": "2019.2"
  }
}
