<InterfaceSummary>
<RtlPorts>
<name>val_V</name>
<CType>
<TypeName>ap_int 8</TypeName>
<TypeWidth>8</TypeWidth>
<PhysicalWidth>8</PhysicalWidth>
</CType>
<CFractionWidth>0</CFractionWidth>
<InvalidType>0</InvalidType>
</RtlPorts>
<RtlPorts>
<name>mode</name>
<CType>
<TypeName>int</TypeName>
<TypeWidth>32</TypeWidth>
<PhysicalWidth>32</PhysicalWidth>
</CType>
<CFractionWidth>0</CFractionWidth>
<InvalidType>0</InvalidType>
</RtlPorts>
<RtlPorts>
<name>ap_return</name>
<CType>
<TypeName>ap_int 8</TypeName>
<TypeWidth>8</TypeWidth>
<PhysicalWidth>8</PhysicalWidth>
</CType>
<CFractionWidth>0</CFractionWidth>
<InvalidType>0</InvalidType>
</RtlPorts>
</InterfaceSummary>

