<stg><name>top</name>


<trans_list>
</trans_list>



<state_list>

<state id="1" st_id="1">

<operation id="2" st_id="1" stage="1" lat="1">
<core>NULL</core>
<MemPortIdVec></MemPortIdVec>
<condition id="-1">
<or_exp><and_exp></and_exp></or_exp>
</condition>

<Node id="3" bw="0" op_0_bw="0" op_1_bw="8">
<![CDATA[
:0  call void (...)* @_ssdm_op_SpecBitsMap(i8 0), !map !57

]]></Node>
<StgValue><ssdm name="specbitsmap_ln0"/></StgValue>
</operation>

<operation id="3" st_id="1" stage="1" lat="1">
<core>NULL</core>
<MemPortIdVec></MemPortIdVec>
<condition id="-1">
<or_exp><and_exp></and_exp></or_exp>
</condition>

<Node id="4" bw="0" op_0_bw="0" op_1_bw="8">
<![CDATA[
:1  call void (...)* @_ssdm_op_SpecBitsMap(i8 %val_V), !map !63

]]></Node>
<StgValue><ssdm name="specbitsmap_ln0"/></StgValue>
</operation>

<operation id="4" st_id="1" stage="1" lat="1">
<core>NULL</core>
<MemPortIdVec></MemPortIdVec>
<condition id="-1">
<or_exp><and_exp></and_exp></or_exp>
</condition>

<Node id="5" bw="0" op_0_bw="0" op_1_bw="32">
<![CDATA[
:2  call void (...)* @_ssdm_op_SpecBitsMap(i32 %mode), !map !67

]]></Node>
<StgValue><ssdm name="specbitsmap_ln0"/></StgValue>
</operation>

<operation id="5" st_id="1" stage="1" lat="1">
<core>NULL</core>
<MemPortIdVec></MemPortIdVec>
<condition id="-1">
<or_exp><and_exp></and_exp></or_exp>
</condition>

<Node id="6" bw="0" op_0_bw="0" op_1_bw="0">
<![CDATA[
:3  call void (...)* @_ssdm_op_SpecTopModule([4 x i8]* @top_str) nounwind

]]></Node>
<StgValue><ssdm name="spectopmodule_ln0"/></StgValue>
</operation>

<operation id="6" st_id="1" stage="1" lat="1">
<core>NULL</core>
<MemPortIdVec></MemPortIdVec>
<condition id="-1">
<or_exp><and_exp></and_exp></or_exp>
</condition>

<Node id="7" bw="8" op_0_bw="8" op_1_bw="8">
<![CDATA[
:4  %val_V_read = call i8 @_ssdm_op_Read.ap_auto.i8(i8 %val_V)

]]></Node>
<StgValue><ssdm name="val_V_read"/></StgValue>
</operation>

<operation id="7" st_id="1" stage="1" lat="1">
<core>AddSub</core>
<MemPortIdVec></MemPortIdVec>
<condition id="-1">
<or_exp><and_exp><literal name="p_Result_s" val="1"/>
</and_exp></or_exp>
</condition>

<Node id="8" bw="8" op_0_bw="8" op_1_bw="8">
<![CDATA[
:5  %xs_V_1 = sub i8 0, %val_V_read

]]></Node>
<StgValue><ssdm name="xs_V_1"/></StgValue>
</operation>

<operation id="8" st_id="1" stage="1" lat="1">
<core>NULL</core>
<MemPortIdVec></MemPortIdVec>
<condition id="-1">
<or_exp><and_exp><literal name="p_Result_s" val="1"/>
</and_exp></or_exp>
</condition>

<Node id="9" bw="8" op_0_bw="8" op_1_bw="8" op_2_bw="32" op_3_bw="1">
<![CDATA[
:6  %p_Result_1 = call i8 @_ssdm_op_BitSet.i8.i8.i32.i1(i8 %xs_V_1, i32 7, i1 false)

]]></Node>
<StgValue><ssdm name="p_Result_1"/></StgValue>
</operation>

<operation id="9" st_id="1" stage="1" lat="1">
<core>NULL</core>
<MemPortIdVec></MemPortIdVec>
<condition id="-1">
<or_exp><and_exp></and_exp></or_exp>
</condition>

<Node id="10" bw="1" op_0_bw="1" op_1_bw="8" op_2_bw="32">
<![CDATA[
:7  %p_Result_s = call i1 @_ssdm_op_BitSelect.i1.i8.i32(i8 %val_V_read, i32 7)

]]></Node>
<StgValue><ssdm name="p_Result_s"/></StgValue>
</operation>

<operation id="10" st_id="1" stage="1" lat="1">
<core>Sel</core>
<MemPortIdVec></MemPortIdVec>
<condition id="-1">
<or_exp><and_exp></and_exp></or_exp>
</condition>

<Node id="11" bw="8" op_0_bw="1" op_1_bw="8" op_2_bw="8">
<![CDATA[
:8  %select_ln6 = select i1 %p_Result_s, i8 %p_Result_1, i8 %val_V_read

]]></Node>
<StgValue><ssdm name="select_ln6"/></StgValue>
</operation>

<operation id="11" st_id="1" stage="1" lat="1">
<core>NULL</core>
<MemPortIdVec></MemPortIdVec>
<condition id="-1">
<or_exp><and_exp></and_exp></or_exp>
</condition>

<Node id="12" bw="0" op_0_bw="8">
<![CDATA[
:9  ret i8 %select_ln6

]]></Node>
<StgValue><ssdm name="ret_ln6"/></StgValue>
</operation>
</state>
</state_list>


<ports>
<port id="12" name="val_V" dir="0" iftype="0">
<core>NULL</core><StgValue><ssdm name="val_V"/></StgValue>
</port>
<port id="13" name="mode" dir="0" iftype="0">
<core>NULL</core><StgValue><ssdm name="mode"/></StgValue>
</port>
</ports>


<dataflows>
<dataflow id="15" from="_ssdm_op_SpecBitsMap" to="specbitsmap_ln0" fromId="14" toId="2">
</dataflow>
<dataflow id="17" from="StgValue_16" to="specbitsmap_ln0" fromId="16" toId="2">
</dataflow>
<dataflow id="18" from="_ssdm_op_SpecBitsMap" to="specbitsmap_ln0" fromId="14" toId="3">
</dataflow>
<dataflow id="19" from="val_V" to="specbitsmap_ln0" fromId="12" toId="3">
</dataflow>
<dataflow id="20" from="_ssdm_op_SpecBitsMap" to="specbitsmap_ln0" fromId="14" toId="4">
</dataflow>
<dataflow id="21" from="mode" to="specbitsmap_ln0" fromId="13" toId="4">
</dataflow>
<dataflow id="23" from="_ssdm_op_SpecTopModule" to="spectopmodule_ln0" fromId="22" toId="5">
</dataflow>
<dataflow id="25" from="top_str" to="spectopmodule_ln0" fromId="24" toId="5">
</dataflow>
<dataflow id="27" from="_ssdm_op_Read.ap_auto.i8" to="val_V_read" fromId="26" toId="6">
</dataflow>
<dataflow id="28" from="val_V" to="val_V_read" fromId="12" toId="6">
</dataflow>
<dataflow id="29" from="StgValue_16" to="xs_V_1" fromId="16" toId="7">
</dataflow>
<dataflow id="30" from="val_V_read" to="xs_V_1" fromId="6" toId="7">
</dataflow>
<dataflow id="32" from="_ssdm_op_BitSet.i8.i8.i32.i1" to="p_Result_1" fromId="31" toId="8">
</dataflow>
<dataflow id="33" from="xs_V_1" to="p_Result_1" fromId="7" toId="8">
</dataflow>
<dataflow id="35" from="StgValue_34" to="p_Result_1" fromId="34" toId="8">
</dataflow>
<dataflow id="37" from="StgValue_36" to="p_Result_1" fromId="36" toId="8">
</dataflow>
<dataflow id="39" from="_ssdm_op_BitSelect.i1.i8.i32" to="p_Result_s" fromId="38" toId="9">
</dataflow>
<dataflow id="40" from="val_V_read" to="p_Result_s" fromId="6" toId="9">
</dataflow>
<dataflow id="41" from="StgValue_34" to="p_Result_s" fromId="34" toId="9">
</dataflow>
<dataflow id="42" from="p_Result_s" to="select_ln6" fromId="9" toId="10">
</dataflow>
<dataflow id="43" from="p_Result_1" to="select_ln6" fromId="8" toId="10">
</dataflow>
<dataflow id="44" from="val_V_read" to="select_ln6" fromId="6" toId="10">
</dataflow>
<dataflow id="45" from="select_ln6" to="ret_ln6" fromId="10" toId="11">
</dataflow>
<dataflow id="46" from="p_Result_s" to="StgValue_1" fromId="9" toId="1">
</dataflow>
</dataflows>


</stg>
