<profile>

<section name = "Vivado HLS Report for 'top'" level="0">
<item name = "Date">Tue Apr 13 11:46:48 2021
</item>
<item name = "Version">2019.2 (Build 2704478 on Wed Nov 06 22:10:23 MST 2019)</item>
<item name = "Project">LabA-HLS</item>
<item name = "Solution">solution1</item>
<item name = "Product family">zynq</item>
<item name = "Target device">xc7z020-clg400-1</item>
</section>

<section name = "Performance Estimates" level="0">
<item name = "Timing">
<section name = "" level="1">
<item name = "Summary"><table name="" hasTotal="0">
<keys size="4">Clock, Target, Estimated, Uncertainty</keys>
<column name="ap_clk">5.00 ns, 3.163 ns, 0.63 ns</column>
</table>
</item>
</section>
</item>
<item name = "Latency">
<section name = "" level="1">
<item name = "Summary"><table name="" hasTotal="0">
<keys size="8">, min, max, min, max, min, max, Type</keys>
<column name="">0, 0, 0 ns, 0 ns, 0, 0, none</column>
</table>
</item>
<item name = "Detail">
<section name = "" level="1">
<item name = "Instance"><table name="" hasTotal="0">
<keys size="9">Instance, Module, min, max, min, max, min, max, Type</keys>
</table>
</item>
<item name = "Loop"><table name="" hasTotal="0">
<keys size="8">Loop Name, min, max, Latency, achieved, target, Count, Pipelined</keys>
</table>
</item>
</section>
</item>
</section>
</item>
</section>

<section name = "Utilization Estimates" level="0">
<item name = "Summary"><table name="" hasTotal="1">
<keys size="6">Name, BRAM_18K, DSP48E, FF, LUT, URAM</keys>
<column name="DSP">-, -, -, -, -</column>
<column name="Expression">-, -, 0, 23, -</column>
<column name="FIFO">-, -, -, -, -</column>
<column name="Instance">-, -, -, -, -</column>
<column name="Memory">-, -, -, -, -</column>
<column name="Multiplexer">-, -, -, -, -</column>
<column name="Register">-, -, -, -, -</column>
<specialColumn name="Available">280, 220, 106400, 53200, 0</specialColumn>
<specialColumn name="Utilization (%)">0, 0, 0, ~0, 0</specialColumn>
</table>
</item>
<item name = "Detail">
<section name = "" level="1">
<item name = "Instance"><table name="" hasTotal="1">
<keys size="7">Instance, Module, BRAM_18K, DSP48E, FF, LUT, URAM</keys>
</table>
</item>
<item name = "DSP48E"><table name="" hasTotal="0">
<keys size="3">Instance, Module, Expression</keys>
</table>
</item>
<item name = "Memory"><table name="" hasTotal="1">
<keys size="10">Memory, Module, BRAM_18K, FF, LUT, URAM, Words, Bits, Banks, W*Bits*Banks</keys>
</table>
</item>
<item name = "FIFO"><table name="" hasTotal="1">
<keys size="8">Name, BRAM_18K, FF, LUT, URAM, Depth, Bits, Size:D*B</keys>
</table>
</item>
<item name = "Expression"><table name="" hasTotal="1">
<keys size="7">Variable Name, Operation, DSP48E, FF, LUT, Bitwidth P0, Bitwidth P1</keys>
<column name="xs_V_1_fu_28_p2">-, 0, 0, 15, 1, 8</column>
<column name="ap_return">select, 0, 0, 8, 1, 8</column>
</table>
</item>
<item name = "Multiplexer"><table name="" hasTotal="1">
<keys size="5">Name, LUT, Input Size, Bits, Total Bits</keys>
</table>
</item>
<item name = "Register"><table name="" hasTotal="1">
<keys size="5">Name, FF, LUT, Bits, Const Bits</keys>
</table>
</item>
</section>
</item>
</section>

<section name = "Interface" level="0">
<item name = "Summary"><table name="" hasTotal="0">
<keys size="6">RTL Ports, Dir, Bits, Protocol, Source Object, C Type</keys>
<column name="ap_start">in, 1, ap_ctrl_hs, top, return value</column>
<column name="ap_done">out, 1, ap_ctrl_hs, top, return value</column>
<column name="ap_idle">out, 1, ap_ctrl_hs, top, return value</column>
<column name="ap_ready">out, 1, ap_ctrl_hs, top, return value</column>
<column name="ap_return">out, 8, ap_ctrl_hs, top, return value</column>
<column name="val_V">in, 8, ap_none, val_V, scalar</column>
<column name="mode">in, 32, ap_none, mode, scalar</column>
</table>
</item>
</section>
</profile>
