<?xml version="1.0" encoding="utf-8"?>
<Messages>
	<Message severity="INFO" prefix="[SCHED 204-61]" key="SCHED_PIPELINING_STATUS_631" tag="SCHEDULE" content="Option &apos;relax_ii_for_timing&apos; is enabled, will increase II to preserve clock frequency constraints."/>
	<Message severity="INFO" prefix="[HLS 200-10]" key="HLS_10_1312" tag="" content="Analyzing design file &apos;Shift_Register/shift_reg.cpp&apos; ..."/>
	<Message severity="INFO" prefix="[HLS 200-10]" key="HLS_10_1312" tag="" content="Analyzing design file &apos;Shift_Register/shift_reg_basic.cpp&apos; ..."/>
	<Message severity="INFO" prefix="[HLS 200-10]" key="HLS_10_1312" tag="" content="Analyzing design file &apos;Shift_Register/shift_reg_class.cpp&apos; ..."/>
	<Message severity="INFO" prefix="[HLS 200-10]" key="HLS_10_1312" tag="" content="Analyzing design file &apos;Shift_Register/shift_reg_en.cpp&apos; ..."/>
	<Message severity="INFO" prefix="[HLS 200-10]" key="HLS_10_1312" tag="" content="Analyzing design file &apos;Shift_Register/shift_reg_ip.cpp&apos; ..."/>
	<Message severity="INFO" prefix="[HLS 200-10]" key="HLS_10_1312" tag="" content="Analyzing design file &apos;Shift_Register/shift_reg_load.cpp&apos; ..."/>
	<Message severity="INFO" prefix="[HLS 200-10]" key="HLS_10_1312" tag="" content="Analyzing design file &apos;Shift_Register/shift_reg_sreset.cpp&apos; ..."/>
	<Message severity="INFO" prefix="[HLS 200-10]" key="HLS_10_1312" tag="" content="Analyzing design file &apos;Shift_Register/shift_reg_template.cpp&apos; ..."/>
	<Message severity="INFO" prefix="[HLS 200-111]" key="HLS_111_965" tag="" content="Finished Linking Time (s): cpu = 00:00:02 ; elapsed = 00:01:03 . Memory (MB): peak = 177.152 ; gain = 86.652"/>
	<Message severity="INFO" prefix="[HLS 200-111]" key="HLS_111_965" tag="" content="Finished Checking Pragmas Time (s): cpu = 00:00:02 ; elapsed = 00:01:03 . Memory (MB): peak = 177.152 ; gain = 86.652"/>
	<Message severity="INFO" prefix="[HLS 200-10]" key="HLS_10_1467" tag="" content="Starting code transformations ..."/>
	<Message severity="INFO" prefix="[XFORM 203-603]" key="XFORM_INLINE_STATUS_221" tag="" content="Inlining function &apos;shift_class&lt;signed char, 8&gt;::set_enable&apos; into &apos;shift_reg_class&apos; (Shift_Register/shift_reg_class.cpp:25)."/>
	<Message severity="INFO" prefix="[XFORM 203-603]" key="XFORM_INLINE_STATUS_221" tag="" content="Inlining function &apos;shift_class&lt;signed char, 8&gt;::set_sync_rst&apos; into &apos;shift_reg_class&apos; (Shift_Register/shift_reg_class.cpp:26)."/>
	<Message severity="INFO" prefix="[XFORM 203-603]" key="XFORM_INLINE_STATUS_221" tag="" content="Inlining function &apos;shift_class&lt;signed char, 8&gt;::load&apos; into &apos;shift_reg_class&apos; (Shift_Register/shift_reg_class.cpp:27)."/>
	<Message severity="INFO" prefix="[XFORM 203-603]" key="XFORM_INLINE_STATUS_221" tag="" content="Inlining function &apos;shift_class&lt;signed char, 4&gt;::set_enable&apos; into &apos;shift_reg_class&apos; (Shift_Register/shift_reg_class.cpp:34)."/>
	<Message severity="INFO" prefix="[XFORM 203-603]" key="XFORM_INLINE_STATUS_221" tag="" content="Inlining function &apos;shift_class&lt;signed char, 8&gt;::operator[]&apos; into &apos;shift_reg_class&apos; (Shift_Register/shift_reg_class.cpp:40)."/>
	<Message severity="INFO" prefix="[XFORM 203-603]" key="XFORM_INLINE_STATUS_221" tag="" content="Inlining function &apos;shift_class&lt;signed char, 8&gt;::operator[]&apos; into &apos;shift_reg_class&apos; (Shift_Register/shift_reg_class.cpp:48)."/>
	<Message severity="INFO" prefix="[XFORM 203-603]" key="XFORM_INLINE_STATUS_221" tag="" content="Inlining function &apos;shift_class&lt;signed char, 4&gt;::shift&apos; into &apos;shift_reg_class&apos; (Shift_Register/shift_reg_class.cpp:40)."/>
	<Message severity="INFO" prefix="[XFORM 203-603]" key="XFORM_INLINE_STATUS_221" tag="" content="Inlining function &apos;shift_class&lt;signed char, 8&gt;::shift&apos; into &apos;shift_reg_class&apos; (Shift_Register/shift_reg_class.cpp:41)."/>
	<Message severity="INFO" prefix="[XFORM 203-603]" key="XFORM_INLINE_STATUS_221" tag="" content="Inlining function &apos;shift_class&lt;signed char, 4&gt;::operator[]&apos; into &apos;shift_reg_class&apos; (Shift_Register/shift_reg_class.cpp:53)."/>
	<Message severity="INFO" prefix="[HLS 200-111]" key="HLS_111_965" tag="" content="Finished Standard Transforms Time (s): cpu = 00:00:02 ; elapsed = 00:01:04 . Memory (MB): peak = 177.152 ; gain = 86.652"/>
	<Message severity="INFO" prefix="[HLS 200-10]" key="HLS_10_1472" tag="" content="Checking synthesizability ..."/>
	<Message severity="INFO" prefix="[HLS 200-111]" key="HLS_111_965" tag="" content="Finished Checking Synthesizability Time (s): cpu = 00:00:02 ; elapsed = 00:01:04 . Memory (MB): peak = 177.152 ; gain = 86.652"/>
	<Message severity="INFO" prefix="[HLS 200-489]" key="HLS 200-489" tag="" content="Unrolling loop &apos;SHIFT&apos; (Shift_Register/shift_reg_tmpl.h:10) in function &apos;shift_reg&lt;2, int, 4&gt;&apos; completely with a factor of 4."/>
	<Message severity="INFO" prefix="[HLS 200-489]" key="HLS 200-489" tag="" content="Unrolling loop &apos;WRITE&apos; (Shift_Register/shift_reg_tmpl.h:19) in function &apos;shift_reg&lt;2, int, 4&gt;&apos; completely with a factor of 4."/>
	<Message severity="INFO" prefix="[HLS 200-489]" key="HLS 200-489" tag="" content="Unrolling loop &apos;SHIFT&apos; (Shift_Register/shift_reg_tmpl.h:10) in function &apos;shift_reg&lt;1, signed char, 8&gt;&apos; completely with a factor of 8."/>
	<Message severity="INFO" prefix="[HLS 200-489]" key="HLS 200-489" tag="" content="Unrolling loop &apos;WRITE&apos; (Shift_Register/shift_reg_tmpl.h:19) in function &apos;shift_reg&lt;1, signed char, 8&gt;&apos; completely with a factor of 8."/>
	<Message severity="INFO" prefix="[HLS 200-489]" key="HLS 200-489" tag="" content="Unrolling loop &apos;WRITE&apos; (Shift_Register/shift_reg_ip.cpp:25) in function &apos;shift_reg_ip&apos; completely with a factor of 12."/>
	<Message severity="INFO" prefix="[HLS 200-489]" key="HLS 200-489" tag="" content="Unrolling loop &apos;SHIFT&apos; (Shift_Register/shift_reg_sreset.cpp:10) in function &apos;shift_reg_sreset&apos; completely with a factor of 12."/>
	<Message severity="INFO" prefix="[HLS 200-489]" key="HLS 200-489" tag="" content="Unrolling loop &apos;WRITE&apos; (Shift_Register/shift_reg_sreset.cpp:23) in function &apos;shift_reg_sreset&apos; completely with a factor of 12."/>
	<Message severity="INFO" prefix="[HLS 200-489]" key="HLS 200-489" tag="" content="Unrolling loop &apos;SHIFT&apos; (Shift_Register/shift_reg_load.cpp:13) in function &apos;shift_reg_load&apos; completely with a factor of 12."/>
	<Message severity="INFO" prefix="[HLS 200-489]" key="HLS 200-489" tag="" content="Unrolling loop &apos;WRITE&apos; (Shift_Register/shift_reg_load.cpp:26) in function &apos;shift_reg_load&apos; completely with a factor of 12."/>
	<Message severity="INFO" prefix="[HLS 200-489]" key="HLS 200-489" tag="" content="Unrolling loop &apos;SHIFT&apos; (Shift_Register/shift_reg_en.cpp:10) in function &apos;shift_reg_en&apos; completely with a factor of 12."/>
	<Message severity="INFO" prefix="[HLS 200-489]" key="HLS 200-489" tag="" content="Unrolling loop &apos;WRITE&apos; (Shift_Register/shift_reg_en.cpp:21) in function &apos;shift_reg_en&apos; completely with a factor of 12."/>
	<Message severity="INFO" prefix="[HLS 200-489]" key="HLS 200-489" tag="" content="Unrolling loop &apos;SHIFT&apos; (Shift_Register/shift_reg_basic.cpp:10) in function &apos;shift_reg_basic&apos; completely with a factor of 12."/>
	<Message severity="INFO" prefix="[HLS 200-489]" key="HLS 200-489" tag="" content="Unrolling loop &apos;WRITE&apos; (Shift_Register/shift_reg_basic.cpp:19) in function &apos;shift_reg_basic&apos; completely with a factor of 12."/>
	<Message severity="INFO" prefix="[HLS 200-489]" key="HLS 200-489" tag="" content="Unrolling loop &apos;SHIFT&apos; (Shift_Register/shift_class.h:47) in function &apos;shift_reg_class&apos; completely with a factor of 4."/>
	<Message severity="INFO" prefix="[HLS 200-489]" key="HLS 200-489" tag="" content="Unrolling loop &apos;WRITE0&apos; (Shift_Register/shift_reg_class.cpp:48) in function &apos;shift_reg_class&apos; completely with a factor of 8."/>
	<Message severity="INFO" prefix="[HLS 200-489]" key="HLS 200-489" tag="" content="Unrolling loop &apos;WRITE1&apos; (Shift_Register/shift_reg_class.cpp:53) in function &apos;shift_reg_class&apos; completely with a factor of 4."/>
	<Message severity="INFO" prefix="[XFORM 203-102]" key="XFORM_AUTO_PARTITION_STATUS_120" tag="" content="Partitioning array &apos;regs.9&apos; automatically."/>
	<Message severity="INFO" prefix="[XFORM 203-102]" key="XFORM_AUTO_PARTITION_STATUS_120" tag="" content="Partitioning array &apos;regs.8&apos; automatically."/>
	<Message severity="INFO" prefix="[XFORM 203-102]" key="XFORM_AUTO_PARTITION_STATUS_120" tag="" content="Partitioning array &apos;regs.7&apos; automatically."/>
	<Message severity="INFO" prefix="[XFORM 203-102]" key="XFORM_AUTO_PARTITION_STATUS_120" tag="" content="Partitioning array &apos;regs.6&apos; automatically."/>
	<Message severity="INFO" prefix="[XFORM 203-102]" key="XFORM_AUTO_PARTITION_STATUS_120" tag="" content="Partitioning array &apos;regs.5&apos; automatically."/>
	<Message severity="INFO" prefix="[XFORM 203-102]" key="XFORM_AUTO_PARTITION_STATUS_120" tag="" content="Partitioning array &apos;regs&apos; automatically."/>
	<Message severity="INFO" prefix="[XFORM 203-101]" key="XFORM_PARTITION_STATUS_116" tag="" content="Partitioning array &apos;dout1&apos; (Shift_Register/shift_reg.cpp:7) in dimension 1 completely."/>
	<Message severity="INFO" prefix="[XFORM 203-101]" key="XFORM_PARTITION_STATUS_116" tag="" content="Partitioning array &apos;dout0&apos; (Shift_Register/shift_reg.cpp:6) in dimension 1 completely."/>
	<Message severity="INFO" prefix="[XFORM 203-101]" key="XFORM_PARTITION_STATUS_116" tag="" content="Partitioning array &apos;load_data&apos; (Shift_Register/shift_reg.cpp:5) in dimension 1 completely."/>
	<Message severity="INFO" prefix="[XFORM 203-101]" key="XFORM_PARTITION_STATUS_116" tag="" content="Partitioning array &apos;shift_reg0.regs&apos;  in dimension 1 completely."/>
	<Message severity="INFO" prefix="[XFORM 203-101]" key="XFORM_PARTITION_STATUS_116" tag="" content="Partitioning array &apos;shift_reg1.regs&apos;  in dimension 1 completely."/>
	<Message severity="INFO" prefix="[XFORM 203-602]" key="XFORM_AUTO_INLINE_STATUS_223" tag="" content="Inlining function &apos;shift_reg&lt;1, signed char, 8&gt;&apos; into &apos;shift_reg_template&apos; (Shift_Register/shift_reg_template.cpp:10) automatically."/>
	<Message severity="INFO" prefix="[XFORM 203-602]" key="XFORM_AUTO_INLINE_STATUS_223" tag="" content="Inlining function &apos;shift_reg&lt;2, int, 4&gt;&apos; into &apos;shift_reg_template&apos; (Shift_Register/shift_reg_template.cpp:11) automatically."/>
	<Message severity="INFO" prefix="[XFORM 203-401]" key="XFORM_IFCONV_STATUS_239" tag="" content="Performing if-conversion on hyperblock from (Shift_Register/shift_class.h:57:21) to (Shift_Register/shift_class.h:58:13) in function &apos;shift_reg_class&apos;... converting 15 basic blocks."/>
	<Message severity="INFO" prefix="[HLS 200-111]" key="HLS_111_965" tag="" content="Finished Pre-synthesis Time (s): cpu = 00:00:03 ; elapsed = 00:01:05 . Memory (MB): peak = 177.152 ; gain = 86.652"/>
	<Message severity="INFO" prefix="[HLS 200-111]" key="HLS_111_965" tag="" content="Finished Architecture Synthesis Time (s): cpu = 00:00:03 ; elapsed = 00:01:05 . Memory (MB): peak = 218.641 ; gain = 128.141"/>
	<Message severity="INFO" prefix="[HLS 200-10]" key="HLS_10_1317" tag="" content="Starting hardware synthesis ..."/>
	<Message severity="INFO" prefix="[HLS 200-10]" key="HLS_10_1385" tag="" content="Synthesizing &apos;shift_reg&apos; ..."/>
	<Message severity="INFO" prefix="[HLS 200-10]" key="HLS_10_1477" tag="" content="----------------------------------------------------------------"/>
	<Message severity="INFO" prefix="[HLS 200-42]" key="HLS_42_1438" tag="" content="-- Implementing module &apos;shift_reg_ip&apos;"/>
	<Message severity="INFO" prefix="[HLS 200-10]" key="HLS_10_1478" tag="" content="----------------------------------------------------------------"/>
	<Message severity="INFO" prefix="[SCHED 204-11]" key="SCHED_SCHED_STATUS_597" tag="" content="Starting scheduling ..."/>
	<Message severity="INFO" prefix="[SCHED 204-11]" key="SCHED_SCHED_STATUS_596" tag="" content="Finished scheduling."/>
	<Message severity="INFO" prefix="[HLS 200-111]" key="HLS_111_966" tag="" content=" Elapsed time: 65.429 seconds; current allocated memory: 167.531 MB."/>
	<Message severity="INFO" prefix="[BIND 205-100]" key="BIND_100_926" tag="" content="Starting micro-architecture generation ..."/>
	<Message severity="INFO" prefix="[BIND 205-101]" key="BIND_101_698" tag="" content="Performing variable lifetime analysis."/>
	<Message severity="INFO" prefix="[BIND 205-101]" key="BIND_101_697" tag="" content="Exploring resource sharing."/>
	<Message severity="INFO" prefix="[BIND 205-101]" key="BIND_101_693" tag="" content="Binding ..."/>
	<Message severity="INFO" prefix="[BIND 205-100]" key="BIND_100_925" tag="" content="Finished micro-architecture generation."/>
	<Message severity="INFO" prefix="[HLS 200-111]" key="HLS_111_966" tag="" content=" Elapsed time: 0.043 seconds; current allocated memory: 167.689 MB."/>
	<Message severity="INFO" prefix="[HLS 200-10]" key="HLS_10_1477" tag="" content="----------------------------------------------------------------"/>
	<Message severity="INFO" prefix="[HLS 200-42]" key="HLS_42_1438" tag="" content="-- Implementing module &apos;shift_reg_class&apos;"/>
	<Message severity="INFO" prefix="[HLS 200-10]" key="HLS_10_1478" tag="" content="----------------------------------------------------------------"/>
	<Message severity="INFO" prefix="[SCHED 204-11]" key="SCHED_SCHED_STATUS_597" tag="" content="Starting scheduling ..."/>
	<Message severity="INFO" prefix="[SCHED 204-11]" key="SCHED_SCHED_STATUS_596" tag="" content="Finished scheduling."/>
	<Message severity="INFO" prefix="[HLS 200-111]" key="HLS_111_966" tag="" content=" Elapsed time: 0.075 seconds; current allocated memory: 167.880 MB."/>
	<Message severity="INFO" prefix="[BIND 205-100]" key="BIND_100_926" tag="" content="Starting micro-architecture generation ..."/>
	<Message severity="INFO" prefix="[BIND 205-101]" key="BIND_101_698" tag="" content="Performing variable lifetime analysis."/>
	<Message severity="INFO" prefix="[BIND 205-101]" key="BIND_101_697" tag="" content="Exploring resource sharing."/>
	<Message severity="INFO" prefix="[BIND 205-101]" key="BIND_101_693" tag="" content="Binding ..."/>
	<Message severity="INFO" prefix="[BIND 205-100]" key="BIND_100_925" tag="" content="Finished micro-architecture generation."/>
	<Message severity="INFO" prefix="[HLS 200-111]" key="HLS_111_966" tag="" content=" Elapsed time: 0.056 seconds; current allocated memory: 168.156 MB."/>
	<Message severity="INFO" prefix="[HLS 200-10]" key="HLS_10_1477" tag="" content="----------------------------------------------------------------"/>
	<Message severity="INFO" prefix="[HLS 200-42]" key="HLS_42_1438" tag="" content="-- Implementing module &apos;shift_reg_sreset&apos;"/>
	<Message severity="INFO" prefix="[HLS 200-10]" key="HLS_10_1478" tag="" content="----------------------------------------------------------------"/>
	<Message severity="INFO" prefix="[SCHED 204-11]" key="SCHED_SCHED_STATUS_597" tag="" content="Starting scheduling ..."/>
	<Message severity="INFO" prefix="[SCHED 204-11]" key="SCHED_SCHED_STATUS_596" tag="" content="Finished scheduling."/>
	<Message severity="INFO" prefix="[HLS 200-111]" key="HLS_111_966" tag="" content=" Elapsed time: 0.078 seconds; current allocated memory: 168.292 MB."/>
	<Message severity="INFO" prefix="[BIND 205-100]" key="BIND_100_926" tag="" content="Starting micro-architecture generation ..."/>
	<Message severity="INFO" prefix="[BIND 205-101]" key="BIND_101_698" tag="" content="Performing variable lifetime analysis."/>
	<Message severity="INFO" prefix="[BIND 205-101]" key="BIND_101_697" tag="" content="Exploring resource sharing."/>
	<Message severity="INFO" prefix="[BIND 205-101]" key="BIND_101_693" tag="" content="Binding ..."/>
	<Message severity="INFO" prefix="[BIND 205-100]" key="BIND_100_925" tag="" content="Finished micro-architecture generation."/>
	<Message severity="INFO" prefix="[HLS 200-111]" key="HLS_111_966" tag="" content=" Elapsed time: 0.047 seconds; current allocated memory: 168.482 MB."/>
	<Message severity="INFO" prefix="[HLS 200-10]" key="HLS_10_1477" tag="" content="----------------------------------------------------------------"/>
	<Message severity="INFO" prefix="[HLS 200-42]" key="HLS_42_1438" tag="" content="-- Implementing module &apos;shift_reg_load&apos;"/>
	<Message severity="INFO" prefix="[HLS 200-10]" key="HLS_10_1478" tag="" content="----------------------------------------------------------------"/>
	<Message severity="INFO" prefix="[SCHED 204-11]" key="SCHED_SCHED_STATUS_597" tag="" content="Starting scheduling ..."/>
	<Message severity="INFO" prefix="[SCHED 204-11]" key="SCHED_SCHED_STATUS_596" tag="" content="Finished scheduling."/>
	<Message severity="INFO" prefix="[HLS 200-111]" key="HLS_111_966" tag="" content=" Elapsed time: 0.067 seconds; current allocated memory: 168.628 MB."/>
	<Message severity="INFO" prefix="[BIND 205-100]" key="BIND_100_926" tag="" content="Starting micro-architecture generation ..."/>
	<Message severity="INFO" prefix="[BIND 205-101]" key="BIND_101_698" tag="" content="Performing variable lifetime analysis."/>
	<Message severity="INFO" prefix="[BIND 205-101]" key="BIND_101_697" tag="" content="Exploring resource sharing."/>
	<Message severity="INFO" prefix="[BIND 205-101]" key="BIND_101_693" tag="" content="Binding ..."/>
	<Message severity="INFO" prefix="[BIND 205-100]" key="BIND_100_925" tag="" content="Finished micro-architecture generation."/>
	<Message severity="INFO" prefix="[HLS 200-111]" key="HLS_111_966" tag="" content=" Elapsed time: 0.051 seconds; current allocated memory: 168.819 MB."/>
	<Message severity="INFO" prefix="[HLS 200-10]" key="HLS_10_1477" tag="" content="----------------------------------------------------------------"/>
	<Message severity="INFO" prefix="[HLS 200-42]" key="HLS_42_1438" tag="" content="-- Implementing module &apos;shift_reg_en&apos;"/>
	<Message severity="INFO" prefix="[HLS 200-10]" key="HLS_10_1478" tag="" content="----------------------------------------------------------------"/>
	<Message severity="INFO" prefix="[SCHED 204-11]" key="SCHED_SCHED_STATUS_597" tag="" content="Starting scheduling ..."/>
	<Message severity="INFO" prefix="[SCHED 204-11]" key="SCHED_SCHED_STATUS_596" tag="" content="Finished scheduling."/>
	<Message severity="INFO" prefix="[HLS 200-111]" key="HLS_111_966" tag="" content=" Elapsed time: 0.068 seconds; current allocated memory: 168.925 MB."/>
	<Message severity="INFO" prefix="[BIND 205-100]" key="BIND_100_926" tag="" content="Starting micro-architecture generation ..."/>
	<Message severity="INFO" prefix="[BIND 205-101]" key="BIND_101_698" tag="" content="Performing variable lifetime analysis."/>
	<Message severity="INFO" prefix="[BIND 205-101]" key="BIND_101_697" tag="" content="Exploring resource sharing."/>
	<Message severity="INFO" prefix="[BIND 205-101]" key="BIND_101_693" tag="" content="Binding ..."/>
	<Message severity="INFO" prefix="[BIND 205-100]" key="BIND_100_925" tag="" content="Finished micro-architecture generation."/>
	<Message severity="INFO" prefix="[HLS 200-111]" key="HLS_111_966" tag="" content=" Elapsed time: 0.046 seconds; current allocated memory: 169.108 MB."/>
	<Message severity="INFO" prefix="[HLS 200-10]" key="HLS_10_1477" tag="" content="----------------------------------------------------------------"/>
	<Message severity="INFO" prefix="[HLS 200-42]" key="HLS_42_1438" tag="" content="-- Implementing module &apos;shift_reg_basic&apos;"/>
	<Message severity="INFO" prefix="[HLS 200-10]" key="HLS_10_1478" tag="" content="----------------------------------------------------------------"/>
	<Message severity="INFO" prefix="[SCHED 204-11]" key="SCHED_SCHED_STATUS_597" tag="" content="Starting scheduling ..."/>
	<Message severity="INFO" prefix="[SCHED 204-11]" key="SCHED_SCHED_STATUS_596" tag="" content="Finished scheduling."/>
	<Message severity="INFO" prefix="[HLS 200-111]" key="HLS_111_966" tag="" content=" Elapsed time: 0.056 seconds; current allocated memory: 169.182 MB."/>
	<Message severity="INFO" prefix="[BIND 205-100]" key="BIND_100_926" tag="" content="Starting micro-architecture generation ..."/>
	<Message severity="INFO" prefix="[BIND 205-101]" key="BIND_101_698" tag="" content="Performing variable lifetime analysis."/>
	<Message severity="INFO" prefix="[BIND 205-101]" key="BIND_101_697" tag="" content="Exploring resource sharing."/>
	<Message severity="INFO" prefix="[BIND 205-101]" key="BIND_101_693" tag="" content="Binding ..."/>
	<Message severity="INFO" prefix="[BIND 205-100]" key="BIND_100_925" tag="" content="Finished micro-architecture generation."/>
	<Message severity="INFO" prefix="[HLS 200-111]" key="HLS_111_966" tag="" content=" Elapsed time: 0.043 seconds; current allocated memory: 169.288 MB."/>
	<Message severity="INFO" prefix="[HLS 200-10]" key="HLS_10_1477" tag="" content="----------------------------------------------------------------"/>
	<Message severity="INFO" prefix="[HLS 200-42]" key="HLS_42_1438" tag="" content="-- Implementing module &apos;shift_reg_template&apos;"/>
	<Message severity="INFO" prefix="[HLS 200-10]" key="HLS_10_1478" tag="" content="----------------------------------------------------------------"/>
	<Message severity="INFO" prefix="[SCHED 204-11]" key="SCHED_SCHED_STATUS_597" tag="" content="Starting scheduling ..."/>
	<Message severity="INFO" prefix="[SCHED 204-11]" key="SCHED_SCHED_STATUS_596" tag="" content="Finished scheduling."/>
	<Message severity="INFO" prefix="[HLS 200-111]" key="HLS_111_966" tag="" content=" Elapsed time: 0.056 seconds; current allocated memory: 169.381 MB."/>
	<Message severity="INFO" prefix="[BIND 205-100]" key="BIND_100_926" tag="" content="Starting micro-architecture generation ..."/>
	<Message severity="INFO" prefix="[BIND 205-101]" key="BIND_101_698" tag="" content="Performing variable lifetime analysis."/>
	<Message severity="INFO" prefix="[BIND 205-101]" key="BIND_101_697" tag="" content="Exploring resource sharing."/>
	<Message severity="INFO" prefix="[BIND 205-101]" key="BIND_101_693" tag="" content="Binding ..."/>
	<Message severity="INFO" prefix="[BIND 205-100]" key="BIND_100_925" tag="" content="Finished micro-architecture generation."/>
	<Message severity="INFO" prefix="[HLS 200-111]" key="HLS_111_966" tag="" content=" Elapsed time: 0.044 seconds; current allocated memory: 169.486 MB."/>
	<Message severity="INFO" prefix="[HLS 200-10]" key="HLS_10_1477" tag="" content="----------------------------------------------------------------"/>
	<Message severity="INFO" prefix="[HLS 200-42]" key="HLS_42_1438" tag="" content="-- Implementing module &apos;shift_reg&apos;"/>
	<Message severity="INFO" prefix="[HLS 200-10]" key="HLS_10_1478" tag="" content="----------------------------------------------------------------"/>
	<Message severity="INFO" prefix="[SCHED 204-11]" key="SCHED_SCHED_STATUS_597" tag="" content="Starting scheduling ..."/>
	<Message severity="INFO" prefix="[SCHED 204-11]" key="SCHED_SCHED_STATUS_596" tag="" content="Finished scheduling."/>
	<Message severity="INFO" prefix="[HLS 200-111]" key="HLS_111_966" tag="" content=" Elapsed time: 0.075 seconds; current allocated memory: 169.928 MB."/>
	<Message severity="INFO" prefix="[BIND 205-100]" key="BIND_100_926" tag="" content="Starting micro-architecture generation ..."/>
	<Message severity="INFO" prefix="[BIND 205-101]" key="BIND_101_698" tag="" content="Performing variable lifetime analysis."/>
	<Message severity="INFO" prefix="[BIND 205-101]" key="BIND_101_697" tag="" content="Exploring resource sharing."/>
	<Message severity="INFO" prefix="[BIND 205-101]" key="BIND_101_693" tag="" content="Binding ..."/>
	<Message severity="INFO" prefix="[BIND 205-100]" key="BIND_100_925" tag="" content="Finished micro-architecture generation."/>
	<Message severity="INFO" prefix="[HLS 200-111]" key="HLS_111_966" tag="" content=" Elapsed time: 0.167 seconds; current allocated memory: 170.700 MB."/>
	<Message severity="INFO" prefix="[HLS 200-10]" key="HLS_10_1483" tag="" content="----------------------------------------------------------------"/>
	<Message severity="INFO" prefix="[HLS 200-10]" key="HLS_10_1484" tag="" content="-- Generating RTL for module &apos;shift_reg_ip&apos;"/>
	<Message severity="INFO" prefix="[HLS 200-10]" key="HLS_10_1485" tag="" content="----------------------------------------------------------------"/>
	<Message severity="INFO" prefix="[SYN 201-210]" key="SYN_210_889" tag="" content="Renamed object name &apos;shift_reg_ip_Sreg_Array&apos; to &apos;shift_reg_ip_Sregbkb&apos; due to the length limit 20"/>
	<Message severity="INFO" prefix="[RTGEN 206-100]" key="RTGEN_100_856" tag="" content="Finished creating RTL model for &apos;shift_reg_ip&apos;."/>
	<Message severity="INFO" prefix="[HLS 200-111]" key="HLS_111_966" tag="" content=" Elapsed time: 0.161 seconds; current allocated memory: 171.482 MB."/>
	<Message severity="INFO" prefix="[HLS 200-10]" key="HLS_10_1483" tag="" content="----------------------------------------------------------------"/>
	<Message severity="INFO" prefix="[HLS 200-10]" key="HLS_10_1484" tag="" content="-- Generating RTL for module &apos;shift_reg_class&apos;"/>
	<Message severity="INFO" prefix="[HLS 200-10]" key="HLS_10_1485" tag="" content="----------------------------------------------------------------"/>
	<Message severity="WARNING" prefix="[RTGEN 206-101]" key="RTGEN_101_861" tag="" content="Register &apos;shift_reg0_regs_7&apos; is power-on initialization."/>
	<Message severity="WARNING" prefix="[RTGEN 206-101]" key="RTGEN_101_861" tag="" content="Register &apos;shift_reg1_regs_2&apos; is power-on initialization."/>
	<Message severity="WARNING" prefix="[RTGEN 206-101]" key="RTGEN_101_861" tag="" content="Register &apos;shift_reg1_regs_1&apos; is power-on initialization."/>
	<Message severity="WARNING" prefix="[RTGEN 206-101]" key="RTGEN_101_861" tag="" content="Register &apos;shift_reg1_regs_0&apos; is power-on initialization."/>
	<Message severity="WARNING" prefix="[RTGEN 206-101]" key="RTGEN_101_861" tag="" content="Register &apos;shift_reg0_regs_6&apos; is power-on initialization."/>
	<Message severity="WARNING" prefix="[RTGEN 206-101]" key="RTGEN_101_861" tag="" content="Register &apos;shift_reg0_regs_5&apos; is power-on initialization."/>
	<Message severity="WARNING" prefix="[RTGEN 206-101]" key="RTGEN_101_861" tag="" content="Register &apos;shift_reg0_regs_4&apos; is power-on initialization."/>
	<Message severity="WARNING" prefix="[RTGEN 206-101]" key="RTGEN_101_861" tag="" content="Register &apos;shift_reg0_regs_3&apos; is power-on initialization."/>
	<Message severity="WARNING" prefix="[RTGEN 206-101]" key="RTGEN_101_861" tag="" content="Register &apos;shift_reg0_regs_2&apos; is power-on initialization."/>
	<Message severity="WARNING" prefix="[RTGEN 206-101]" key="RTGEN_101_861" tag="" content="Register &apos;shift_reg0_regs_1&apos; is power-on initialization."/>
	<Message severity="WARNING" prefix="[RTGEN 206-101]" key="RTGEN_101_861" tag="" content="Register &apos;shift_reg0_regs_0&apos; is power-on initialization."/>
	<Message severity="WARNING" prefix="[RTGEN 206-101]" key="RTGEN_101_861" tag="" content="Register &apos;shift_reg1_regs_3&apos; is power-on initialization."/>
	<Message severity="INFO" prefix="[RTGEN 206-100]" key="RTGEN_100_856" tag="" content="Finished creating RTL model for &apos;shift_reg_class&apos;."/>
	<Message severity="INFO" prefix="[HLS 200-111]" key="HLS_111_966" tag="" content=" Elapsed time: 0.495 seconds; current allocated memory: 172.327 MB."/>
	<Message severity="INFO" prefix="[HLS 200-10]" key="HLS_10_1483" tag="" content="----------------------------------------------------------------"/>
	<Message severity="INFO" prefix="[HLS 200-10]" key="HLS_10_1484" tag="" content="-- Generating RTL for module &apos;shift_reg_sreset&apos;"/>
	<Message severity="INFO" prefix="[HLS 200-10]" key="HLS_10_1485" tag="" content="----------------------------------------------------------------"/>
	<Message severity="WARNING" prefix="[RTGEN 206-101]" key="RTGEN_101_861" tag="" content="Register &apos;regs_8_10&apos; is power-on initialization."/>
	<Message severity="WARNING" prefix="[RTGEN 206-101]" key="RTGEN_101_861" tag="" content="Register &apos;regs_8_9&apos; is power-on initialization."/>
	<Message severity="WARNING" prefix="[RTGEN 206-101]" key="RTGEN_101_861" tag="" content="Register &apos;regs_8_8&apos; is power-on initialization."/>
	<Message severity="WARNING" prefix="[RTGEN 206-101]" key="RTGEN_101_861" tag="" content="Register &apos;regs_8_7&apos; is power-on initialization."/>
	<Message severity="WARNING" prefix="[RTGEN 206-101]" key="RTGEN_101_861" tag="" content="Register &apos;regs_8_6&apos; is power-on initialization."/>
	<Message severity="WARNING" prefix="[RTGEN 206-101]" key="RTGEN_101_861" tag="" content="Register &apos;regs_8_5&apos; is power-on initialization."/>
	<Message severity="WARNING" prefix="[RTGEN 206-101]" key="RTGEN_101_861" tag="" content="Register &apos;regs_8_4&apos; is power-on initialization."/>
	<Message severity="WARNING" prefix="[RTGEN 206-101]" key="RTGEN_101_861" tag="" content="Register &apos;regs_8_3&apos; is power-on initialization."/>
	<Message severity="WARNING" prefix="[RTGEN 206-101]" key="RTGEN_101_861" tag="" content="Register &apos;regs_8_2&apos; is power-on initialization."/>
	<Message severity="WARNING" prefix="[RTGEN 206-101]" key="RTGEN_101_861" tag="" content="Register &apos;regs_8_1&apos; is power-on initialization."/>
	<Message severity="WARNING" prefix="[RTGEN 206-101]" key="RTGEN_101_861" tag="" content="Register &apos;regs_8_0&apos; is power-on initialization."/>
	<Message severity="INFO" prefix="[RTGEN 206-100]" key="RTGEN_100_856" tag="" content="Finished creating RTL model for &apos;shift_reg_sreset&apos;."/>
	<Message severity="INFO" prefix="[HLS 200-111]" key="HLS_111_966" tag="" content=" Elapsed time: 0.258 seconds; current allocated memory: 173.090 MB."/>
	<Message severity="INFO" prefix="[HLS 200-10]" key="HLS_10_1483" tag="" content="----------------------------------------------------------------"/>
	<Message severity="INFO" prefix="[HLS 200-10]" key="HLS_10_1484" tag="" content="-- Generating RTL for module &apos;shift_reg_load&apos;"/>
	<Message severity="INFO" prefix="[HLS 200-10]" key="HLS_10_1485" tag="" content="----------------------------------------------------------------"/>
	<Message severity="WARNING" prefix="[RTGEN 206-101]" key="RTGEN_101_861" tag="" content="Register &apos;regs_7_10&apos; is power-on initialization."/>
	<Message severity="WARNING" prefix="[RTGEN 206-101]" key="RTGEN_101_861" tag="" content="Register &apos;regs_7_9&apos; is power-on initialization."/>
	<Message severity="WARNING" prefix="[RTGEN 206-101]" key="RTGEN_101_861" tag="" content="Register &apos;regs_7_8&apos; is power-on initialization."/>
	<Message severity="WARNING" prefix="[RTGEN 206-101]" key="RTGEN_101_861" tag="" content="Register &apos;regs_7_7&apos; is power-on initialization."/>
	<Message severity="WARNING" prefix="[RTGEN 206-101]" key="RTGEN_101_861" tag="" content="Register &apos;regs_7_6&apos; is power-on initialization."/>
	<Message severity="WARNING" prefix="[RTGEN 206-101]" key="RTGEN_101_861" tag="" content="Register &apos;regs_7_5&apos; is power-on initialization."/>
	<Message severity="WARNING" prefix="[RTGEN 206-101]" key="RTGEN_101_861" tag="" content="Register &apos;regs_7_4&apos; is power-on initialization."/>
	<Message severity="WARNING" prefix="[RTGEN 206-101]" key="RTGEN_101_861" tag="" content="Register &apos;regs_7_3&apos; is power-on initialization."/>
	<Message severity="WARNING" prefix="[RTGEN 206-101]" key="RTGEN_101_861" tag="" content="Register &apos;regs_7_2&apos; is power-on initialization."/>
	<Message severity="WARNING" prefix="[RTGEN 206-101]" key="RTGEN_101_861" tag="" content="Register &apos;regs_7_1&apos; is power-on initialization."/>
	<Message severity="WARNING" prefix="[RTGEN 206-101]" key="RTGEN_101_861" tag="" content="Register &apos;regs_7_0&apos; is power-on initialization."/>
	<Message severity="INFO" prefix="[RTGEN 206-100]" key="RTGEN_100_856" tag="" content="Finished creating RTL model for &apos;shift_reg_load&apos;."/>
	<Message severity="INFO" prefix="[HLS 200-111]" key="HLS_111_966" tag="" content=" Elapsed time: 0.212 seconds; current allocated memory: 173.801 MB."/>
	<Message severity="INFO" prefix="[HLS 200-10]" key="HLS_10_1483" tag="" content="----------------------------------------------------------------"/>
	<Message severity="INFO" prefix="[HLS 200-10]" key="HLS_10_1484" tag="" content="-- Generating RTL for module &apos;shift_reg_en&apos;"/>
	<Message severity="INFO" prefix="[HLS 200-10]" key="HLS_10_1485" tag="" content="----------------------------------------------------------------"/>
	<Message severity="WARNING" prefix="[RTGEN 206-101]" key="RTGEN_101_861" tag="" content="Register &apos;regs_6_10&apos; is power-on initialization."/>
	<Message severity="WARNING" prefix="[RTGEN 206-101]" key="RTGEN_101_861" tag="" content="Register &apos;regs_6_9&apos; is power-on initialization."/>
	<Message severity="WARNING" prefix="[RTGEN 206-101]" key="RTGEN_101_861" tag="" content="Register &apos;regs_6_8&apos; is power-on initialization."/>
	<Message severity="WARNING" prefix="[RTGEN 206-101]" key="RTGEN_101_861" tag="" content="Register &apos;regs_6_7&apos; is power-on initialization."/>
	<Message severity="WARNING" prefix="[RTGEN 206-101]" key="RTGEN_101_861" tag="" content="Register &apos;regs_6_6&apos; is power-on initialization."/>
	<Message severity="WARNING" prefix="[RTGEN 206-101]" key="RTGEN_101_861" tag="" content="Register &apos;regs_6_5&apos; is power-on initialization."/>
	<Message severity="WARNING" prefix="[RTGEN 206-101]" key="RTGEN_101_861" tag="" content="Register &apos;regs_6_4&apos; is power-on initialization."/>
	<Message severity="WARNING" prefix="[RTGEN 206-101]" key="RTGEN_101_861" tag="" content="Register &apos;regs_6_3&apos; is power-on initialization."/>
	<Message severity="WARNING" prefix="[RTGEN 206-101]" key="RTGEN_101_861" tag="" content="Register &apos;regs_6_2&apos; is power-on initialization."/>
	<Message severity="WARNING" prefix="[RTGEN 206-101]" key="RTGEN_101_861" tag="" content="Register &apos;regs_6_1&apos; is power-on initialization."/>
	<Message severity="WARNING" prefix="[RTGEN 206-101]" key="RTGEN_101_861" tag="" content="Register &apos;regs_6_0&apos; is power-on initialization."/>
	<Message severity="WARNING" prefix="[RTGEN 206-101]" key="RTGEN_101_861" tag="" content="Register &apos;regs_6_11&apos; is power-on initialization."/>
	<Message severity="INFO" prefix="[RTGEN 206-100]" key="RTGEN_100_856" tag="" content="Finished creating RTL model for &apos;shift_reg_en&apos;."/>
	<Message severity="INFO" prefix="[HLS 200-111]" key="HLS_111_966" tag="" content=" Elapsed time: 0.21 seconds; current allocated memory: 174.545 MB."/>
	<Message severity="INFO" prefix="[HLS 200-10]" key="HLS_10_1483" tag="" content="----------------------------------------------------------------"/>
	<Message severity="INFO" prefix="[HLS 200-10]" key="HLS_10_1484" tag="" content="-- Generating RTL for module &apos;shift_reg_basic&apos;"/>
	<Message severity="INFO" prefix="[HLS 200-10]" key="HLS_10_1485" tag="" content="----------------------------------------------------------------"/>
	<Message severity="WARNING" prefix="[RTGEN 206-101]" key="RTGEN_101_861" tag="" content="Register &apos;regs_5_10&apos; is power-on initialization."/>
	<Message severity="WARNING" prefix="[RTGEN 206-101]" key="RTGEN_101_861" tag="" content="Register &apos;regs_5_9&apos; is power-on initialization."/>
	<Message severity="WARNING" prefix="[RTGEN 206-101]" key="RTGEN_101_861" tag="" content="Register &apos;regs_5_8&apos; is power-on initialization."/>
	<Message severity="WARNING" prefix="[RTGEN 206-101]" key="RTGEN_101_861" tag="" content="Register &apos;regs_5_7&apos; is power-on initialization."/>
	<Message severity="WARNING" prefix="[RTGEN 206-101]" key="RTGEN_101_861" tag="" content="Register &apos;regs_5_6&apos; is power-on initialization."/>
	<Message severity="WARNING" prefix="[RTGEN 206-101]" key="RTGEN_101_861" tag="" content="Register &apos;regs_5_5&apos; is power-on initialization."/>
	<Message severity="WARNING" prefix="[RTGEN 206-101]" key="RTGEN_101_861" tag="" content="Register &apos;regs_5_4&apos; is power-on initialization."/>
	<Message severity="WARNING" prefix="[RTGEN 206-101]" key="RTGEN_101_861" tag="" content="Register &apos;regs_5_3&apos; is power-on initialization."/>
	<Message severity="WARNING" prefix="[RTGEN 206-101]" key="RTGEN_101_861" tag="" content="Register &apos;regs_5_2&apos; is power-on initialization."/>
	<Message severity="WARNING" prefix="[RTGEN 206-101]" key="RTGEN_101_861" tag="" content="Register &apos;regs_5_1&apos; is power-on initialization."/>
	<Message severity="WARNING" prefix="[RTGEN 206-101]" key="RTGEN_101_861" tag="" content="Register &apos;regs_5_0&apos; is power-on initialization."/>
	<Message severity="INFO" prefix="[RTGEN 206-100]" key="RTGEN_100_856" tag="" content="Finished creating RTL model for &apos;shift_reg_basic&apos;."/>
	<Message severity="INFO" prefix="[HLS 200-111]" key="HLS_111_966" tag="" content=" Elapsed time: 0.175 seconds; current allocated memory: 175.136 MB."/>
	<Message severity="INFO" prefix="[HLS 200-10]" key="HLS_10_1483" tag="" content="----------------------------------------------------------------"/>
	<Message severity="INFO" prefix="[HLS 200-10]" key="HLS_10_1484" tag="" content="-- Generating RTL for module &apos;shift_reg_template&apos;"/>
	<Message severity="INFO" prefix="[HLS 200-10]" key="HLS_10_1485" tag="" content="----------------------------------------------------------------"/>
	<Message severity="WARNING" prefix="[RTGEN 206-101]" key="RTGEN_101_861" tag="" content="Register &apos;regs_9_6&apos; is power-on initialization."/>
	<Message severity="WARNING" prefix="[RTGEN 206-101]" key="RTGEN_101_861" tag="" content="Register &apos;regs_9_5&apos; is power-on initialization."/>
	<Message severity="WARNING" prefix="[RTGEN 206-101]" key="RTGEN_101_861" tag="" content="Register &apos;regs_9_4&apos; is power-on initialization."/>
	<Message severity="WARNING" prefix="[RTGEN 206-101]" key="RTGEN_101_861" tag="" content="Register &apos;regs_9_3&apos; is power-on initialization."/>
	<Message severity="WARNING" prefix="[RTGEN 206-101]" key="RTGEN_101_861" tag="" content="Register &apos;regs_9_2&apos; is power-on initialization."/>
	<Message severity="WARNING" prefix="[RTGEN 206-101]" key="RTGEN_101_861" tag="" content="Register &apos;regs_9_1&apos; is power-on initialization."/>
	<Message severity="WARNING" prefix="[RTGEN 206-101]" key="RTGEN_101_861" tag="" content="Register &apos;regs_9_0&apos; is power-on initialization."/>
	<Message severity="WARNING" prefix="[RTGEN 206-101]" key="RTGEN_101_861" tag="" content="Register &apos;regs_2&apos; is power-on initialization."/>
	<Message severity="WARNING" prefix="[RTGEN 206-101]" key="RTGEN_101_861" tag="" content="Register &apos;regs_1&apos; is power-on initialization."/>
	<Message severity="WARNING" prefix="[RTGEN 206-101]" key="RTGEN_101_861" tag="" content="Register &apos;regs_0&apos; is power-on initialization."/>
	<Message severity="INFO" prefix="[RTGEN 206-100]" key="RTGEN_100_856" tag="" content="Finished creating RTL model for &apos;shift_reg_template&apos;."/>
	<Message severity="INFO" prefix="[HLS 200-111]" key="HLS_111_966" tag="" content=" Elapsed time: 0.179 seconds; current allocated memory: 175.714 MB."/>
	<Message severity="INFO" prefix="[HLS 200-10]" key="HLS_10_1483" tag="" content="----------------------------------------------------------------"/>
	<Message severity="INFO" prefix="[HLS 200-10]" key="HLS_10_1484" tag="" content="-- Generating RTL for module &apos;shift_reg&apos;"/>
	<Message severity="INFO" prefix="[HLS 200-10]" key="HLS_10_1485" tag="" content="----------------------------------------------------------------"/>
	<Message severity="INFO" prefix="[RTGEN 206-500]" key="PREPROC_IO_COMP_CONFLICT_1950" tag="" content="Setting interface mode on port &apos;shift_reg/din0&apos; to &apos;ap_none&apos;."/>
	<Message severity="INFO" prefix="[RTGEN 206-500]" key="PREPROC_IO_COMP_CONFLICT_1950" tag="" content="Setting interface mode on port &apos;shift_reg/din1&apos; to &apos;ap_none&apos;."/>
	<Message severity="INFO" prefix="[RTGEN 206-500]" key="PREPROC_IO_COMP_CONFLICT_1950" tag="" content="Setting interface mode on port &apos;shift_reg/load_data_0&apos; to &apos;ap_none&apos;."/>
	<Message severity="INFO" prefix="[RTGEN 206-500]" key="PREPROC_IO_COMP_CONFLICT_1950" tag="" content="Setting interface mode on port &apos;shift_reg/load_data_1&apos; to &apos;ap_none&apos;."/>
	<Message severity="INFO" prefix="[RTGEN 206-500]" key="PREPROC_IO_COMP_CONFLICT_1950" tag="" content="Setting interface mode on port &apos;shift_reg/load_data_2&apos; to &apos;ap_none&apos;."/>
	<Message severity="INFO" prefix="[RTGEN 206-500]" key="PREPROC_IO_COMP_CONFLICT_1950" tag="" content="Setting interface mode on port &apos;shift_reg/load_data_3&apos; to &apos;ap_none&apos;."/>
	<Message severity="INFO" prefix="[RTGEN 206-500]" key="PREPROC_IO_COMP_CONFLICT_1950" tag="" content="Setting interface mode on port &apos;shift_reg/load_data_4&apos; to &apos;ap_none&apos;."/>
	<Message severity="INFO" prefix="[RTGEN 206-500]" key="PREPROC_IO_COMP_CONFLICT_1950" tag="" content="Setting interface mode on port &apos;shift_reg/load_data_5&apos; to &apos;ap_none&apos;."/>
	<Message severity="INFO" prefix="[RTGEN 206-500]" key="PREPROC_IO_COMP_CONFLICT_1950" tag="" content="Setting interface mode on port &apos;shift_reg/load_data_6&apos; to &apos;ap_none&apos;."/>
	<Message severity="INFO" prefix="[RTGEN 206-500]" key="PREPROC_IO_COMP_CONFLICT_1950" tag="" content="Setting interface mode on port &apos;shift_reg/load_data_7&apos; to &apos;ap_none&apos;."/>
	<Message severity="INFO" prefix="[RTGEN 206-500]" key="PREPROC_IO_COMP_CONFLICT_1950" tag="" content="Setting interface mode on port &apos;shift_reg/load_data_8&apos; to &apos;ap_none&apos;."/>
	<Message severity="INFO" prefix="[RTGEN 206-500]" key="PREPROC_IO_COMP_CONFLICT_1950" tag="" content="Setting interface mode on port &apos;shift_reg/load_data_9&apos; to &apos;ap_none&apos;."/>
	<Message severity="INFO" prefix="[RTGEN 206-500]" key="PREPROC_IO_COMP_CONFLICT_1950" tag="" content="Setting interface mode on port &apos;shift_reg/load_data_10&apos; to &apos;ap_none&apos;."/>
	<Message severity="INFO" prefix="[RTGEN 206-500]" key="PREPROC_IO_COMP_CONFLICT_1950" tag="" content="Setting interface mode on port &apos;shift_reg/load_data_11&apos; to &apos;ap_none&apos;."/>
	<Message severity="INFO" prefix="[RTGEN 206-500]" key="PREPROC_IO_COMP_CONFLICT_1950" tag="" content="Setting interface mode on port &apos;shift_reg/dout0_0&apos; to &apos;ap_vld&apos;."/>
	<Message severity="INFO" prefix="[RTGEN 206-500]" key="PREPROC_IO_COMP_CONFLICT_1950" tag="" content="Setting interface mode on port &apos;shift_reg/dout0_1&apos; to &apos;ap_vld&apos;."/>
	<Message severity="INFO" prefix="[RTGEN 206-500]" key="PREPROC_IO_COMP_CONFLICT_1950" tag="" content="Setting interface mode on port &apos;shift_reg/dout0_2&apos; to &apos;ap_vld&apos;."/>
	<Message severity="INFO" prefix="[RTGEN 206-500]" key="PREPROC_IO_COMP_CONFLICT_1950" tag="" content="Setting interface mode on port &apos;shift_reg/dout0_3&apos; to &apos;ap_vld&apos;."/>
	<Message severity="INFO" prefix="[RTGEN 206-500]" key="PREPROC_IO_COMP_CONFLICT_1950" tag="" content="Setting interface mode on port &apos;shift_reg/dout0_4&apos; to &apos;ap_vld&apos;."/>
	<Message severity="INFO" prefix="[RTGEN 206-500]" key="PREPROC_IO_COMP_CONFLICT_1950" tag="" content="Setting interface mode on port &apos;shift_reg/dout0_5&apos; to &apos;ap_vld&apos;."/>
	<Message severity="INFO" prefix="[RTGEN 206-500]" key="PREPROC_IO_COMP_CONFLICT_1950" tag="" content="Setting interface mode on port &apos;shift_reg/dout0_6&apos; to &apos;ap_vld&apos;."/>
	<Message severity="INFO" prefix="[RTGEN 206-500]" key="PREPROC_IO_COMP_CONFLICT_1950" tag="" content="Setting interface mode on port &apos;shift_reg/dout0_7&apos; to &apos;ap_vld&apos;."/>
	<Message severity="INFO" prefix="[RTGEN 206-500]" key="PREPROC_IO_COMP_CONFLICT_1950" tag="" content="Setting interface mode on port &apos;shift_reg/dout0_8&apos; to &apos;ap_vld&apos;."/>
	<Message severity="INFO" prefix="[RTGEN 206-500]" key="PREPROC_IO_COMP_CONFLICT_1950" tag="" content="Setting interface mode on port &apos;shift_reg/dout0_9&apos; to &apos;ap_vld&apos;."/>
	<Message severity="INFO" prefix="[RTGEN 206-500]" key="PREPROC_IO_COMP_CONFLICT_1950" tag="" content="Setting interface mode on port &apos;shift_reg/dout0_10&apos; to &apos;ap_vld&apos;."/>
	<Message severity="INFO" prefix="[RTGEN 206-500]" key="PREPROC_IO_COMP_CONFLICT_1950" tag="" content="Setting interface mode on port &apos;shift_reg/dout0_11&apos; to &apos;ap_vld&apos;."/>
	<Message severity="INFO" prefix="[RTGEN 206-500]" key="PREPROC_IO_COMP_CONFLICT_1950" tag="" content="Setting interface mode on port &apos;shift_reg/dout1_0&apos; to &apos;ap_vld&apos;."/>
	<Message severity="INFO" prefix="[RTGEN 206-500]" key="PREPROC_IO_COMP_CONFLICT_1950" tag="" content="Setting interface mode on port &apos;shift_reg/dout1_1&apos; to &apos;ap_vld&apos;."/>
	<Message severity="INFO" prefix="[RTGEN 206-500]" key="PREPROC_IO_COMP_CONFLICT_1950" tag="" content="Setting interface mode on port &apos;shift_reg/dout1_2&apos; to &apos;ap_vld&apos;."/>
	<Message severity="INFO" prefix="[RTGEN 206-500]" key="PREPROC_IO_COMP_CONFLICT_1950" tag="" content="Setting interface mode on port &apos;shift_reg/dout1_3&apos; to &apos;ap_vld&apos;."/>
	<Message severity="INFO" prefix="[RTGEN 206-500]" key="PREPROC_IO_COMP_CONFLICT_1950" tag="" content="Setting interface mode on port &apos;shift_reg/srst&apos; to &apos;ap_none&apos;."/>
	<Message severity="INFO" prefix="[RTGEN 206-500]" key="PREPROC_IO_COMP_CONFLICT_1950" tag="" content="Setting interface mode on port &apos;shift_reg/load&apos; to &apos;ap_none&apos;."/>
	<Message severity="INFO" prefix="[RTGEN 206-500]" key="PREPROC_IO_COMP_CONFLICT_1950" tag="" content="Setting interface mode on port &apos;shift_reg/en&apos; to &apos;ap_none&apos;."/>
	<Message severity="INFO" prefix="[RTGEN 206-500]" key="PREPROC_IO_COMP_CONFLICT_1950" tag="" content="Setting interface mode on port &apos;shift_reg/select_V&apos; to &apos;ap_none&apos;."/>
	<Message severity="INFO" prefix="[RTGEN 206-500]" key="PREPROC_IO_COMP_CONFLICT_1950" tag="" content="Setting interface mode on function &apos;shift_reg&apos; to &apos;ap_ctrl_hs&apos;."/>
	<Message severity="INFO" prefix="[RTGEN 206-100]" key="RTGEN_100_856" tag="" content="Finished creating RTL model for &apos;shift_reg&apos;."/>
	<Message severity="INFO" prefix="[HLS 200-111]" key="HLS_111_966" tag="" content=" Elapsed time: 0.353 seconds; current allocated memory: 178.139 MB."/>
	<Message severity="INFO" prefix="[HLS 200-789]" key="HLS 200-789" tag="THROUGHPUT,SDX_KERNEL" content="**** Estimated Fmax: 331.46 MHz"/>
	<Message severity="INFO" prefix="[HLS 200-111]" key="HLS_111_965" tag="" content="Finished generating all RTL models Time (s): cpu = 00:00:07 ; elapsed = 00:01:10 . Memory (MB): peak = 249.371 ; gain = 158.871"/>
	<Message severity="INFO" prefix="[VHDL 208-304]" key="VHDL_304_1066" tag="" content="Generating VHDL RTL for shift_reg."/>
	<Message severity="INFO" prefix="[VLOG 209-307]" key="VLOG_307_1067" tag="" content="Generating Verilog RTL for shift_reg."/>
</Messages>
