<stg><name>shift_reg_ip</name>


<trans_list>

<trans id="55" from="1" to="2">
<condition id="-1">
<or_exp><and_exp></and_exp></or_exp>
</condition>
</trans>

<trans id="56" from="2" to="3">
<condition id="-1">
<or_exp><and_exp></and_exp></or_exp>
</condition>
</trans>

<trans id="57" from="3" to="4">
<condition id="-1">
<or_exp><and_exp></and_exp></or_exp>
</condition>
</trans>

<trans id="58" from="4" to="5">
<condition id="-1">
<or_exp><and_exp></and_exp></or_exp>
</condition>
</trans>

<trans id="59" from="5" to="6">
<condition id="-1">
<or_exp><and_exp></and_exp></or_exp>
</condition>
</trans>

<trans id="60" from="6" to="7">
<condition id="-1">
<or_exp><and_exp></and_exp></or_exp>
</condition>
</trans>

<trans id="61" from="7" to="8">
<condition id="-1">
<or_exp><and_exp></and_exp></or_exp>
</condition>
</trans>

<trans id="62" from="8" to="9">
<condition id="-1">
<or_exp><and_exp></and_exp></or_exp>
</condition>
</trans>

<trans id="63" from="9" to="10">
<condition id="-1">
<or_exp><and_exp></and_exp></or_exp>
</condition>
</trans>

<trans id="64" from="10" to="11">
<condition id="-1">
<or_exp><and_exp></and_exp></or_exp>
</condition>
</trans>

<trans id="65" from="11" to="12">
<condition id="-1">
<or_exp><and_exp></and_exp></or_exp>
</condition>
</trans>

<trans id="66" from="12" to="13">
<condition id="-1">
<or_exp><and_exp></and_exp></or_exp>
</condition>
</trans>
</trans_list>



<state_list>

<state id="1" st_id="1">

<operation id="14" st_id="1" stage="1" lat="1">
<core>NULL</core>
<MemPortIdVec></MemPortIdVec>
<condition id="-1">
<or_exp><and_exp></and_exp></or_exp>
</condition>

<Node id="3" bw="1" op_0_bw="1" op_1_bw="1">
<![CDATA[
codeRepl:0  %en_read = call i1 @_ssdm_op_Read.ap_auto.i1(i1 %en)

]]></Node>
<StgValue><ssdm name="en_read"/></StgValue>
</operation>

<operation id="15" st_id="1" stage="1" lat="1">
<core>NULL</core>
<MemPortIdVec></MemPortIdVec>
<condition id="-1">
<or_exp><and_exp></and_exp></or_exp>
</condition>

<Node id="4" bw="8" op_0_bw="8" op_1_bw="8">
<![CDATA[
codeRepl:1  %din_read = call i8 @_ssdm_op_Read.ap_auto.i8(i8 %din)

]]></Node>
<StgValue><ssdm name="din_read"/></StgValue>
</operation>

<operation id="16" st_id="1" stage="1" lat="1">
<core>NULL</core>
<MemPortIdVec></MemPortIdVec>
<condition id="-1">
<or_exp><and_exp></and_exp></or_exp>
</condition>

<Node id="5" bw="32" op_0_bw="8">
<![CDATA[
codeRepl:2  %sext_ln20 = sext i8 %din_read to i32

]]></Node>
<StgValue><ssdm name="sext_ln20"/></StgValue>
</operation>

<operation id="17" st_id="1" stage="1" lat="1">
<core>ShiftReg</core>
<MemPortIdVec></MemPortIdVec>
<condition id="-1">
<or_exp><and_exp></and_exp></or_exp>
</condition>

<Node id="6" bw="32" op_0_bw="32" op_1_bw="32" op_2_bw="32" op_3_bw="1">
<![CDATA[
codeRepl:3  %DataOut_0 = call i32 @"_ssdm_op_MemShiftRead.[12 x i32]P"(i32* getelementptr inbounds ([12 x i32]* @Sreg_Array, i64 0, i64 3), i32 %sext_ln20, i1 %en_read)

]]></Node>
<StgValue><ssdm name="DataOut_0"/></StgValue>
</operation>
</state>

<state id="2" st_id="2">

<operation id="18" st_id="2" stage="1" lat="1">
<core>ShiftReg</core>
<MemPortIdVec></MemPortIdVec>
<condition id="-1">
<or_exp><and_exp></and_exp></or_exp>
</condition>

<Node id="7" bw="32" op_0_bw="32" op_1_bw="32" op_2_bw="32" op_3_bw="1" op_4_bw="32">
<![CDATA[
codeRepl:4  %DataOut = call i32 @"_ssdm_op_MemShiftRead.[12 x i32]P"(i32* getelementptr inbounds ([12 x i32]* @Sreg_Array, i64 0, i64 0), i32 undef, i1 false)

]]></Node>
<StgValue><ssdm name="DataOut"/></StgValue>
</operation>

<operation id="19" st_id="2" stage="1" lat="1">
<core>NULL</core>
<MemPortIdVec></MemPortIdVec>
<condition id="-1">
<or_exp><and_exp></and_exp></or_exp>
</condition>

<Node id="8" bw="8" op_0_bw="32">
<![CDATA[
codeRepl:5  %trunc_ln25 = trunc i32 %DataOut to i8

]]></Node>
<StgValue><ssdm name="trunc_ln25"/></StgValue>
</operation>
</state>

<state id="3" st_id="3">

<operation id="20" st_id="3" stage="1" lat="1">
<core>ShiftReg</core>
<MemPortIdVec></MemPortIdVec>
<condition id="-1">
<or_exp><and_exp></and_exp></or_exp>
</condition>

<Node id="9" bw="32" op_0_bw="32" op_1_bw="32" op_2_bw="32" op_3_bw="1" op_4_bw="32">
<![CDATA[
codeRepl:6  %DataOut_1 = call i32 @"_ssdm_op_MemShiftRead.[12 x i32]P"(i32* getelementptr inbounds ([12 x i32]* @Sreg_Array, i64 0, i64 1), i32 undef, i1 false)

]]></Node>
<StgValue><ssdm name="DataOut_1"/></StgValue>
</operation>

<operation id="21" st_id="3" stage="1" lat="1">
<core>NULL</core>
<MemPortIdVec></MemPortIdVec>
<condition id="-1">
<or_exp><and_exp></and_exp></or_exp>
</condition>

<Node id="10" bw="8" op_0_bw="32">
<![CDATA[
codeRepl:7  %trunc_ln25_1 = trunc i32 %DataOut_1 to i8

]]></Node>
<StgValue><ssdm name="trunc_ln25_1"/></StgValue>
</operation>
</state>

<state id="4" st_id="4">

<operation id="22" st_id="4" stage="1" lat="1">
<core>ShiftReg</core>
<MemPortIdVec></MemPortIdVec>
<condition id="-1">
<or_exp><and_exp></and_exp></or_exp>
</condition>

<Node id="11" bw="32" op_0_bw="32" op_1_bw="32" op_2_bw="32" op_3_bw="1" op_4_bw="32">
<![CDATA[
codeRepl:8  %DataOut_2 = call i32 @"_ssdm_op_MemShiftRead.[12 x i32]P"(i32* getelementptr inbounds ([12 x i32]* @Sreg_Array, i64 0, i64 2), i32 undef, i1 false)

]]></Node>
<StgValue><ssdm name="DataOut_2"/></StgValue>
</operation>

<operation id="23" st_id="4" stage="1" lat="1">
<core>NULL</core>
<MemPortIdVec></MemPortIdVec>
<condition id="-1">
<or_exp><and_exp></and_exp></or_exp>
</condition>

<Node id="12" bw="8" op_0_bw="32">
<![CDATA[
codeRepl:9  %trunc_ln25_2 = trunc i32 %DataOut_2 to i8

]]></Node>
<StgValue><ssdm name="trunc_ln25_2"/></StgValue>
</operation>
</state>

<state id="5" st_id="5">

<operation id="24" st_id="5" stage="1" lat="1">
<core>ShiftReg</core>
<MemPortIdVec></MemPortIdVec>
<condition id="-1">
<or_exp><and_exp></and_exp></or_exp>
</condition>

<Node id="13" bw="32" op_0_bw="32" op_1_bw="32" op_2_bw="32" op_3_bw="1" op_4_bw="32">
<![CDATA[
codeRepl:10  %DataOut_3 = call i32 @"_ssdm_op_MemShiftRead.[12 x i32]P"(i32* getelementptr inbounds ([12 x i32]* @Sreg_Array, i64 0, i64 3), i32 undef, i1 false)

]]></Node>
<StgValue><ssdm name="DataOut_3"/></StgValue>
</operation>

<operation id="25" st_id="5" stage="1" lat="1">
<core>NULL</core>
<MemPortIdVec></MemPortIdVec>
<condition id="-1">
<or_exp><and_exp></and_exp></or_exp>
</condition>

<Node id="14" bw="8" op_0_bw="32">
<![CDATA[
codeRepl:11  %trunc_ln25_3 = trunc i32 %DataOut_3 to i8

]]></Node>
<StgValue><ssdm name="trunc_ln25_3"/></StgValue>
</operation>
</state>

<state id="6" st_id="6">

<operation id="26" st_id="6" stage="1" lat="1">
<core>ShiftReg</core>
<MemPortIdVec></MemPortIdVec>
<condition id="-1">
<or_exp><and_exp></and_exp></or_exp>
</condition>

<Node id="15" bw="32" op_0_bw="32" op_1_bw="32" op_2_bw="32" op_3_bw="1" op_4_bw="32">
<![CDATA[
codeRepl:12  %DataOut_4 = call i32 @"_ssdm_op_MemShiftRead.[12 x i32]P"(i32* getelementptr inbounds ([12 x i32]* @Sreg_Array, i64 0, i64 4), i32 undef, i1 false)

]]></Node>
<StgValue><ssdm name="DataOut_4"/></StgValue>
</operation>

<operation id="27" st_id="6" stage="1" lat="1">
<core>NULL</core>
<MemPortIdVec></MemPortIdVec>
<condition id="-1">
<or_exp><and_exp></and_exp></or_exp>
</condition>

<Node id="16" bw="8" op_0_bw="32">
<![CDATA[
codeRepl:13  %trunc_ln25_4 = trunc i32 %DataOut_4 to i8

]]></Node>
<StgValue><ssdm name="trunc_ln25_4"/></StgValue>
</operation>
</state>

<state id="7" st_id="7">

<operation id="28" st_id="7" stage="1" lat="1">
<core>ShiftReg</core>
<MemPortIdVec></MemPortIdVec>
<condition id="-1">
<or_exp><and_exp></and_exp></or_exp>
</condition>

<Node id="17" bw="32" op_0_bw="32" op_1_bw="32" op_2_bw="32" op_3_bw="1" op_4_bw="32">
<![CDATA[
codeRepl:14  %DataOut_5 = call i32 @"_ssdm_op_MemShiftRead.[12 x i32]P"(i32* getelementptr inbounds ([12 x i32]* @Sreg_Array, i64 0, i64 5), i32 undef, i1 false)

]]></Node>
<StgValue><ssdm name="DataOut_5"/></StgValue>
</operation>

<operation id="29" st_id="7" stage="1" lat="1">
<core>NULL</core>
<MemPortIdVec></MemPortIdVec>
<condition id="-1">
<or_exp><and_exp></and_exp></or_exp>
</condition>

<Node id="18" bw="8" op_0_bw="32">
<![CDATA[
codeRepl:15  %trunc_ln25_5 = trunc i32 %DataOut_5 to i8

]]></Node>
<StgValue><ssdm name="trunc_ln25_5"/></StgValue>
</operation>
</state>

<state id="8" st_id="8">

<operation id="30" st_id="8" stage="1" lat="1">
<core>ShiftReg</core>
<MemPortIdVec></MemPortIdVec>
<condition id="-1">
<or_exp><and_exp></and_exp></or_exp>
</condition>

<Node id="19" bw="32" op_0_bw="32" op_1_bw="32" op_2_bw="32" op_3_bw="1" op_4_bw="32">
<![CDATA[
codeRepl:16  %DataOut_6 = call i32 @"_ssdm_op_MemShiftRead.[12 x i32]P"(i32* getelementptr inbounds ([12 x i32]* @Sreg_Array, i64 0, i64 6), i32 undef, i1 false)

]]></Node>
<StgValue><ssdm name="DataOut_6"/></StgValue>
</operation>

<operation id="31" st_id="8" stage="1" lat="1">
<core>NULL</core>
<MemPortIdVec></MemPortIdVec>
<condition id="-1">
<or_exp><and_exp></and_exp></or_exp>
</condition>

<Node id="20" bw="8" op_0_bw="32">
<![CDATA[
codeRepl:17  %trunc_ln25_6 = trunc i32 %DataOut_6 to i8

]]></Node>
<StgValue><ssdm name="trunc_ln25_6"/></StgValue>
</operation>
</state>

<state id="9" st_id="9">

<operation id="32" st_id="9" stage="1" lat="1">
<core>ShiftReg</core>
<MemPortIdVec></MemPortIdVec>
<condition id="-1">
<or_exp><and_exp></and_exp></or_exp>
</condition>

<Node id="21" bw="32" op_0_bw="32" op_1_bw="32" op_2_bw="32" op_3_bw="1" op_4_bw="32">
<![CDATA[
codeRepl:18  %DataOut_7 = call i32 @"_ssdm_op_MemShiftRead.[12 x i32]P"(i32* getelementptr inbounds ([12 x i32]* @Sreg_Array, i64 0, i64 7), i32 undef, i1 false)

]]></Node>
<StgValue><ssdm name="DataOut_7"/></StgValue>
</operation>

<operation id="33" st_id="9" stage="1" lat="1">
<core>NULL</core>
<MemPortIdVec></MemPortIdVec>
<condition id="-1">
<or_exp><and_exp></and_exp></or_exp>
</condition>

<Node id="22" bw="8" op_0_bw="32">
<![CDATA[
codeRepl:19  %trunc_ln25_7 = trunc i32 %DataOut_7 to i8

]]></Node>
<StgValue><ssdm name="trunc_ln25_7"/></StgValue>
</operation>
</state>

<state id="10" st_id="10">

<operation id="34" st_id="10" stage="1" lat="1">
<core>ShiftReg</core>
<MemPortIdVec></MemPortIdVec>
<condition id="-1">
<or_exp><and_exp></and_exp></or_exp>
</condition>

<Node id="23" bw="32" op_0_bw="32" op_1_bw="32" op_2_bw="32" op_3_bw="1" op_4_bw="32">
<![CDATA[
codeRepl:20  %DataOut_8 = call i32 @"_ssdm_op_MemShiftRead.[12 x i32]P"(i32* getelementptr inbounds ([12 x i32]* @Sreg_Array, i64 0, i64 8), i32 undef, i1 false)

]]></Node>
<StgValue><ssdm name="DataOut_8"/></StgValue>
</operation>

<operation id="35" st_id="10" stage="1" lat="1">
<core>NULL</core>
<MemPortIdVec></MemPortIdVec>
<condition id="-1">
<or_exp><and_exp></and_exp></or_exp>
</condition>

<Node id="24" bw="8" op_0_bw="32">
<![CDATA[
codeRepl:21  %trunc_ln25_8 = trunc i32 %DataOut_8 to i8

]]></Node>
<StgValue><ssdm name="trunc_ln25_8"/></StgValue>
</operation>
</state>

<state id="11" st_id="11">

<operation id="36" st_id="11" stage="1" lat="1">
<core>ShiftReg</core>
<MemPortIdVec></MemPortIdVec>
<condition id="-1">
<or_exp><and_exp></and_exp></or_exp>
</condition>

<Node id="25" bw="32" op_0_bw="32" op_1_bw="32" op_2_bw="32" op_3_bw="1" op_4_bw="32">
<![CDATA[
codeRepl:22  %DataOut_9 = call i32 @"_ssdm_op_MemShiftRead.[12 x i32]P"(i32* getelementptr inbounds ([12 x i32]* @Sreg_Array, i64 0, i64 9), i32 undef, i1 false)

]]></Node>
<StgValue><ssdm name="DataOut_9"/></StgValue>
</operation>

<operation id="37" st_id="11" stage="1" lat="1">
<core>NULL</core>
<MemPortIdVec></MemPortIdVec>
<condition id="-1">
<or_exp><and_exp></and_exp></or_exp>
</condition>

<Node id="26" bw="8" op_0_bw="32">
<![CDATA[
codeRepl:23  %trunc_ln25_9 = trunc i32 %DataOut_9 to i8

]]></Node>
<StgValue><ssdm name="trunc_ln25_9"/></StgValue>
</operation>
</state>

<state id="12" st_id="12">

<operation id="38" st_id="12" stage="1" lat="1">
<core>ShiftReg</core>
<MemPortIdVec></MemPortIdVec>
<condition id="-1">
<or_exp><and_exp></and_exp></or_exp>
</condition>

<Node id="27" bw="32" op_0_bw="32" op_1_bw="32" op_2_bw="32" op_3_bw="1" op_4_bw="32">
<![CDATA[
codeRepl:24  %DataOut_10 = call i32 @"_ssdm_op_MemShiftRead.[12 x i32]P"(i32* getelementptr inbounds ([12 x i32]* @Sreg_Array, i64 0, i64 10), i32 undef, i1 false)

]]></Node>
<StgValue><ssdm name="DataOut_10"/></StgValue>
</operation>

<operation id="39" st_id="12" stage="1" lat="1">
<core>NULL</core>
<MemPortIdVec></MemPortIdVec>
<condition id="-1">
<or_exp><and_exp></and_exp></or_exp>
</condition>

<Node id="28" bw="8" op_0_bw="32">
<![CDATA[
codeRepl:25  %trunc_ln25_10 = trunc i32 %DataOut_10 to i8

]]></Node>
<StgValue><ssdm name="trunc_ln25_10"/></StgValue>
</operation>
</state>

<state id="13" st_id="13">

<operation id="40" st_id="13" stage="1" lat="1">
<core>ShiftReg</core>
<MemPortIdVec></MemPortIdVec>
<condition id="-1">
<or_exp><and_exp></and_exp></or_exp>
</condition>

<Node id="29" bw="32" op_0_bw="32" op_1_bw="32" op_2_bw="32" op_3_bw="1" op_4_bw="32">
<![CDATA[
codeRepl:26  %DataOut_11 = call i32 @"_ssdm_op_MemShiftRead.[12 x i32]P"(i32* getelementptr inbounds ([12 x i32]* @Sreg_Array, i64 0, i64 11), i32 undef, i1 false)

]]></Node>
<StgValue><ssdm name="DataOut_11"/></StgValue>
</operation>

<operation id="41" st_id="13" stage="1" lat="1">
<core>NULL</core>
<MemPortIdVec></MemPortIdVec>
<condition id="-1">
<or_exp><and_exp></and_exp></or_exp>
</condition>

<Node id="30" bw="8" op_0_bw="32">
<![CDATA[
codeRepl:27  %trunc_ln25_11 = trunc i32 %DataOut_11 to i8

]]></Node>
<StgValue><ssdm name="trunc_ln25_11"/></StgValue>
</operation>

<operation id="42" st_id="13" stage="1" lat="1">
<core>NULL</core>
<MemPortIdVec></MemPortIdVec>
<condition id="-1">
<or_exp><and_exp></and_exp></or_exp>
</condition>

<Node id="31" bw="96" op_0_bw="96" op_1_bw="8">
<![CDATA[
codeRepl:28  %mrv = insertvalue { i8, i8, i8, i8, i8, i8, i8, i8, i8, i8, i8, i8 } undef, i8 %trunc_ln25, 0

]]></Node>
<StgValue><ssdm name="mrv"/></StgValue>
</operation>

<operation id="43" st_id="13" stage="1" lat="1">
<core>NULL</core>
<MemPortIdVec></MemPortIdVec>
<condition id="-1">
<or_exp><and_exp></and_exp></or_exp>
</condition>

<Node id="32" bw="96" op_0_bw="96" op_1_bw="8">
<![CDATA[
codeRepl:29  %mrv_1 = insertvalue { i8, i8, i8, i8, i8, i8, i8, i8, i8, i8, i8, i8 } %mrv, i8 %trunc_ln25_1, 1

]]></Node>
<StgValue><ssdm name="mrv_1"/></StgValue>
</operation>

<operation id="44" st_id="13" stage="1" lat="1">
<core>NULL</core>
<MemPortIdVec></MemPortIdVec>
<condition id="-1">
<or_exp><and_exp></and_exp></or_exp>
</condition>

<Node id="33" bw="96" op_0_bw="96" op_1_bw="8">
<![CDATA[
codeRepl:30  %mrv_2 = insertvalue { i8, i8, i8, i8, i8, i8, i8, i8, i8, i8, i8, i8 } %mrv_1, i8 %trunc_ln25_2, 2

]]></Node>
<StgValue><ssdm name="mrv_2"/></StgValue>
</operation>

<operation id="45" st_id="13" stage="1" lat="1">
<core>NULL</core>
<MemPortIdVec></MemPortIdVec>
<condition id="-1">
<or_exp><and_exp></and_exp></or_exp>
</condition>

<Node id="34" bw="96" op_0_bw="96" op_1_bw="8">
<![CDATA[
codeRepl:31  %mrv_3 = insertvalue { i8, i8, i8, i8, i8, i8, i8, i8, i8, i8, i8, i8 } %mrv_2, i8 %trunc_ln25_3, 3

]]></Node>
<StgValue><ssdm name="mrv_3"/></StgValue>
</operation>

<operation id="46" st_id="13" stage="1" lat="1">
<core>NULL</core>
<MemPortIdVec></MemPortIdVec>
<condition id="-1">
<or_exp><and_exp></and_exp></or_exp>
</condition>

<Node id="35" bw="96" op_0_bw="96" op_1_bw="8">
<![CDATA[
codeRepl:32  %mrv_4 = insertvalue { i8, i8, i8, i8, i8, i8, i8, i8, i8, i8, i8, i8 } %mrv_3, i8 %trunc_ln25_4, 4

]]></Node>
<StgValue><ssdm name="mrv_4"/></StgValue>
</operation>

<operation id="47" st_id="13" stage="1" lat="1">
<core>NULL</core>
<MemPortIdVec></MemPortIdVec>
<condition id="-1">
<or_exp><and_exp></and_exp></or_exp>
</condition>

<Node id="36" bw="96" op_0_bw="96" op_1_bw="8">
<![CDATA[
codeRepl:33  %mrv_5 = insertvalue { i8, i8, i8, i8, i8, i8, i8, i8, i8, i8, i8, i8 } %mrv_4, i8 %trunc_ln25_5, 5

]]></Node>
<StgValue><ssdm name="mrv_5"/></StgValue>
</operation>

<operation id="48" st_id="13" stage="1" lat="1">
<core>NULL</core>
<MemPortIdVec></MemPortIdVec>
<condition id="-1">
<or_exp><and_exp></and_exp></or_exp>
</condition>

<Node id="37" bw="96" op_0_bw="96" op_1_bw="8">
<![CDATA[
codeRepl:34  %mrv_6 = insertvalue { i8, i8, i8, i8, i8, i8, i8, i8, i8, i8, i8, i8 } %mrv_5, i8 %trunc_ln25_6, 6

]]></Node>
<StgValue><ssdm name="mrv_6"/></StgValue>
</operation>

<operation id="49" st_id="13" stage="1" lat="1">
<core>NULL</core>
<MemPortIdVec></MemPortIdVec>
<condition id="-1">
<or_exp><and_exp></and_exp></or_exp>
</condition>

<Node id="38" bw="96" op_0_bw="96" op_1_bw="8">
<![CDATA[
codeRepl:35  %mrv_7 = insertvalue { i8, i8, i8, i8, i8, i8, i8, i8, i8, i8, i8, i8 } %mrv_6, i8 %trunc_ln25_7, 7

]]></Node>
<StgValue><ssdm name="mrv_7"/></StgValue>
</operation>

<operation id="50" st_id="13" stage="1" lat="1">
<core>NULL</core>
<MemPortIdVec></MemPortIdVec>
<condition id="-1">
<or_exp><and_exp></and_exp></or_exp>
</condition>

<Node id="39" bw="96" op_0_bw="96" op_1_bw="8">
<![CDATA[
codeRepl:36  %mrv_8 = insertvalue { i8, i8, i8, i8, i8, i8, i8, i8, i8, i8, i8, i8 } %mrv_7, i8 %trunc_ln25_8, 8

]]></Node>
<StgValue><ssdm name="mrv_8"/></StgValue>
</operation>

<operation id="51" st_id="13" stage="1" lat="1">
<core>NULL</core>
<MemPortIdVec></MemPortIdVec>
<condition id="-1">
<or_exp><and_exp></and_exp></or_exp>
</condition>

<Node id="40" bw="96" op_0_bw="96" op_1_bw="8">
<![CDATA[
codeRepl:37  %mrv_9 = insertvalue { i8, i8, i8, i8, i8, i8, i8, i8, i8, i8, i8, i8 } %mrv_8, i8 %trunc_ln25_9, 9

]]></Node>
<StgValue><ssdm name="mrv_9"/></StgValue>
</operation>

<operation id="52" st_id="13" stage="1" lat="1">
<core>NULL</core>
<MemPortIdVec></MemPortIdVec>
<condition id="-1">
<or_exp><and_exp></and_exp></or_exp>
</condition>

<Node id="41" bw="96" op_0_bw="96" op_1_bw="8">
<![CDATA[
codeRepl:38  %mrv_10 = insertvalue { i8, i8, i8, i8, i8, i8, i8, i8, i8, i8, i8, i8 } %mrv_9, i8 %trunc_ln25_10, 10

]]></Node>
<StgValue><ssdm name="mrv_10"/></StgValue>
</operation>

<operation id="53" st_id="13" stage="1" lat="1">
<core>NULL</core>
<MemPortIdVec></MemPortIdVec>
<condition id="-1">
<or_exp><and_exp></and_exp></or_exp>
</condition>

<Node id="42" bw="96" op_0_bw="96" op_1_bw="8">
<![CDATA[
codeRepl:39  %mrv_s = insertvalue { i8, i8, i8, i8, i8, i8, i8, i8, i8, i8, i8, i8 } %mrv_10, i8 %trunc_ln25_11, 11

]]></Node>
<StgValue><ssdm name="mrv_s"/></StgValue>
</operation>

<operation id="54" st_id="13" stage="1" lat="1">
<core>NULL</core>
<MemPortIdVec></MemPortIdVec>
<condition id="-1">
<or_exp><and_exp></and_exp></or_exp>
</condition>

<Node id="43" bw="0" op_0_bw="96">
<![CDATA[
codeRepl:40  ret { i8, i8, i8, i8, i8, i8, i8, i8, i8, i8, i8, i8 } %mrv_s

]]></Node>
<StgValue><ssdm name="ret_ln26"/></StgValue>
</operation>
</state>
</state_list>


<ports>
</ports>


<dataflows>
</dataflows>


</stg>
