<stg><name>shift_reg_load</name>


<trans_list>
</trans_list>



<state_list>

<state id="1" st_id="1">

<operation id="2" st_id="1" stage="1" lat="1">
<core>NULL</core>
<MemPortIdVec></MemPortIdVec>
<condition id="-1">
<or_exp><and_exp></and_exp></or_exp>
</condition>

<Node id="27" bw="1" op_0_bw="1" op_1_bw="1">
<![CDATA[
.preheader.preheader:0  %load_read = call i1 @_ssdm_op_Read.ap_auto.i1(i1 %load)

]]></Node>
<StgValue><ssdm name="load_read"/></StgValue>
</operation>

<operation id="3" st_id="1" stage="1" lat="1">
<core>NULL</core>
<MemPortIdVec></MemPortIdVec>
<condition id="-1">
<or_exp><and_exp></and_exp></or_exp>
</condition>

<Node id="28" bw="8" op_0_bw="8" op_1_bw="8">
<![CDATA[
.preheader.preheader:1  %load_data_11_read_1 = call i8 @_ssdm_op_Read.ap_auto.i8(i8 %load_data_11_read)

]]></Node>
<StgValue><ssdm name="load_data_11_read_1"/></StgValue>
</operation>

<operation id="4" st_id="1" stage="1" lat="1">
<core>NULL</core>
<MemPortIdVec></MemPortIdVec>
<condition id="-1">
<or_exp><and_exp></and_exp></or_exp>
</condition>

<Node id="29" bw="8" op_0_bw="8" op_1_bw="8">
<![CDATA[
.preheader.preheader:2  %load_data_10_read_1 = call i8 @_ssdm_op_Read.ap_auto.i8(i8 %load_data_10_read)

]]></Node>
<StgValue><ssdm name="load_data_10_read_1"/></StgValue>
</operation>

<operation id="5" st_id="1" stage="1" lat="1">
<core>NULL</core>
<MemPortIdVec></MemPortIdVec>
<condition id="-1">
<or_exp><and_exp></and_exp></or_exp>
</condition>

<Node id="30" bw="8" op_0_bw="8" op_1_bw="8">
<![CDATA[
.preheader.preheader:3  %load_data_9_read_1 = call i8 @_ssdm_op_Read.ap_auto.i8(i8 %load_data_9_read)

]]></Node>
<StgValue><ssdm name="load_data_9_read_1"/></StgValue>
</operation>

<operation id="6" st_id="1" stage="1" lat="1">
<core>NULL</core>
<MemPortIdVec></MemPortIdVec>
<condition id="-1">
<or_exp><and_exp></and_exp></or_exp>
</condition>

<Node id="31" bw="8" op_0_bw="8" op_1_bw="8">
<![CDATA[
.preheader.preheader:4  %load_data_8_read_1 = call i8 @_ssdm_op_Read.ap_auto.i8(i8 %load_data_8_read)

]]></Node>
<StgValue><ssdm name="load_data_8_read_1"/></StgValue>
</operation>

<operation id="7" st_id="1" stage="1" lat="1">
<core>NULL</core>
<MemPortIdVec></MemPortIdVec>
<condition id="-1">
<or_exp><and_exp></and_exp></or_exp>
</condition>

<Node id="32" bw="8" op_0_bw="8" op_1_bw="8">
<![CDATA[
.preheader.preheader:5  %load_data_7_read_1 = call i8 @_ssdm_op_Read.ap_auto.i8(i8 %load_data_7_read)

]]></Node>
<StgValue><ssdm name="load_data_7_read_1"/></StgValue>
</operation>

<operation id="8" st_id="1" stage="1" lat="1">
<core>NULL</core>
<MemPortIdVec></MemPortIdVec>
<condition id="-1">
<or_exp><and_exp></and_exp></or_exp>
</condition>

<Node id="33" bw="8" op_0_bw="8" op_1_bw="8">
<![CDATA[
.preheader.preheader:6  %load_data_6_read_1 = call i8 @_ssdm_op_Read.ap_auto.i8(i8 %load_data_6_read)

]]></Node>
<StgValue><ssdm name="load_data_6_read_1"/></StgValue>
</operation>

<operation id="9" st_id="1" stage="1" lat="1">
<core>NULL</core>
<MemPortIdVec></MemPortIdVec>
<condition id="-1">
<or_exp><and_exp></and_exp></or_exp>
</condition>

<Node id="34" bw="8" op_0_bw="8" op_1_bw="8">
<![CDATA[
.preheader.preheader:7  %load_data_5_read_1 = call i8 @_ssdm_op_Read.ap_auto.i8(i8 %load_data_5_read)

]]></Node>
<StgValue><ssdm name="load_data_5_read_1"/></StgValue>
</operation>

<operation id="10" st_id="1" stage="1" lat="1">
<core>NULL</core>
<MemPortIdVec></MemPortIdVec>
<condition id="-1">
<or_exp><and_exp></and_exp></or_exp>
</condition>

<Node id="35" bw="8" op_0_bw="8" op_1_bw="8">
<![CDATA[
.preheader.preheader:8  %load_data_4_read_1 = call i8 @_ssdm_op_Read.ap_auto.i8(i8 %load_data_4_read)

]]></Node>
<StgValue><ssdm name="load_data_4_read_1"/></StgValue>
</operation>

<operation id="11" st_id="1" stage="1" lat="1">
<core>NULL</core>
<MemPortIdVec></MemPortIdVec>
<condition id="-1">
<or_exp><and_exp></and_exp></or_exp>
</condition>

<Node id="36" bw="8" op_0_bw="8" op_1_bw="8">
<![CDATA[
.preheader.preheader:9  %load_data_3_read_1 = call i8 @_ssdm_op_Read.ap_auto.i8(i8 %load_data_3_read)

]]></Node>
<StgValue><ssdm name="load_data_3_read_1"/></StgValue>
</operation>

<operation id="12" st_id="1" stage="1" lat="1">
<core>NULL</core>
<MemPortIdVec></MemPortIdVec>
<condition id="-1">
<or_exp><and_exp></and_exp></or_exp>
</condition>

<Node id="37" bw="8" op_0_bw="8" op_1_bw="8">
<![CDATA[
.preheader.preheader:10  %load_data_2_read_1 = call i8 @_ssdm_op_Read.ap_auto.i8(i8 %load_data_2_read)

]]></Node>
<StgValue><ssdm name="load_data_2_read_1"/></StgValue>
</operation>

<operation id="13" st_id="1" stage="1" lat="1">
<core>NULL</core>
<MemPortIdVec></MemPortIdVec>
<condition id="-1">
<or_exp><and_exp></and_exp></or_exp>
</condition>

<Node id="38" bw="8" op_0_bw="8" op_1_bw="8">
<![CDATA[
.preheader.preheader:11  %load_data_1_read_1 = call i8 @_ssdm_op_Read.ap_auto.i8(i8 %load_data_1_read)

]]></Node>
<StgValue><ssdm name="load_data_1_read_1"/></StgValue>
</operation>

<operation id="14" st_id="1" stage="1" lat="1">
<core>NULL</core>
<MemPortIdVec></MemPortIdVec>
<condition id="-1">
<or_exp><and_exp></and_exp></or_exp>
</condition>

<Node id="39" bw="8" op_0_bw="8" op_1_bw="8">
<![CDATA[
.preheader.preheader:12  %load_data_0_read_1 = call i8 @_ssdm_op_Read.ap_auto.i8(i8 %load_data_0_read)

]]></Node>
<StgValue><ssdm name="load_data_0_read_1"/></StgValue>
</operation>

<operation id="15" st_id="1" stage="1" lat="1">
<core>NULL</core>
<MemPortIdVec></MemPortIdVec>
<condition id="-1">
<or_exp><and_exp></and_exp></or_exp>
</condition>

<Node id="40" bw="8" op_0_bw="8" op_1_bw="8">
<![CDATA[
.preheader.preheader:13  %din_read = call i8 @_ssdm_op_Read.ap_auto.i8(i8 %din)

]]></Node>
<StgValue><ssdm name="din_read"/></StgValue>
</operation>

<operation id="16" st_id="1" stage="1" lat="1">
<core>NULL</core>
<MemPortIdVec></MemPortIdVec>
<condition id="-1">
<or_exp><and_exp><literal name="load_read" val="0"/>
</and_exp></or_exp>
</condition>

<Node id="41" bw="8" op_0_bw="8">
<![CDATA[
.preheader.preheader:14  %regs_7_10_load = load i8* @regs_7_10, align 1

]]></Node>
<StgValue><ssdm name="regs_7_10_load"/></StgValue>
</operation>

<operation id="17" st_id="1" stage="1" lat="1">
<core>Sel</core>
<MemPortIdVec></MemPortIdVec>
<condition id="-1">
<or_exp><and_exp></and_exp></or_exp>
</condition>

<Node id="42" bw="8" op_0_bw="1" op_1_bw="8" op_2_bw="8">
<![CDATA[
.preheader.preheader:15  %select_ln15 = select i1 %load_read, i8 %load_data_11_read_1, i8 %regs_7_10_load

]]></Node>
<StgValue><ssdm name="select_ln15"/></StgValue>
</operation>

<operation id="18" st_id="1" stage="1" lat="1">
<core>NULL</core>
<MemPortIdVec></MemPortIdVec>
<condition id="-1">
<or_exp><and_exp><literal name="load_read" val="0"/>
</and_exp></or_exp>
</condition>

<Node id="43" bw="8" op_0_bw="8">
<![CDATA[
.preheader.preheader:16  %regs_7_9_load = load i8* @regs_7_9, align 1

]]></Node>
<StgValue><ssdm name="regs_7_9_load"/></StgValue>
</operation>

<operation id="19" st_id="1" stage="1" lat="1">
<core>Sel</core>
<MemPortIdVec></MemPortIdVec>
<condition id="-1">
<or_exp><and_exp></and_exp></or_exp>
</condition>

<Node id="44" bw="8" op_0_bw="1" op_1_bw="8" op_2_bw="8">
<![CDATA[
.preheader.preheader:17  %select_ln15_1 = select i1 %load_read, i8 %load_data_10_read_1, i8 %regs_7_9_load

]]></Node>
<StgValue><ssdm name="select_ln15_1"/></StgValue>
</operation>

<operation id="20" st_id="1" stage="1" lat="1">
<core>NULL</core>
<MemPortIdVec></MemPortIdVec>
<condition id="-1">
<or_exp><and_exp></and_exp></or_exp>
</condition>

<Node id="45" bw="0" op_0_bw="8" op_1_bw="8" op_2_bw="8">
<![CDATA[
.preheader.preheader:18  store i8 %select_ln15_1, i8* @regs_7_10, align 1

]]></Node>
<StgValue><ssdm name="store_ln16"/></StgValue>
</operation>

<operation id="21" st_id="1" stage="1" lat="1">
<core>NULL</core>
<MemPortIdVec></MemPortIdVec>
<condition id="-1">
<or_exp><and_exp><literal name="load_read" val="0"/>
</and_exp></or_exp>
</condition>

<Node id="46" bw="8" op_0_bw="8">
<![CDATA[
.preheader.preheader:19  %regs_7_8_load = load i8* @regs_7_8, align 1

]]></Node>
<StgValue><ssdm name="regs_7_8_load"/></StgValue>
</operation>

<operation id="22" st_id="1" stage="1" lat="1">
<core>Sel</core>
<MemPortIdVec></MemPortIdVec>
<condition id="-1">
<or_exp><and_exp></and_exp></or_exp>
</condition>

<Node id="47" bw="8" op_0_bw="1" op_1_bw="8" op_2_bw="8">
<![CDATA[
.preheader.preheader:20  %select_ln15_2 = select i1 %load_read, i8 %load_data_9_read_1, i8 %regs_7_8_load

]]></Node>
<StgValue><ssdm name="select_ln15_2"/></StgValue>
</operation>

<operation id="23" st_id="1" stage="1" lat="1">
<core>NULL</core>
<MemPortIdVec></MemPortIdVec>
<condition id="-1">
<or_exp><and_exp></and_exp></or_exp>
</condition>

<Node id="48" bw="0" op_0_bw="8" op_1_bw="8" op_2_bw="8">
<![CDATA[
.preheader.preheader:21  store i8 %select_ln15_2, i8* @regs_7_9, align 1

]]></Node>
<StgValue><ssdm name="store_ln16"/></StgValue>
</operation>

<operation id="24" st_id="1" stage="1" lat="1">
<core>NULL</core>
<MemPortIdVec></MemPortIdVec>
<condition id="-1">
<or_exp><and_exp><literal name="load_read" val="0"/>
</and_exp></or_exp>
</condition>

<Node id="49" bw="8" op_0_bw="8">
<![CDATA[
.preheader.preheader:22  %regs_7_7_load = load i8* @regs_7_7, align 1

]]></Node>
<StgValue><ssdm name="regs_7_7_load"/></StgValue>
</operation>

<operation id="25" st_id="1" stage="1" lat="1">
<core>Sel</core>
<MemPortIdVec></MemPortIdVec>
<condition id="-1">
<or_exp><and_exp></and_exp></or_exp>
</condition>

<Node id="50" bw="8" op_0_bw="1" op_1_bw="8" op_2_bw="8">
<![CDATA[
.preheader.preheader:23  %select_ln15_3 = select i1 %load_read, i8 %load_data_8_read_1, i8 %regs_7_7_load

]]></Node>
<StgValue><ssdm name="select_ln15_3"/></StgValue>
</operation>

<operation id="26" st_id="1" stage="1" lat="1">
<core>NULL</core>
<MemPortIdVec></MemPortIdVec>
<condition id="-1">
<or_exp><and_exp></and_exp></or_exp>
</condition>

<Node id="51" bw="0" op_0_bw="8" op_1_bw="8" op_2_bw="8">
<![CDATA[
.preheader.preheader:24  store i8 %select_ln15_3, i8* @regs_7_8, align 1

]]></Node>
<StgValue><ssdm name="store_ln16"/></StgValue>
</operation>

<operation id="27" st_id="1" stage="1" lat="1">
<core>NULL</core>
<MemPortIdVec></MemPortIdVec>
<condition id="-1">
<or_exp><and_exp><literal name="load_read" val="0"/>
</and_exp></or_exp>
</condition>

<Node id="52" bw="8" op_0_bw="8">
<![CDATA[
.preheader.preheader:25  %regs_7_6_load = load i8* @regs_7_6, align 1

]]></Node>
<StgValue><ssdm name="regs_7_6_load"/></StgValue>
</operation>

<operation id="28" st_id="1" stage="1" lat="1">
<core>Sel</core>
<MemPortIdVec></MemPortIdVec>
<condition id="-1">
<or_exp><and_exp></and_exp></or_exp>
</condition>

<Node id="53" bw="8" op_0_bw="1" op_1_bw="8" op_2_bw="8">
<![CDATA[
.preheader.preheader:26  %select_ln15_4 = select i1 %load_read, i8 %load_data_7_read_1, i8 %regs_7_6_load

]]></Node>
<StgValue><ssdm name="select_ln15_4"/></StgValue>
</operation>

<operation id="29" st_id="1" stage="1" lat="1">
<core>NULL</core>
<MemPortIdVec></MemPortIdVec>
<condition id="-1">
<or_exp><and_exp></and_exp></or_exp>
</condition>

<Node id="54" bw="0" op_0_bw="8" op_1_bw="8" op_2_bw="8">
<![CDATA[
.preheader.preheader:27  store i8 %select_ln15_4, i8* @regs_7_7, align 1

]]></Node>
<StgValue><ssdm name="store_ln16"/></StgValue>
</operation>

<operation id="30" st_id="1" stage="1" lat="1">
<core>NULL</core>
<MemPortIdVec></MemPortIdVec>
<condition id="-1">
<or_exp><and_exp><literal name="load_read" val="0"/>
</and_exp></or_exp>
</condition>

<Node id="55" bw="8" op_0_bw="8">
<![CDATA[
.preheader.preheader:28  %regs_7_5_load = load i8* @regs_7_5, align 1

]]></Node>
<StgValue><ssdm name="regs_7_5_load"/></StgValue>
</operation>

<operation id="31" st_id="1" stage="1" lat="1">
<core>Sel</core>
<MemPortIdVec></MemPortIdVec>
<condition id="-1">
<or_exp><and_exp></and_exp></or_exp>
</condition>

<Node id="56" bw="8" op_0_bw="1" op_1_bw="8" op_2_bw="8">
<![CDATA[
.preheader.preheader:29  %select_ln15_5 = select i1 %load_read, i8 %load_data_6_read_1, i8 %regs_7_5_load

]]></Node>
<StgValue><ssdm name="select_ln15_5"/></StgValue>
</operation>

<operation id="32" st_id="1" stage="1" lat="1">
<core>NULL</core>
<MemPortIdVec></MemPortIdVec>
<condition id="-1">
<or_exp><and_exp></and_exp></or_exp>
</condition>

<Node id="57" bw="0" op_0_bw="8" op_1_bw="8" op_2_bw="8">
<![CDATA[
.preheader.preheader:30  store i8 %select_ln15_5, i8* @regs_7_6, align 1

]]></Node>
<StgValue><ssdm name="store_ln16"/></StgValue>
</operation>

<operation id="33" st_id="1" stage="1" lat="1">
<core>NULL</core>
<MemPortIdVec></MemPortIdVec>
<condition id="-1">
<or_exp><and_exp><literal name="load_read" val="0"/>
</and_exp></or_exp>
</condition>

<Node id="58" bw="8" op_0_bw="8">
<![CDATA[
.preheader.preheader:31  %regs_7_4_load = load i8* @regs_7_4, align 1

]]></Node>
<StgValue><ssdm name="regs_7_4_load"/></StgValue>
</operation>

<operation id="34" st_id="1" stage="1" lat="1">
<core>Sel</core>
<MemPortIdVec></MemPortIdVec>
<condition id="-1">
<or_exp><and_exp></and_exp></or_exp>
</condition>

<Node id="59" bw="8" op_0_bw="1" op_1_bw="8" op_2_bw="8">
<![CDATA[
.preheader.preheader:32  %select_ln15_6 = select i1 %load_read, i8 %load_data_5_read_1, i8 %regs_7_4_load

]]></Node>
<StgValue><ssdm name="select_ln15_6"/></StgValue>
</operation>

<operation id="35" st_id="1" stage="1" lat="1">
<core>NULL</core>
<MemPortIdVec></MemPortIdVec>
<condition id="-1">
<or_exp><and_exp></and_exp></or_exp>
</condition>

<Node id="60" bw="0" op_0_bw="8" op_1_bw="8" op_2_bw="8">
<![CDATA[
.preheader.preheader:33  store i8 %select_ln15_6, i8* @regs_7_5, align 1

]]></Node>
<StgValue><ssdm name="store_ln16"/></StgValue>
</operation>

<operation id="36" st_id="1" stage="1" lat="1">
<core>NULL</core>
<MemPortIdVec></MemPortIdVec>
<condition id="-1">
<or_exp><and_exp><literal name="load_read" val="0"/>
</and_exp></or_exp>
</condition>

<Node id="61" bw="8" op_0_bw="8">
<![CDATA[
.preheader.preheader:34  %regs_7_3_load = load i8* @regs_7_3, align 1

]]></Node>
<StgValue><ssdm name="regs_7_3_load"/></StgValue>
</operation>

<operation id="37" st_id="1" stage="1" lat="1">
<core>Sel</core>
<MemPortIdVec></MemPortIdVec>
<condition id="-1">
<or_exp><and_exp></and_exp></or_exp>
</condition>

<Node id="62" bw="8" op_0_bw="1" op_1_bw="8" op_2_bw="8">
<![CDATA[
.preheader.preheader:35  %select_ln15_7 = select i1 %load_read, i8 %load_data_4_read_1, i8 %regs_7_3_load

]]></Node>
<StgValue><ssdm name="select_ln15_7"/></StgValue>
</operation>

<operation id="38" st_id="1" stage="1" lat="1">
<core>NULL</core>
<MemPortIdVec></MemPortIdVec>
<condition id="-1">
<or_exp><and_exp></and_exp></or_exp>
</condition>

<Node id="63" bw="0" op_0_bw="8" op_1_bw="8" op_2_bw="8">
<![CDATA[
.preheader.preheader:36  store i8 %select_ln15_7, i8* @regs_7_4, align 1

]]></Node>
<StgValue><ssdm name="store_ln16"/></StgValue>
</operation>

<operation id="39" st_id="1" stage="1" lat="1">
<core>NULL</core>
<MemPortIdVec></MemPortIdVec>
<condition id="-1">
<or_exp><and_exp><literal name="load_read" val="0"/>
</and_exp></or_exp>
</condition>

<Node id="64" bw="8" op_0_bw="8">
<![CDATA[
.preheader.preheader:37  %regs_7_2_load = load i8* @regs_7_2, align 1

]]></Node>
<StgValue><ssdm name="regs_7_2_load"/></StgValue>
</operation>

<operation id="40" st_id="1" stage="1" lat="1">
<core>Sel</core>
<MemPortIdVec></MemPortIdVec>
<condition id="-1">
<or_exp><and_exp></and_exp></or_exp>
</condition>

<Node id="65" bw="8" op_0_bw="1" op_1_bw="8" op_2_bw="8">
<![CDATA[
.preheader.preheader:38  %select_ln15_8 = select i1 %load_read, i8 %load_data_3_read_1, i8 %regs_7_2_load

]]></Node>
<StgValue><ssdm name="select_ln15_8"/></StgValue>
</operation>

<operation id="41" st_id="1" stage="1" lat="1">
<core>NULL</core>
<MemPortIdVec></MemPortIdVec>
<condition id="-1">
<or_exp><and_exp></and_exp></or_exp>
</condition>

<Node id="66" bw="0" op_0_bw="8" op_1_bw="8" op_2_bw="8">
<![CDATA[
.preheader.preheader:39  store i8 %select_ln15_8, i8* @regs_7_3, align 1

]]></Node>
<StgValue><ssdm name="store_ln16"/></StgValue>
</operation>

<operation id="42" st_id="1" stage="1" lat="1">
<core>NULL</core>
<MemPortIdVec></MemPortIdVec>
<condition id="-1">
<or_exp><and_exp><literal name="load_read" val="0"/>
</and_exp></or_exp>
</condition>

<Node id="67" bw="8" op_0_bw="8">
<![CDATA[
.preheader.preheader:40  %regs_7_1_load = load i8* @regs_7_1, align 1

]]></Node>
<StgValue><ssdm name="regs_7_1_load"/></StgValue>
</operation>

<operation id="43" st_id="1" stage="1" lat="1">
<core>Sel</core>
<MemPortIdVec></MemPortIdVec>
<condition id="-1">
<or_exp><and_exp></and_exp></or_exp>
</condition>

<Node id="68" bw="8" op_0_bw="1" op_1_bw="8" op_2_bw="8">
<![CDATA[
.preheader.preheader:41  %select_ln15_9 = select i1 %load_read, i8 %load_data_2_read_1, i8 %regs_7_1_load

]]></Node>
<StgValue><ssdm name="select_ln15_9"/></StgValue>
</operation>

<operation id="44" st_id="1" stage="1" lat="1">
<core>NULL</core>
<MemPortIdVec></MemPortIdVec>
<condition id="-1">
<or_exp><and_exp></and_exp></or_exp>
</condition>

<Node id="69" bw="0" op_0_bw="8" op_1_bw="8" op_2_bw="8">
<![CDATA[
.preheader.preheader:42  store i8 %select_ln15_9, i8* @regs_7_2, align 1

]]></Node>
<StgValue><ssdm name="store_ln16"/></StgValue>
</operation>

<operation id="45" st_id="1" stage="1" lat="1">
<core>NULL</core>
<MemPortIdVec></MemPortIdVec>
<condition id="-1">
<or_exp><and_exp><literal name="load_read" val="0"/>
</and_exp></or_exp>
</condition>

<Node id="70" bw="8" op_0_bw="8">
<![CDATA[
.preheader.preheader:43  %regs_7_0_load = load i8* @regs_7_0, align 1

]]></Node>
<StgValue><ssdm name="regs_7_0_load"/></StgValue>
</operation>

<operation id="46" st_id="1" stage="1" lat="1">
<core>Sel</core>
<MemPortIdVec></MemPortIdVec>
<condition id="-1">
<or_exp><and_exp></and_exp></or_exp>
</condition>

<Node id="71" bw="8" op_0_bw="1" op_1_bw="8" op_2_bw="8">
<![CDATA[
.preheader.preheader:44  %select_ln15_10 = select i1 %load_read, i8 %load_data_1_read_1, i8 %regs_7_0_load

]]></Node>
<StgValue><ssdm name="select_ln15_10"/></StgValue>
</operation>

<operation id="47" st_id="1" stage="1" lat="1">
<core>NULL</core>
<MemPortIdVec></MemPortIdVec>
<condition id="-1">
<or_exp><and_exp></and_exp></or_exp>
</condition>

<Node id="72" bw="0" op_0_bw="8" op_1_bw="8" op_2_bw="8">
<![CDATA[
.preheader.preheader:45  store i8 %select_ln15_10, i8* @regs_7_1, align 1

]]></Node>
<StgValue><ssdm name="store_ln16"/></StgValue>
</operation>

<operation id="48" st_id="1" stage="1" lat="1">
<core>Sel</core>
<MemPortIdVec></MemPortIdVec>
<condition id="-1">
<or_exp><and_exp></and_exp></or_exp>
</condition>

<Node id="73" bw="8" op_0_bw="1" op_1_bw="8" op_2_bw="8">
<![CDATA[
.preheader.preheader:46  %select_ln15_11 = select i1 %load_read, i8 %load_data_0_read_1, i8 %din_read

]]></Node>
<StgValue><ssdm name="select_ln15_11"/></StgValue>
</operation>

<operation id="49" st_id="1" stage="1" lat="1">
<core>NULL</core>
<MemPortIdVec></MemPortIdVec>
<condition id="-1">
<or_exp><and_exp></and_exp></or_exp>
</condition>

<Node id="74" bw="0" op_0_bw="8" op_1_bw="8" op_2_bw="8">
<![CDATA[
.preheader.preheader:47  store i8 %select_ln15_11, i8* @regs_7_0, align 1

]]></Node>
<StgValue><ssdm name="store_ln16"/></StgValue>
</operation>

<operation id="50" st_id="1" stage="1" lat="1">
<core>NULL</core>
<MemPortIdVec></MemPortIdVec>
<condition id="-1">
<or_exp><and_exp></and_exp></or_exp>
</condition>

<Node id="75" bw="96" op_0_bw="96" op_1_bw="8">
<![CDATA[
.preheader.preheader:48  %mrv = insertvalue { i8, i8, i8, i8, i8, i8, i8, i8, i8, i8, i8, i8 } undef, i8 %select_ln15_11, 0

]]></Node>
<StgValue><ssdm name="mrv"/></StgValue>
</operation>

<operation id="51" st_id="1" stage="1" lat="1">
<core>NULL</core>
<MemPortIdVec></MemPortIdVec>
<condition id="-1">
<or_exp><and_exp></and_exp></or_exp>
</condition>

<Node id="76" bw="96" op_0_bw="96" op_1_bw="8">
<![CDATA[
.preheader.preheader:49  %mrv_1 = insertvalue { i8, i8, i8, i8, i8, i8, i8, i8, i8, i8, i8, i8 } %mrv, i8 %select_ln15_10, 1

]]></Node>
<StgValue><ssdm name="mrv_1"/></StgValue>
</operation>

<operation id="52" st_id="1" stage="1" lat="1">
<core>NULL</core>
<MemPortIdVec></MemPortIdVec>
<condition id="-1">
<or_exp><and_exp></and_exp></or_exp>
</condition>

<Node id="77" bw="96" op_0_bw="96" op_1_bw="8">
<![CDATA[
.preheader.preheader:50  %mrv_2 = insertvalue { i8, i8, i8, i8, i8, i8, i8, i8, i8, i8, i8, i8 } %mrv_1, i8 %select_ln15_9, 2

]]></Node>
<StgValue><ssdm name="mrv_2"/></StgValue>
</operation>

<operation id="53" st_id="1" stage="1" lat="1">
<core>NULL</core>
<MemPortIdVec></MemPortIdVec>
<condition id="-1">
<or_exp><and_exp></and_exp></or_exp>
</condition>

<Node id="78" bw="96" op_0_bw="96" op_1_bw="8">
<![CDATA[
.preheader.preheader:51  %mrv_3 = insertvalue { i8, i8, i8, i8, i8, i8, i8, i8, i8, i8, i8, i8 } %mrv_2, i8 %select_ln15_8, 3

]]></Node>
<StgValue><ssdm name="mrv_3"/></StgValue>
</operation>

<operation id="54" st_id="1" stage="1" lat="1">
<core>NULL</core>
<MemPortIdVec></MemPortIdVec>
<condition id="-1">
<or_exp><and_exp></and_exp></or_exp>
</condition>

<Node id="79" bw="96" op_0_bw="96" op_1_bw="8">
<![CDATA[
.preheader.preheader:52  %mrv_4 = insertvalue { i8, i8, i8, i8, i8, i8, i8, i8, i8, i8, i8, i8 } %mrv_3, i8 %select_ln15_7, 4

]]></Node>
<StgValue><ssdm name="mrv_4"/></StgValue>
</operation>

<operation id="55" st_id="1" stage="1" lat="1">
<core>NULL</core>
<MemPortIdVec></MemPortIdVec>
<condition id="-1">
<or_exp><and_exp></and_exp></or_exp>
</condition>

<Node id="80" bw="96" op_0_bw="96" op_1_bw="8">
<![CDATA[
.preheader.preheader:53  %mrv_5 = insertvalue { i8, i8, i8, i8, i8, i8, i8, i8, i8, i8, i8, i8 } %mrv_4, i8 %select_ln15_6, 5

]]></Node>
<StgValue><ssdm name="mrv_5"/></StgValue>
</operation>

<operation id="56" st_id="1" stage="1" lat="1">
<core>NULL</core>
<MemPortIdVec></MemPortIdVec>
<condition id="-1">
<or_exp><and_exp></and_exp></or_exp>
</condition>

<Node id="81" bw="96" op_0_bw="96" op_1_bw="8">
<![CDATA[
.preheader.preheader:54  %mrv_6 = insertvalue { i8, i8, i8, i8, i8, i8, i8, i8, i8, i8, i8, i8 } %mrv_5, i8 %select_ln15_5, 6

]]></Node>
<StgValue><ssdm name="mrv_6"/></StgValue>
</operation>

<operation id="57" st_id="1" stage="1" lat="1">
<core>NULL</core>
<MemPortIdVec></MemPortIdVec>
<condition id="-1">
<or_exp><and_exp></and_exp></or_exp>
</condition>

<Node id="82" bw="96" op_0_bw="96" op_1_bw="8">
<![CDATA[
.preheader.preheader:55  %mrv_7 = insertvalue { i8, i8, i8, i8, i8, i8, i8, i8, i8, i8, i8, i8 } %mrv_6, i8 %select_ln15_4, 7

]]></Node>
<StgValue><ssdm name="mrv_7"/></StgValue>
</operation>

<operation id="58" st_id="1" stage="1" lat="1">
<core>NULL</core>
<MemPortIdVec></MemPortIdVec>
<condition id="-1">
<or_exp><and_exp></and_exp></or_exp>
</condition>

<Node id="83" bw="96" op_0_bw="96" op_1_bw="8">
<![CDATA[
.preheader.preheader:56  %mrv_8 = insertvalue { i8, i8, i8, i8, i8, i8, i8, i8, i8, i8, i8, i8 } %mrv_7, i8 %select_ln15_3, 8

]]></Node>
<StgValue><ssdm name="mrv_8"/></StgValue>
</operation>

<operation id="59" st_id="1" stage="1" lat="1">
<core>NULL</core>
<MemPortIdVec></MemPortIdVec>
<condition id="-1">
<or_exp><and_exp></and_exp></or_exp>
</condition>

<Node id="84" bw="96" op_0_bw="96" op_1_bw="8">
<![CDATA[
.preheader.preheader:57  %mrv_9 = insertvalue { i8, i8, i8, i8, i8, i8, i8, i8, i8, i8, i8, i8 } %mrv_8, i8 %select_ln15_2, 9

]]></Node>
<StgValue><ssdm name="mrv_9"/></StgValue>
</operation>

<operation id="60" st_id="1" stage="1" lat="1">
<core>NULL</core>
<MemPortIdVec></MemPortIdVec>
<condition id="-1">
<or_exp><and_exp></and_exp></or_exp>
</condition>

<Node id="85" bw="96" op_0_bw="96" op_1_bw="8">
<![CDATA[
.preheader.preheader:58  %mrv_10 = insertvalue { i8, i8, i8, i8, i8, i8, i8, i8, i8, i8, i8, i8 } %mrv_9, i8 %select_ln15_1, 10

]]></Node>
<StgValue><ssdm name="mrv_10"/></StgValue>
</operation>

<operation id="61" st_id="1" stage="1" lat="1">
<core>NULL</core>
<MemPortIdVec></MemPortIdVec>
<condition id="-1">
<or_exp><and_exp></and_exp></or_exp>
</condition>

<Node id="86" bw="96" op_0_bw="96" op_1_bw="8">
<![CDATA[
.preheader.preheader:59  %mrv_s = insertvalue { i8, i8, i8, i8, i8, i8, i8, i8, i8, i8, i8, i8 } %mrv_10, i8 %select_ln15, 11

]]></Node>
<StgValue><ssdm name="mrv_s"/></StgValue>
</operation>

<operation id="62" st_id="1" stage="1" lat="1">
<core>NULL</core>
<MemPortIdVec></MemPortIdVec>
<condition id="-1">
<or_exp><and_exp></and_exp></or_exp>
</condition>

<Node id="87" bw="0" op_0_bw="96">
<![CDATA[
.preheader.preheader:60  ret { i8, i8, i8, i8, i8, i8, i8, i8, i8, i8, i8, i8 } %mrv_s

]]></Node>
<StgValue><ssdm name="ret_ln30"/></StgValue>
</operation>
</state>
</state_list>


<ports>
</ports>


<dataflows>
</dataflows>


</stg>
