<stg><name>shift_reg_basic</name>


<trans_list>
</trans_list>



<state_list>

<state id="1" st_id="1">

<operation id="2" st_id="1" stage="1" lat="1">
<core>NULL</core>
<MemPortIdVec></MemPortIdVec>
<condition id="-1">
<or_exp><and_exp></and_exp></or_exp>
</condition>

<Node id="14" bw="8" op_0_bw="8" op_1_bw="8">
<![CDATA[
.preheader.preheader:0  %din_read = call i8 @_ssdm_op_Read.ap_auto.i8(i8 %din)

]]></Node>
<StgValue><ssdm name="din_read"/></StgValue>
</operation>

<operation id="3" st_id="1" stage="1" lat="1">
<core>NULL</core>
<MemPortIdVec></MemPortIdVec>
<condition id="-1">
<or_exp><and_exp></and_exp></or_exp>
</condition>

<Node id="15" bw="8" op_0_bw="8">
<![CDATA[
.preheader.preheader:1  %regs_5_10_load = load i8* @regs_5_10, align 1

]]></Node>
<StgValue><ssdm name="regs_5_10_load"/></StgValue>
</operation>

<operation id="4" st_id="1" stage="1" lat="1">
<core>NULL</core>
<MemPortIdVec></MemPortIdVec>
<condition id="-1">
<or_exp><and_exp></and_exp></or_exp>
</condition>

<Node id="16" bw="8" op_0_bw="8">
<![CDATA[
.preheader.preheader:2  %regs_5_9_load = load i8* @regs_5_9, align 1

]]></Node>
<StgValue><ssdm name="regs_5_9_load"/></StgValue>
</operation>

<operation id="5" st_id="1" stage="1" lat="1">
<core>NULL</core>
<MemPortIdVec></MemPortIdVec>
<condition id="-1">
<or_exp><and_exp></and_exp></or_exp>
</condition>

<Node id="17" bw="0" op_0_bw="8" op_1_bw="8" op_2_bw="8">
<![CDATA[
.preheader.preheader:3  store i8 %regs_5_9_load, i8* @regs_5_10, align 1

]]></Node>
<StgValue><ssdm name="store_ln15"/></StgValue>
</operation>

<operation id="6" st_id="1" stage="1" lat="1">
<core>NULL</core>
<MemPortIdVec></MemPortIdVec>
<condition id="-1">
<or_exp><and_exp></and_exp></or_exp>
</condition>

<Node id="18" bw="8" op_0_bw="8">
<![CDATA[
.preheader.preheader:4  %regs_5_8_load = load i8* @regs_5_8, align 1

]]></Node>
<StgValue><ssdm name="regs_5_8_load"/></StgValue>
</operation>

<operation id="7" st_id="1" stage="1" lat="1">
<core>NULL</core>
<MemPortIdVec></MemPortIdVec>
<condition id="-1">
<or_exp><and_exp></and_exp></or_exp>
</condition>

<Node id="19" bw="0" op_0_bw="8" op_1_bw="8" op_2_bw="8">
<![CDATA[
.preheader.preheader:5  store i8 %regs_5_8_load, i8* @regs_5_9, align 1

]]></Node>
<StgValue><ssdm name="store_ln15"/></StgValue>
</operation>

<operation id="8" st_id="1" stage="1" lat="1">
<core>NULL</core>
<MemPortIdVec></MemPortIdVec>
<condition id="-1">
<or_exp><and_exp></and_exp></or_exp>
</condition>

<Node id="20" bw="8" op_0_bw="8">
<![CDATA[
.preheader.preheader:6  %regs_5_7_load = load i8* @regs_5_7, align 1

]]></Node>
<StgValue><ssdm name="regs_5_7_load"/></StgValue>
</operation>

<operation id="9" st_id="1" stage="1" lat="1">
<core>NULL</core>
<MemPortIdVec></MemPortIdVec>
<condition id="-1">
<or_exp><and_exp></and_exp></or_exp>
</condition>

<Node id="21" bw="0" op_0_bw="8" op_1_bw="8" op_2_bw="8">
<![CDATA[
.preheader.preheader:7  store i8 %regs_5_7_load, i8* @regs_5_8, align 1

]]></Node>
<StgValue><ssdm name="store_ln15"/></StgValue>
</operation>

<operation id="10" st_id="1" stage="1" lat="1">
<core>NULL</core>
<MemPortIdVec></MemPortIdVec>
<condition id="-1">
<or_exp><and_exp></and_exp></or_exp>
</condition>

<Node id="22" bw="8" op_0_bw="8">
<![CDATA[
.preheader.preheader:8  %regs_5_6_load = load i8* @regs_5_6, align 1

]]></Node>
<StgValue><ssdm name="regs_5_6_load"/></StgValue>
</operation>

<operation id="11" st_id="1" stage="1" lat="1">
<core>NULL</core>
<MemPortIdVec></MemPortIdVec>
<condition id="-1">
<or_exp><and_exp></and_exp></or_exp>
</condition>

<Node id="23" bw="0" op_0_bw="8" op_1_bw="8" op_2_bw="8">
<![CDATA[
.preheader.preheader:9  store i8 %regs_5_6_load, i8* @regs_5_7, align 1

]]></Node>
<StgValue><ssdm name="store_ln15"/></StgValue>
</operation>

<operation id="12" st_id="1" stage="1" lat="1">
<core>NULL</core>
<MemPortIdVec></MemPortIdVec>
<condition id="-1">
<or_exp><and_exp></and_exp></or_exp>
</condition>

<Node id="24" bw="8" op_0_bw="8">
<![CDATA[
.preheader.preheader:10  %regs_5_5_load = load i8* @regs_5_5, align 1

]]></Node>
<StgValue><ssdm name="regs_5_5_load"/></StgValue>
</operation>

<operation id="13" st_id="1" stage="1" lat="1">
<core>NULL</core>
<MemPortIdVec></MemPortIdVec>
<condition id="-1">
<or_exp><and_exp></and_exp></or_exp>
</condition>

<Node id="25" bw="0" op_0_bw="8" op_1_bw="8" op_2_bw="8">
<![CDATA[
.preheader.preheader:11  store i8 %regs_5_5_load, i8* @regs_5_6, align 1

]]></Node>
<StgValue><ssdm name="store_ln15"/></StgValue>
</operation>

<operation id="14" st_id="1" stage="1" lat="1">
<core>NULL</core>
<MemPortIdVec></MemPortIdVec>
<condition id="-1">
<or_exp><and_exp></and_exp></or_exp>
</condition>

<Node id="26" bw="8" op_0_bw="8">
<![CDATA[
.preheader.preheader:12  %regs_5_4_load = load i8* @regs_5_4, align 1

]]></Node>
<StgValue><ssdm name="regs_5_4_load"/></StgValue>
</operation>

<operation id="15" st_id="1" stage="1" lat="1">
<core>NULL</core>
<MemPortIdVec></MemPortIdVec>
<condition id="-1">
<or_exp><and_exp></and_exp></or_exp>
</condition>

<Node id="27" bw="0" op_0_bw="8" op_1_bw="8" op_2_bw="8">
<![CDATA[
.preheader.preheader:13  store i8 %regs_5_4_load, i8* @regs_5_5, align 1

]]></Node>
<StgValue><ssdm name="store_ln15"/></StgValue>
</operation>

<operation id="16" st_id="1" stage="1" lat="1">
<core>NULL</core>
<MemPortIdVec></MemPortIdVec>
<condition id="-1">
<or_exp><and_exp></and_exp></or_exp>
</condition>

<Node id="28" bw="8" op_0_bw="8">
<![CDATA[
.preheader.preheader:14  %regs_5_3_load = load i8* @regs_5_3, align 1

]]></Node>
<StgValue><ssdm name="regs_5_3_load"/></StgValue>
</operation>

<operation id="17" st_id="1" stage="1" lat="1">
<core>NULL</core>
<MemPortIdVec></MemPortIdVec>
<condition id="-1">
<or_exp><and_exp></and_exp></or_exp>
</condition>

<Node id="29" bw="0" op_0_bw="8" op_1_bw="8" op_2_bw="8">
<![CDATA[
.preheader.preheader:15  store i8 %regs_5_3_load, i8* @regs_5_4, align 1

]]></Node>
<StgValue><ssdm name="store_ln15"/></StgValue>
</operation>

<operation id="18" st_id="1" stage="1" lat="1">
<core>NULL</core>
<MemPortIdVec></MemPortIdVec>
<condition id="-1">
<or_exp><and_exp></and_exp></or_exp>
</condition>

<Node id="30" bw="8" op_0_bw="8">
<![CDATA[
.preheader.preheader:16  %regs_5_2_load = load i8* @regs_5_2, align 1

]]></Node>
<StgValue><ssdm name="regs_5_2_load"/></StgValue>
</operation>

<operation id="19" st_id="1" stage="1" lat="1">
<core>NULL</core>
<MemPortIdVec></MemPortIdVec>
<condition id="-1">
<or_exp><and_exp></and_exp></or_exp>
</condition>

<Node id="31" bw="0" op_0_bw="8" op_1_bw="8" op_2_bw="8">
<![CDATA[
.preheader.preheader:17  store i8 %regs_5_2_load, i8* @regs_5_3, align 1

]]></Node>
<StgValue><ssdm name="store_ln15"/></StgValue>
</operation>

<operation id="20" st_id="1" stage="1" lat="1">
<core>NULL</core>
<MemPortIdVec></MemPortIdVec>
<condition id="-1">
<or_exp><and_exp></and_exp></or_exp>
</condition>

<Node id="32" bw="8" op_0_bw="8">
<![CDATA[
.preheader.preheader:18  %regs_5_1_load = load i8* @regs_5_1, align 1

]]></Node>
<StgValue><ssdm name="regs_5_1_load"/></StgValue>
</operation>

<operation id="21" st_id="1" stage="1" lat="1">
<core>NULL</core>
<MemPortIdVec></MemPortIdVec>
<condition id="-1">
<or_exp><and_exp></and_exp></or_exp>
</condition>

<Node id="33" bw="0" op_0_bw="8" op_1_bw="8" op_2_bw="8">
<![CDATA[
.preheader.preheader:19  store i8 %regs_5_1_load, i8* @regs_5_2, align 1

]]></Node>
<StgValue><ssdm name="store_ln15"/></StgValue>
</operation>

<operation id="22" st_id="1" stage="1" lat="1">
<core>NULL</core>
<MemPortIdVec></MemPortIdVec>
<condition id="-1">
<or_exp><and_exp></and_exp></or_exp>
</condition>

<Node id="34" bw="8" op_0_bw="8">
<![CDATA[
.preheader.preheader:20  %regs_5_0_load = load i8* @regs_5_0, align 1

]]></Node>
<StgValue><ssdm name="regs_5_0_load"/></StgValue>
</operation>

<operation id="23" st_id="1" stage="1" lat="1">
<core>NULL</core>
<MemPortIdVec></MemPortIdVec>
<condition id="-1">
<or_exp><and_exp></and_exp></or_exp>
</condition>

<Node id="35" bw="0" op_0_bw="8" op_1_bw="8" op_2_bw="8">
<![CDATA[
.preheader.preheader:21  store i8 %regs_5_0_load, i8* @regs_5_1, align 1

]]></Node>
<StgValue><ssdm name="store_ln15"/></StgValue>
</operation>

<operation id="24" st_id="1" stage="1" lat="1">
<core>NULL</core>
<MemPortIdVec></MemPortIdVec>
<condition id="-1">
<or_exp><and_exp></and_exp></or_exp>
</condition>

<Node id="36" bw="0" op_0_bw="8" op_1_bw="8" op_2_bw="8">
<![CDATA[
.preheader.preheader:22  store i8 %din_read, i8* @regs_5_0, align 1

]]></Node>
<StgValue><ssdm name="store_ln13"/></StgValue>
</operation>

<operation id="25" st_id="1" stage="1" lat="1">
<core>NULL</core>
<MemPortIdVec></MemPortIdVec>
<condition id="-1">
<or_exp><and_exp></and_exp></or_exp>
</condition>

<Node id="37" bw="96" op_0_bw="96" op_1_bw="8">
<![CDATA[
.preheader.preheader:23  %mrv = insertvalue { i8, i8, i8, i8, i8, i8, i8, i8, i8, i8, i8, i8 } undef, i8 %din_read, 0

]]></Node>
<StgValue><ssdm name="mrv"/></StgValue>
</operation>

<operation id="26" st_id="1" stage="1" lat="1">
<core>NULL</core>
<MemPortIdVec></MemPortIdVec>
<condition id="-1">
<or_exp><and_exp></and_exp></or_exp>
</condition>

<Node id="38" bw="96" op_0_bw="96" op_1_bw="8">
<![CDATA[
.preheader.preheader:24  %mrv_1 = insertvalue { i8, i8, i8, i8, i8, i8, i8, i8, i8, i8, i8, i8 } %mrv, i8 %regs_5_0_load, 1

]]></Node>
<StgValue><ssdm name="mrv_1"/></StgValue>
</operation>

<operation id="27" st_id="1" stage="1" lat="1">
<core>NULL</core>
<MemPortIdVec></MemPortIdVec>
<condition id="-1">
<or_exp><and_exp></and_exp></or_exp>
</condition>

<Node id="39" bw="96" op_0_bw="96" op_1_bw="8">
<![CDATA[
.preheader.preheader:25  %mrv_2 = insertvalue { i8, i8, i8, i8, i8, i8, i8, i8, i8, i8, i8, i8 } %mrv_1, i8 %regs_5_1_load, 2

]]></Node>
<StgValue><ssdm name="mrv_2"/></StgValue>
</operation>

<operation id="28" st_id="1" stage="1" lat="1">
<core>NULL</core>
<MemPortIdVec></MemPortIdVec>
<condition id="-1">
<or_exp><and_exp></and_exp></or_exp>
</condition>

<Node id="40" bw="96" op_0_bw="96" op_1_bw="8">
<![CDATA[
.preheader.preheader:26  %mrv_3 = insertvalue { i8, i8, i8, i8, i8, i8, i8, i8, i8, i8, i8, i8 } %mrv_2, i8 %regs_5_2_load, 3

]]></Node>
<StgValue><ssdm name="mrv_3"/></StgValue>
</operation>

<operation id="29" st_id="1" stage="1" lat="1">
<core>NULL</core>
<MemPortIdVec></MemPortIdVec>
<condition id="-1">
<or_exp><and_exp></and_exp></or_exp>
</condition>

<Node id="41" bw="96" op_0_bw="96" op_1_bw="8">
<![CDATA[
.preheader.preheader:27  %mrv_4 = insertvalue { i8, i8, i8, i8, i8, i8, i8, i8, i8, i8, i8, i8 } %mrv_3, i8 %regs_5_3_load, 4

]]></Node>
<StgValue><ssdm name="mrv_4"/></StgValue>
</operation>

<operation id="30" st_id="1" stage="1" lat="1">
<core>NULL</core>
<MemPortIdVec></MemPortIdVec>
<condition id="-1">
<or_exp><and_exp></and_exp></or_exp>
</condition>

<Node id="42" bw="96" op_0_bw="96" op_1_bw="8">
<![CDATA[
.preheader.preheader:28  %mrv_5 = insertvalue { i8, i8, i8, i8, i8, i8, i8, i8, i8, i8, i8, i8 } %mrv_4, i8 %regs_5_4_load, 5

]]></Node>
<StgValue><ssdm name="mrv_5"/></StgValue>
</operation>

<operation id="31" st_id="1" stage="1" lat="1">
<core>NULL</core>
<MemPortIdVec></MemPortIdVec>
<condition id="-1">
<or_exp><and_exp></and_exp></or_exp>
</condition>

<Node id="43" bw="96" op_0_bw="96" op_1_bw="8">
<![CDATA[
.preheader.preheader:29  %mrv_6 = insertvalue { i8, i8, i8, i8, i8, i8, i8, i8, i8, i8, i8, i8 } %mrv_5, i8 %regs_5_5_load, 6

]]></Node>
<StgValue><ssdm name="mrv_6"/></StgValue>
</operation>

<operation id="32" st_id="1" stage="1" lat="1">
<core>NULL</core>
<MemPortIdVec></MemPortIdVec>
<condition id="-1">
<or_exp><and_exp></and_exp></or_exp>
</condition>

<Node id="44" bw="96" op_0_bw="96" op_1_bw="8">
<![CDATA[
.preheader.preheader:30  %mrv_7 = insertvalue { i8, i8, i8, i8, i8, i8, i8, i8, i8, i8, i8, i8 } %mrv_6, i8 %regs_5_6_load, 7

]]></Node>
<StgValue><ssdm name="mrv_7"/></StgValue>
</operation>

<operation id="33" st_id="1" stage="1" lat="1">
<core>NULL</core>
<MemPortIdVec></MemPortIdVec>
<condition id="-1">
<or_exp><and_exp></and_exp></or_exp>
</condition>

<Node id="45" bw="96" op_0_bw="96" op_1_bw="8">
<![CDATA[
.preheader.preheader:31  %mrv_8 = insertvalue { i8, i8, i8, i8, i8, i8, i8, i8, i8, i8, i8, i8 } %mrv_7, i8 %regs_5_7_load, 8

]]></Node>
<StgValue><ssdm name="mrv_8"/></StgValue>
</operation>

<operation id="34" st_id="1" stage="1" lat="1">
<core>NULL</core>
<MemPortIdVec></MemPortIdVec>
<condition id="-1">
<or_exp><and_exp></and_exp></or_exp>
</condition>

<Node id="46" bw="96" op_0_bw="96" op_1_bw="8">
<![CDATA[
.preheader.preheader:32  %mrv_9 = insertvalue { i8, i8, i8, i8, i8, i8, i8, i8, i8, i8, i8, i8 } %mrv_8, i8 %regs_5_8_load, 9

]]></Node>
<StgValue><ssdm name="mrv_9"/></StgValue>
</operation>

<operation id="35" st_id="1" stage="1" lat="1">
<core>NULL</core>
<MemPortIdVec></MemPortIdVec>
<condition id="-1">
<or_exp><and_exp></and_exp></or_exp>
</condition>

<Node id="47" bw="96" op_0_bw="96" op_1_bw="8">
<![CDATA[
.preheader.preheader:33  %mrv_10 = insertvalue { i8, i8, i8, i8, i8, i8, i8, i8, i8, i8, i8, i8 } %mrv_9, i8 %regs_5_9_load, 10

]]></Node>
<StgValue><ssdm name="mrv_10"/></StgValue>
</operation>

<operation id="36" st_id="1" stage="1" lat="1">
<core>NULL</core>
<MemPortIdVec></MemPortIdVec>
<condition id="-1">
<or_exp><and_exp></and_exp></or_exp>
</condition>

<Node id="48" bw="96" op_0_bw="96" op_1_bw="8">
<![CDATA[
.preheader.preheader:34  %mrv_s = insertvalue { i8, i8, i8, i8, i8, i8, i8, i8, i8, i8, i8, i8 } %mrv_10, i8 %regs_5_10_load, 11

]]></Node>
<StgValue><ssdm name="mrv_s"/></StgValue>
</operation>

<operation id="37" st_id="1" stage="1" lat="1">
<core>NULL</core>
<MemPortIdVec></MemPortIdVec>
<condition id="-1">
<or_exp><and_exp></and_exp></or_exp>
</condition>

<Node id="49" bw="0" op_0_bw="96">
<![CDATA[
.preheader.preheader:35  ret { i8, i8, i8, i8, i8, i8, i8, i8, i8, i8, i8, i8 } %mrv_s

]]></Node>
<StgValue><ssdm name="ret_ln23"/></StgValue>
</operation>
</state>
</state_list>


<ports>
<port id="38" name="din" dir="0" iftype="0">
<core>NULL</core><StgValue><ssdm name="din"/></StgValue>
</port>
<port id="39" name="regs_5_10" dir="2" iftype="0">
<core>NULL</core><StgValue><ssdm name="regs_5_10"/></StgValue>
</port>
<port id="40" name="regs_5_9" dir="2" iftype="0">
<core>NULL</core><StgValue><ssdm name="regs_5_9"/></StgValue>
</port>
<port id="41" name="regs_5_8" dir="2" iftype="0">
<core>NULL</core><StgValue><ssdm name="regs_5_8"/></StgValue>
</port>
<port id="42" name="regs_5_7" dir="2" iftype="0">
<core>NULL</core><StgValue><ssdm name="regs_5_7"/></StgValue>
</port>
<port id="43" name="regs_5_6" dir="2" iftype="0">
<core>NULL</core><StgValue><ssdm name="regs_5_6"/></StgValue>
</port>
<port id="44" name="regs_5_5" dir="2" iftype="0">
<core>NULL</core><StgValue><ssdm name="regs_5_5"/></StgValue>
</port>
<port id="45" name="regs_5_4" dir="2" iftype="0">
<core>NULL</core><StgValue><ssdm name="regs_5_4"/></StgValue>
</port>
<port id="46" name="regs_5_3" dir="2" iftype="0">
<core>NULL</core><StgValue><ssdm name="regs_5_3"/></StgValue>
</port>
<port id="47" name="regs_5_2" dir="2" iftype="0">
<core>NULL</core><StgValue><ssdm name="regs_5_2"/></StgValue>
</port>
<port id="48" name="regs_5_1" dir="2" iftype="0">
<core>NULL</core><StgValue><ssdm name="regs_5_1"/></StgValue>
</port>
<port id="49" name="regs_5_0" dir="2" iftype="0">
<core>NULL</core><StgValue><ssdm name="regs_5_0"/></StgValue>
</port>
</ports>


<dataflows>
<dataflow id="51" from="_ssdm_op_Read.ap_auto.i8" to="din_read" fromId="50" toId="2">
</dataflow>
<dataflow id="52" from="din" to="din_read" fromId="38" toId="2">
</dataflow>
<dataflow id="53" from="regs_5_10" to="regs_5_10_load" fromId="39" toId="3">
</dataflow>
<dataflow id="54" from="regs_5_9" to="regs_5_9_load" fromId="40" toId="4">
</dataflow>
<dataflow id="55" from="regs_5_9_load" to="store_ln15" fromId="4" toId="5">
</dataflow>
<dataflow id="56" from="regs_5_10" to="store_ln15" fromId="39" toId="5">
</dataflow>
<dataflow id="57" from="regs_5_8" to="regs_5_8_load" fromId="41" toId="6">
</dataflow>
<dataflow id="58" from="regs_5_8_load" to="store_ln15" fromId="6" toId="7">
</dataflow>
<dataflow id="59" from="regs_5_9" to="store_ln15" fromId="40" toId="7">
</dataflow>
<dataflow id="60" from="regs_5_7" to="regs_5_7_load" fromId="42" toId="8">
</dataflow>
<dataflow id="61" from="regs_5_7_load" to="store_ln15" fromId="8" toId="9">
</dataflow>
<dataflow id="62" from="regs_5_8" to="store_ln15" fromId="41" toId="9">
</dataflow>
<dataflow id="63" from="regs_5_6" to="regs_5_6_load" fromId="43" toId="10">
</dataflow>
<dataflow id="64" from="regs_5_6_load" to="store_ln15" fromId="10" toId="11">
</dataflow>
<dataflow id="65" from="regs_5_7" to="store_ln15" fromId="42" toId="11">
</dataflow>
<dataflow id="66" from="regs_5_5" to="regs_5_5_load" fromId="44" toId="12">
</dataflow>
<dataflow id="67" from="regs_5_5_load" to="store_ln15" fromId="12" toId="13">
</dataflow>
<dataflow id="68" from="regs_5_6" to="store_ln15" fromId="43" toId="13">
</dataflow>
<dataflow id="69" from="regs_5_4" to="regs_5_4_load" fromId="45" toId="14">
</dataflow>
<dataflow id="70" from="regs_5_4_load" to="store_ln15" fromId="14" toId="15">
</dataflow>
<dataflow id="71" from="regs_5_5" to="store_ln15" fromId="44" toId="15">
</dataflow>
<dataflow id="72" from="regs_5_3" to="regs_5_3_load" fromId="46" toId="16">
</dataflow>
<dataflow id="73" from="regs_5_3_load" to="store_ln15" fromId="16" toId="17">
</dataflow>
<dataflow id="74" from="regs_5_4" to="store_ln15" fromId="45" toId="17">
</dataflow>
<dataflow id="75" from="regs_5_2" to="regs_5_2_load" fromId="47" toId="18">
</dataflow>
<dataflow id="76" from="regs_5_2_load" to="store_ln15" fromId="18" toId="19">
</dataflow>
<dataflow id="77" from="regs_5_3" to="store_ln15" fromId="46" toId="19">
</dataflow>
<dataflow id="78" from="regs_5_1" to="regs_5_1_load" fromId="48" toId="20">
</dataflow>
<dataflow id="79" from="regs_5_1_load" to="store_ln15" fromId="20" toId="21">
</dataflow>
<dataflow id="80" from="regs_5_2" to="store_ln15" fromId="47" toId="21">
</dataflow>
<dataflow id="81" from="regs_5_0" to="regs_5_0_load" fromId="49" toId="22">
</dataflow>
<dataflow id="82" from="regs_5_0_load" to="store_ln15" fromId="22" toId="23">
</dataflow>
<dataflow id="83" from="regs_5_1" to="store_ln15" fromId="48" toId="23">
</dataflow>
<dataflow id="84" from="din_read" to="store_ln13" fromId="2" toId="24">
</dataflow>
<dataflow id="85" from="regs_5_0" to="store_ln13" fromId="49" toId="24">
</dataflow>
<dataflow id="87" from="StgValue_86" to="mrv" fromId="86" toId="25">
</dataflow>
<dataflow id="88" from="din_read" to="mrv" fromId="2" toId="25">
</dataflow>
<dataflow id="89" from="mrv" to="mrv_1" fromId="25" toId="26">
</dataflow>
<dataflow id="90" from="regs_5_0_load" to="mrv_1" fromId="22" toId="26">
</dataflow>
<dataflow id="91" from="mrv_1" to="mrv_2" fromId="26" toId="27">
</dataflow>
<dataflow id="92" from="regs_5_1_load" to="mrv_2" fromId="20" toId="27">
</dataflow>
<dataflow id="93" from="mrv_2" to="mrv_3" fromId="27" toId="28">
</dataflow>
<dataflow id="94" from="regs_5_2_load" to="mrv_3" fromId="18" toId="28">
</dataflow>
<dataflow id="95" from="mrv_3" to="mrv_4" fromId="28" toId="29">
</dataflow>
<dataflow id="96" from="regs_5_3_load" to="mrv_4" fromId="16" toId="29">
</dataflow>
<dataflow id="97" from="mrv_4" to="mrv_5" fromId="29" toId="30">
</dataflow>
<dataflow id="98" from="regs_5_4_load" to="mrv_5" fromId="14" toId="30">
</dataflow>
<dataflow id="99" from="mrv_5" to="mrv_6" fromId="30" toId="31">
</dataflow>
<dataflow id="100" from="regs_5_5_load" to="mrv_6" fromId="12" toId="31">
</dataflow>
<dataflow id="101" from="mrv_6" to="mrv_7" fromId="31" toId="32">
</dataflow>
<dataflow id="102" from="regs_5_6_load" to="mrv_7" fromId="10" toId="32">
</dataflow>
<dataflow id="103" from="mrv_7" to="mrv_8" fromId="32" toId="33">
</dataflow>
<dataflow id="104" from="regs_5_7_load" to="mrv_8" fromId="8" toId="33">
</dataflow>
<dataflow id="105" from="mrv_8" to="mrv_9" fromId="33" toId="34">
</dataflow>
<dataflow id="106" from="regs_5_8_load" to="mrv_9" fromId="6" toId="34">
</dataflow>
<dataflow id="107" from="mrv_9" to="mrv_10" fromId="34" toId="35">
</dataflow>
<dataflow id="108" from="regs_5_9_load" to="mrv_10" fromId="4" toId="35">
</dataflow>
<dataflow id="109" from="mrv_10" to="mrv_s" fromId="35" toId="36">
</dataflow>
<dataflow id="110" from="regs_5_10_load" to="mrv_s" fromId="3" toId="36">
</dataflow>
<dataflow id="111" from="mrv_s" to="ret_ln23" fromId="36" toId="37">
</dataflow>
</dataflows>


</stg>
