<annotationInfo>
<annotationInfo>
<item  id="5" filename="Shift_Register/shift_reg_ip.cpp" linenumber="20" name="sext_ln20" contextFuncName="shift_reg_ip" moduleName="shift_reg_ip" rtlName="sext_ln20_fu_54_p1" latency="0" BRAM="-1" DSP="-1" FF="-1" LUT="-1" fileDirectory="D:\Repo\hls\labA"&gt;&lt;\/item&gt;
<item  id="8" filename="Shift_Register/shift_reg_ip.cpp" linenumber="25" name="trunc_ln25" contextFuncName="shift_reg_ip" moduleName="shift_reg_ip" rtlName="trunc_ln25_fu_78_p1" latency="0" BRAM="-1" DSP="-1" FF="-1" LUT="-1" fileDirectory="D:\Repo\hls\labA"&gt;&lt;\/item&gt;
<item  id="10" filename="Shift_Register/shift_reg_ip.cpp" linenumber="25" name="trunc_ln25_1" contextFuncName="shift_reg_ip" moduleName="shift_reg_ip" rtlName="trunc_ln25_1_fu_92_p1" latency="0" BRAM="-1" DSP="-1" FF="-1" LUT="-1" fileDirectory="D:\Repo\hls\labA"&gt;&lt;\/item&gt;
<item  id="12" filename="Shift_Register/shift_reg_ip.cpp" linenumber="25" name="trunc_ln25_2" contextFuncName="shift_reg_ip" moduleName="shift_reg_ip" rtlName="trunc_ln25_2_fu_106_p1" latency="0" BRAM="-1" DSP="-1" FF="-1" LUT="-1" fileDirectory="D:\Repo\hls\labA"&gt;&lt;\/item&gt;
<item  id="14" filename="Shift_Register/shift_reg_ip.cpp" linenumber="25" name="trunc_ln25_3" contextFuncName="shift_reg_ip" moduleName="shift_reg_ip" rtlName="trunc_ln25_3_fu_120_p1" latency="0" BRAM="-1" DSP="-1" FF="-1" LUT="-1" fileDirectory="D:\Repo\hls\labA"&gt;&lt;\/item&gt;
<item  id="16" filename="Shift_Register/shift_reg_ip.cpp" linenumber="25" name="trunc_ln25_4" contextFuncName="shift_reg_ip" moduleName="shift_reg_ip" rtlName="trunc_ln25_4_fu_134_p1" latency="0" BRAM="-1" DSP="-1" FF="-1" LUT="-1" fileDirectory="D:\Repo\hls\labA"&gt;&lt;\/item&gt;
<item  id="18" filename="Shift_Register/shift_reg_ip.cpp" linenumber="25" name="trunc_ln25_5" contextFuncName="shift_reg_ip" moduleName="shift_reg_ip" rtlName="trunc_ln25_5_fu_148_p1" latency="0" BRAM="-1" DSP="-1" FF="-1" LUT="-1" fileDirectory="D:\Repo\hls\labA"&gt;&lt;\/item&gt;
<item  id="20" filename="Shift_Register/shift_reg_ip.cpp" linenumber="25" name="trunc_ln25_6" contextFuncName="shift_reg_ip" moduleName="shift_reg_ip" rtlName="trunc_ln25_6_fu_162_p1" latency="0" BRAM="-1" DSP="-1" FF="-1" LUT="-1" fileDirectory="D:\Repo\hls\labA"&gt;&lt;\/item&gt;
<item  id="22" filename="Shift_Register/shift_reg_ip.cpp" linenumber="25" name="trunc_ln25_7" contextFuncName="shift_reg_ip" moduleName="shift_reg_ip" rtlName="trunc_ln25_7_fu_176_p1" latency="0" BRAM="-1" DSP="-1" FF="-1" LUT="-1" fileDirectory="D:\Repo\hls\labA"&gt;&lt;\/item&gt;
<item  id="24" filename="Shift_Register/shift_reg_ip.cpp" linenumber="25" name="trunc_ln25_8" contextFuncName="shift_reg_ip" moduleName="shift_reg_ip" rtlName="trunc_ln25_8_fu_190_p1" latency="0" BRAM="-1" DSP="-1" FF="-1" LUT="-1" fileDirectory="D:\Repo\hls\labA"&gt;&lt;\/item&gt;
<item  id="26" filename="Shift_Register/shift_reg_ip.cpp" linenumber="25" name="trunc_ln25_9" contextFuncName="shift_reg_ip" moduleName="shift_reg_ip" rtlName="trunc_ln25_9_fu_204_p1" latency="0" BRAM="-1" DSP="-1" FF="-1" LUT="-1" fileDirectory="D:\Repo\hls\labA"&gt;&lt;\/item&gt;
<item  id="28" filename="Shift_Register/shift_reg_ip.cpp" linenumber="25" name="trunc_ln25_10" contextFuncName="shift_reg_ip" moduleName="shift_reg_ip" rtlName="trunc_ln25_10_fu_218_p1" latency="0" BRAM="-1" DSP="-1" FF="-1" LUT="-1" fileDirectory="D:\Repo\hls\labA"&gt;&lt;\/item&gt;
<item  id="30" filename="Shift_Register/shift_reg_ip.cpp" linenumber="25" name="trunc_ln25_11" contextFuncName="shift_reg_ip" moduleName="shift_reg_ip" rtlName="trunc_ln25_11_fu_232_p1" latency="0" BRAM="-1" DSP="-1" FF="-1" LUT="-1" fileDirectory="D:\Repo\hls\labA"&gt;&lt;\/item&gt;
&lt;\/annotationInfo&gt;
<annotationInfo>
<item  id="55" filename="Shift_Register/shift_class.h" linenumber="52" name="select_ln52" contextFuncName="shift" moduleName="shift_reg_class" rtlName="select_ln52_fu_297_p3" latency="0" BRAM="-1" DSP="-1" FF="0" LUT="8" fileDirectory="D:\Repo\hls\labA"&gt;&lt;\/item&gt;
<item  id="56" filename="Shift_Register/shift_class.h" linenumber="25" name="select_ln25" contextFuncName="set_sync_rst" moduleName="shift_reg_class" rtlName="select_ln25_fu_305_p3" latency="0" BRAM="-1" DSP="-1" FF="0" LUT="8" fileDirectory="D:\Repo\hls\labA"&gt;&lt;\/item&gt;
<item  id="58" filename="Shift_Register/shift_class.h" linenumber="52" name="select_ln52_1" contextFuncName="shift" moduleName="shift_reg_class" rtlName="select_ln52_1_fu_319_p3" latency="0" BRAM="-1" DSP="-1" FF="0" LUT="8" fileDirectory="D:\Repo\hls\labA"&gt;&lt;\/item&gt;
<item  id="59" filename="Shift_Register/shift_class.h" linenumber="25" name="select_ln25_1" contextFuncName="set_sync_rst" moduleName="shift_reg_class" rtlName="select_ln25_1_fu_327_p3" latency="0" BRAM="-1" DSP="-1" FF="0" LUT="8" fileDirectory="D:\Repo\hls\labA"&gt;&lt;\/item&gt;
<item  id="61" filename="Shift_Register/shift_class.h" linenumber="52" name="select_ln52_2" contextFuncName="shift" moduleName="shift_reg_class" rtlName="select_ln52_2_fu_341_p3" latency="0" BRAM="-1" DSP="-1" FF="0" LUT="8" fileDirectory="D:\Repo\hls\labA"&gt;&lt;\/item&gt;
<item  id="62" filename="Shift_Register/shift_class.h" linenumber="25" name="select_ln25_2" contextFuncName="set_sync_rst" moduleName="shift_reg_class" rtlName="select_ln25_2_fu_349_p3" latency="0" BRAM="-1" DSP="-1" FF="0" LUT="8" fileDirectory="D:\Repo\hls\labA"&gt;&lt;\/item&gt;
<item  id="64" filename="Shift_Register/shift_class.h" linenumber="52" name="select_ln52_3" contextFuncName="shift" moduleName="shift_reg_class" rtlName="select_ln52_3_fu_363_p3" latency="0" BRAM="-1" DSP="-1" FF="0" LUT="8" fileDirectory="D:\Repo\hls\labA"&gt;&lt;\/item&gt;
<item  id="65" filename="Shift_Register/shift_class.h" linenumber="25" name="select_ln25_3" contextFuncName="set_sync_rst" moduleName="shift_reg_class" rtlName="select_ln25_3_fu_371_p3" latency="0" BRAM="-1" DSP="-1" FF="0" LUT="8" fileDirectory="D:\Repo\hls\labA"&gt;&lt;\/item&gt;
<item  id="67" filename="Shift_Register/shift_class.h" linenumber="52" name="select_ln52_4" contextFuncName="shift" moduleName="shift_reg_class" rtlName="select_ln52_4_fu_385_p3" latency="0" BRAM="-1" DSP="-1" FF="0" LUT="8" fileDirectory="D:\Repo\hls\labA"&gt;&lt;\/item&gt;
<item  id="68" filename="Shift_Register/shift_class.h" linenumber="25" name="select_ln25_4" contextFuncName="set_sync_rst" moduleName="shift_reg_class" rtlName="select_ln25_4_fu_393_p3" latency="0" BRAM="-1" DSP="-1" FF="0" LUT="8" fileDirectory="D:\Repo\hls\labA"&gt;&lt;\/item&gt;
<item  id="70" filename="Shift_Register/shift_class.h" linenumber="52" name="select_ln52_5" contextFuncName="shift" moduleName="shift_reg_class" rtlName="select_ln52_5_fu_407_p3" latency="0" BRAM="-1" DSP="-1" FF="0" LUT="8" fileDirectory="D:\Repo\hls\labA"&gt;&lt;\/item&gt;
<item  id="71" filename="Shift_Register/shift_class.h" linenumber="25" name="select_ln25_5" contextFuncName="set_sync_rst" moduleName="shift_reg_class" rtlName="select_ln25_5_fu_415_p3" latency="0" BRAM="-1" DSP="-1" FF="0" LUT="8" fileDirectory="D:\Repo\hls\labA"&gt;&lt;\/item&gt;
<item  id="73" filename="Shift_Register/shift_class.h" linenumber="52" name="select_ln52_6" contextFuncName="shift" moduleName="shift_reg_class" rtlName="select_ln52_6_fu_429_p3" latency="0" BRAM="-1" DSP="-1" FF="0" LUT="8" fileDirectory="D:\Repo\hls\labA"&gt;&lt;\/item&gt;
<item  id="74" filename="Shift_Register/shift_class.h" linenumber="25" name="select_ln25_6" contextFuncName="set_sync_rst" moduleName="shift_reg_class" rtlName="select_ln25_6_fu_437_p3" latency="0" BRAM="-1" DSP="-1" FF="0" LUT="8" fileDirectory="D:\Repo\hls\labA"&gt;&lt;\/item&gt;
<item  id="76" filename="Shift_Register/shift_class.h" linenumber="50" name="xor_ln50" contextFuncName="shift" moduleName="shift_reg_class" rtlName="xor_ln50_fu_451_p2" latency="0" BRAM="-1" DSP="-1" FF="0" LUT="2" fileDirectory="D:\Repo\hls\labA"&gt;&lt;\/item&gt;
<item  id="77" filename="Shift_Register/shift_class.h" linenumber="50" name="or_ln50" contextFuncName="shift" moduleName="shift_reg_class" rtlName="or_ln50_fu_457_p2" latency="0" BRAM="-1" DSP="-1" FF="0" LUT="2" fileDirectory="D:\Repo\hls\labA"&gt;&lt;\/item&gt;
<item  id="78" filename="Shift_Register/shift_class.h" linenumber="50" name="select_ln50" contextFuncName="shift" moduleName="shift_reg_class" rtlName="select_ln50_fu_463_p3" latency="0" BRAM="-1" DSP="-1" FF="0" LUT="8" fileDirectory="D:\Repo\hls\labA"&gt;&lt;\/item&gt;
<item  id="79" filename="Shift_Register/shift_class.h" linenumber="50" name="select_ln50_1" contextFuncName="shift" moduleName="shift_reg_class" rtlName="select_ln50_1_fu_471_p3" latency="0" BRAM="-1" DSP="-1" FF="0" LUT="8" fileDirectory="D:\Repo\hls\labA"&gt;&lt;\/item&gt;
&lt;\/annotationInfo&gt;
<annotationInfo>
<item  id="18" filename="Shift_Register/shift_reg_sreset.cpp" linenumber="12" name="select_ln12" contextFuncName="shift_reg_sreset" moduleName="shift_reg_sreset" rtlName="select_ln12_fu_50_p3" latency="0" BRAM="-1" DSP="-1" FF="0" LUT="8" fileDirectory="D:\Repo\hls\labA"&gt;&lt;\/item&gt;
<item  id="20" filename="Shift_Register/shift_reg_sreset.cpp" linenumber="12" name="select_ln12_1" contextFuncName="shift_reg_sreset" moduleName="shift_reg_sreset" rtlName="select_ln12_1_fu_62_p3" latency="0" BRAM="-1" DSP="-1" FF="0" LUT="8" fileDirectory="D:\Repo\hls\labA"&gt;&lt;\/item&gt;
<item  id="23" filename="Shift_Register/shift_reg_sreset.cpp" linenumber="12" name="select_ln12_2" contextFuncName="shift_reg_sreset" moduleName="shift_reg_sreset" rtlName="select_ln12_2_fu_80_p3" latency="0" BRAM="-1" DSP="-1" FF="0" LUT="8" fileDirectory="D:\Repo\hls\labA"&gt;&lt;\/item&gt;
<item  id="26" filename="Shift_Register/shift_reg_sreset.cpp" linenumber="12" name="select_ln12_3" contextFuncName="shift_reg_sreset" moduleName="shift_reg_sreset" rtlName="select_ln12_3_fu_98_p3" latency="0" BRAM="-1" DSP="-1" FF="0" LUT="8" fileDirectory="D:\Repo\hls\labA"&gt;&lt;\/item&gt;
<item  id="29" filename="Shift_Register/shift_reg_sreset.cpp" linenumber="12" name="select_ln12_4" contextFuncName="shift_reg_sreset" moduleName="shift_reg_sreset" rtlName="select_ln12_4_fu_116_p3" latency="0" BRAM="-1" DSP="-1" FF="0" LUT="8" fileDirectory="D:\Repo\hls\labA"&gt;&lt;\/item&gt;
<item  id="32" filename="Shift_Register/shift_reg_sreset.cpp" linenumber="12" name="select_ln12_5" contextFuncName="shift_reg_sreset" moduleName="shift_reg_sreset" rtlName="select_ln12_5_fu_134_p3" latency="0" BRAM="-1" DSP="-1" FF="0" LUT="8" fileDirectory="D:\Repo\hls\labA"&gt;&lt;\/item&gt;
<item  id="35" filename="Shift_Register/shift_reg_sreset.cpp" linenumber="12" name="select_ln12_6" contextFuncName="shift_reg_sreset" moduleName="shift_reg_sreset" rtlName="select_ln12_6_fu_152_p3" latency="0" BRAM="-1" DSP="-1" FF="0" LUT="8" fileDirectory="D:\Repo\hls\labA"&gt;&lt;\/item&gt;
<item  id="38" filename="Shift_Register/shift_reg_sreset.cpp" linenumber="12" name="select_ln12_7" contextFuncName="shift_reg_sreset" moduleName="shift_reg_sreset" rtlName="select_ln12_7_fu_170_p3" latency="0" BRAM="-1" DSP="-1" FF="0" LUT="8" fileDirectory="D:\Repo\hls\labA"&gt;&lt;\/item&gt;
<item  id="41" filename="Shift_Register/shift_reg_sreset.cpp" linenumber="12" name="select_ln12_8" contextFuncName="shift_reg_sreset" moduleName="shift_reg_sreset" rtlName="select_ln12_8_fu_188_p3" latency="0" BRAM="-1" DSP="-1" FF="0" LUT="8" fileDirectory="D:\Repo\hls\labA"&gt;&lt;\/item&gt;
<item  id="44" filename="Shift_Register/shift_reg_sreset.cpp" linenumber="12" name="select_ln12_9" contextFuncName="shift_reg_sreset" moduleName="shift_reg_sreset" rtlName="select_ln12_9_fu_206_p3" latency="0" BRAM="-1" DSP="-1" FF="0" LUT="8" fileDirectory="D:\Repo\hls\labA"&gt;&lt;\/item&gt;
<item  id="47" filename="Shift_Register/shift_reg_sreset.cpp" linenumber="12" name="select_ln12_10" contextFuncName="shift_reg_sreset" moduleName="shift_reg_sreset" rtlName="select_ln12_10_fu_224_p3" latency="0" BRAM="-1" DSP="-1" FF="0" LUT="8" fileDirectory="D:\Repo\hls\labA"&gt;&lt;\/item&gt;
<item  id="49" filename="Shift_Register/shift_reg_sreset.cpp" linenumber="12" name="select_ln12_11" contextFuncName="shift_reg_sreset" moduleName="shift_reg_sreset" rtlName="select_ln12_11_fu_238_p3" latency="0" BRAM="-1" DSP="-1" FF="0" LUT="8" fileDirectory="D:\Repo\hls\labA"&gt;&lt;\/item&gt;
&lt;\/annotationInfo&gt;
<annotationInfo>
<item  id="42" filename="Shift_Register/shift_reg_load.cpp" linenumber="15" name="select_ln15" contextFuncName="shift_reg_load" moduleName="shift_reg_load" rtlName="select_ln15_fu_144_p3" latency="0" BRAM="-1" DSP="-1" FF="0" LUT="8" fileDirectory="D:\Repo\hls\labA"&gt;&lt;\/item&gt;
<item  id="44" filename="Shift_Register/shift_reg_load.cpp" linenumber="15" name="select_ln15_1" contextFuncName="shift_reg_load" moduleName="shift_reg_load" rtlName="select_ln15_1_fu_156_p3" latency="0" BRAM="-1" DSP="-1" FF="0" LUT="8" fileDirectory="D:\Repo\hls\labA"&gt;&lt;\/item&gt;
<item  id="47" filename="Shift_Register/shift_reg_load.cpp" linenumber="15" name="select_ln15_2" contextFuncName="shift_reg_load" moduleName="shift_reg_load" rtlName="select_ln15_2_fu_174_p3" latency="0" BRAM="-1" DSP="-1" FF="0" LUT="8" fileDirectory="D:\Repo\hls\labA"&gt;&lt;\/item&gt;
<item  id="50" filename="Shift_Register/shift_reg_load.cpp" linenumber="15" name="select_ln15_3" contextFuncName="shift_reg_load" moduleName="shift_reg_load" rtlName="select_ln15_3_fu_192_p3" latency="0" BRAM="-1" DSP="-1" FF="0" LUT="8" fileDirectory="D:\Repo\hls\labA"&gt;&lt;\/item&gt;
<item  id="53" filename="Shift_Register/shift_reg_load.cpp" linenumber="15" name="select_ln15_4" contextFuncName="shift_reg_load" moduleName="shift_reg_load" rtlName="select_ln15_4_fu_210_p3" latency="0" BRAM="-1" DSP="-1" FF="0" LUT="8" fileDirectory="D:\Repo\hls\labA"&gt;&lt;\/item&gt;
<item  id="56" filename="Shift_Register/shift_reg_load.cpp" linenumber="15" name="select_ln15_5" contextFuncName="shift_reg_load" moduleName="shift_reg_load" rtlName="select_ln15_5_fu_228_p3" latency="0" BRAM="-1" DSP="-1" FF="0" LUT="8" fileDirectory="D:\Repo\hls\labA"&gt;&lt;\/item&gt;
<item  id="59" filename="Shift_Register/shift_reg_load.cpp" linenumber="15" name="select_ln15_6" contextFuncName="shift_reg_load" moduleName="shift_reg_load" rtlName="select_ln15_6_fu_246_p3" latency="0" BRAM="-1" DSP="-1" FF="0" LUT="8" fileDirectory="D:\Repo\hls\labA"&gt;&lt;\/item&gt;
<item  id="62" filename="Shift_Register/shift_reg_load.cpp" linenumber="15" name="select_ln15_7" contextFuncName="shift_reg_load" moduleName="shift_reg_load" rtlName="select_ln15_7_fu_264_p3" latency="0" BRAM="-1" DSP="-1" FF="0" LUT="8" fileDirectory="D:\Repo\hls\labA"&gt;&lt;\/item&gt;
<item  id="65" filename="Shift_Register/shift_reg_load.cpp" linenumber="15" name="select_ln15_8" contextFuncName="shift_reg_load" moduleName="shift_reg_load" rtlName="select_ln15_8_fu_282_p3" latency="0" BRAM="-1" DSP="-1" FF="0" LUT="8" fileDirectory="D:\Repo\hls\labA"&gt;&lt;\/item&gt;
<item  id="68" filename="Shift_Register/shift_reg_load.cpp" linenumber="15" name="select_ln15_9" contextFuncName="shift_reg_load" moduleName="shift_reg_load" rtlName="select_ln15_9_fu_300_p3" latency="0" BRAM="-1" DSP="-1" FF="0" LUT="8" fileDirectory="D:\Repo\hls\labA"&gt;&lt;\/item&gt;
<item  id="71" filename="Shift_Register/shift_reg_load.cpp" linenumber="15" name="select_ln15_10" contextFuncName="shift_reg_load" moduleName="shift_reg_load" rtlName="select_ln15_10_fu_318_p3" latency="0" BRAM="-1" DSP="-1" FF="0" LUT="8" fileDirectory="D:\Repo\hls\labA"&gt;&lt;\/item&gt;
<item  id="73" filename="Shift_Register/shift_reg_load.cpp" linenumber="15" name="select_ln15_11" contextFuncName="shift_reg_load" moduleName="shift_reg_load" rtlName="select_ln15_11_fu_332_p3" latency="0" BRAM="-1" DSP="-1" FF="0" LUT="8" fileDirectory="D:\Repo\hls\labA"&gt;&lt;\/item&gt;
&lt;\/annotationInfo&gt;
<annotationInfo>
&lt;\/annotationInfo&gt;
<annotationInfo>
&lt;\/annotationInfo&gt;
<annotationInfo>
&lt;\/annotationInfo&gt;
<annotationInfo>
<item  id="157" filename="Shift_Register/shift_reg.cpp" linenumber="38" name="call_ret" contextFuncName="shift_reg" moduleName="shift_reg" rtlName="grp_shift_reg_ip_fu_626" latency="1" BRAM="-1" DSP="-1" FF="-1" LUT="-1" fileDirectory="D:\Repo\hls\labA"><\/item>
<item  id="184" filename="Shift_Register/shift_reg.cpp" linenumber="34" name="call_ret6" contextFuncName="shift_reg" moduleName="shift_reg" rtlName="grp_shift_reg_class_fu_470" latency="1" BRAM="-1" DSP="-1" FF="-1" LUT="-1" fileDirectory="D:\Repo\hls\labA"><\/item>
<item  id="211" filename="Shift_Register/shift_reg.cpp" linenumber="30" name="call_ret5" contextFuncName="shift_reg" moduleName="shift_reg" rtlName="call_ret5_shift_reg_sreset_fu_598" latency="0" BRAM="-1" DSP="-1" FF="-1" LUT="-1" fileDirectory="D:\Repo\hls\labA"><\/item>
<item  id="242" filename="Shift_Register/shift_reg.cpp" linenumber="26" name="call_ret4" contextFuncName="shift_reg" moduleName="shift_reg" rtlName="call_ret4_shift_reg_load_fu_554" latency="0" BRAM="-1" DSP="-1" FF="-1" LUT="-1" fileDirectory="D:\Repo\hls\labA"><\/item>
<item  id="269" filename="Shift_Register/shift_reg.cpp" linenumber="22" name="call_ret3" contextFuncName="shift_reg" moduleName="shift_reg" rtlName="grp_shift_reg_en_fu_522" latency="1" BRAM="-1" DSP="-1" FF="-1" LUT="-1" fileDirectory="D:\Repo\hls\labA"><\/item>
<item  id="296" filename="Shift_Register/shift_reg.cpp" linenumber="18" name="call_ret2" contextFuncName="shift_reg" moduleName="shift_reg" rtlName="call_ret2_shift_reg_basic_fu_636" latency="0" BRAM="-1" DSP="-1" FF="-1" LUT="-1" fileDirectory="D:\Repo\hls\labA"><\/item>
<item  id="323" filename="Shift_Register/shift_reg.cpp" linenumber="42" name="call_ret1" contextFuncName="shift_reg" moduleName="shift_reg" rtlName="call_ret1_shift_reg_template_fu_663" latency="0" BRAM="-1" DSP="-1" FF="-1" LUT="-1" fileDirectory="D:\Repo\hls\labA"><\/item>
<\/annotationInfo>
</annotationInfo>
