<profile>

<section name = "Vivado HLS Report for 'shift_reg'" level="0">
<item name = "Date">Thu Apr  8 07:05:20 2021
</item>
<item name = "Version">2019.2 (Build 2704478 on Wed Nov 06 22:10:23 MST 2019)</item>
<item name = "Project">Shift_Register</item>
<item name = "Solution">solution1</item>
<item name = "Product family">zynq</item>
<item name = "Target device">xc7z020-clg400-1</item>
</section>

<section name = "Performance Estimates" level="0">
<item name = "Timing">
<section name = "" level="1">
<item name = "Summary"><table name="" hasTotal="0">
<keys size="4">Clock, Target, Estimated, Uncertainty</keys>
<column name="ap_clk">10.00 ns, 3.017 ns, 1.25 ns</column>
</table>
</item>
</section>
</item>
<item name = "Latency">
<section name = "" level="1">
<item name = "Summary"><table name="" hasTotal="0">
<keys size="8">, min, max, min, max, min, max, Type</keys>
<column name="">1, 13, 10.000 ns, 0.130 us, 1, 13, none</column>
</table>
</item>
<item name = "Detail">
<section name = "" level="1">
<item name = "Instance"><table name="" hasTotal="0">
<keys size="9">Instance, Module, min, max, min, max, min, max, Type</keys>
<column name="grp_shift_reg_class_fu_470">shift_reg_class, 1, 1, 10.000 ns, 10.000 ns, 1, 1, none</column>
<column name="grp_shift_reg_en_fu_522">shift_reg_en, 1, 1, 10.000 ns, 10.000 ns, 1, 1, none</column>
<column name="call_ret4_shift_reg_load_fu_554">shift_reg_load, 0, 0, 0 ns, 0 ns, 0, 0, none</column>
<column name="call_ret5_shift_reg_sreset_fu_598">shift_reg_sreset, 0, 0, 0 ns, 0 ns, 0, 0, none</column>
<column name="grp_shift_reg_ip_fu_626">shift_reg_ip, 12, 12, 0.120 us, 0.120 us, 12, 12, none</column>
<column name="call_ret2_shift_reg_basic_fu_636">shift_reg_basic, 0, 0, 0 ns, 0 ns, 0, 0, none</column>
<column name="call_ret1_shift_reg_template_fu_663">shift_reg_template, 0, 0, 0 ns, 0 ns, 0, 0, none</column>
</table>
</item>
<item name = "Loop"><table name="" hasTotal="0">
<keys size="8">Loop Name, min, max, Latency, achieved, target, Count, Pipelined</keys>
</table>
</item>
</section>
</item>
</section>
</item>
</section>
</profile>
