<profile>

<section name = "Vivado HLS Report for 'shift_reg_class'" level="0">
<item name = "Date">Thu Apr  8 07:05:21 2021
</item>
<item name = "Version">2019.2 (Build 2704478 on Wed Nov 06 22:10:23 MST 2019)</item>
<item name = "Project">Shift_Register</item>
<item name = "Solution">solution1</item>
<item name = "Product family">zynq</item>
<item name = "Target device">xc7z020-clg400-1</item>
</section>

<section name = "Performance Estimates" level="0">
<item name = "Timing">
<section name = "" level="1">
<item name = "Summary"><table name="" hasTotal="0">
<keys size="4">Clock, Target, Estimated, Uncertainty</keys>
<column name="ap_clk">10.00 ns, 1.769 ns, 1.25 ns</column>
</table>
</item>
</section>
</item>
<item name = "Latency">
<section name = "" level="1">
<item name = "Summary"><table name="" hasTotal="0">
<keys size="8">, min, max, min, max, min, max, Type</keys>
<column name="">1, 1, 10.000 ns, 10.000 ns, 1, 1, none</column>
</table>
</item>
<item name = "Detail">
<section name = "" level="1">
<item name = "Instance"><table name="" hasTotal="0">
<keys size="9">Instance, Module, min, max, min, max, min, max, Type</keys>
</table>
</item>
<item name = "Loop"><table name="" hasTotal="0">
<keys size="8">Loop Name, min, max, Latency, achieved, target, Count, Pipelined</keys>
</table>
</item>
</section>
</item>
</section>
</item>
</section>

<section name = "Utilization Estimates" level="0">
<item name = "Summary"><table name="" hasTotal="1">
<keys size="6">Name, BRAM_18K, DSP48E, FF, LUT, URAM</keys>
<column name="DSP">-, -, -, -, -</column>
<column name="Expression">-, -, 0, 132, -</column>
<column name="FIFO">-, -, -, -, -</column>
<column name="Instance">-, -, -, -, -</column>
<column name="Memory">-, -, -, -, -</column>
<column name="Multiplexer">-, -, -, 222, -</column>
<column name="Register">-, -, 282, -, -</column>
<specialColumn name="Available">280, 220, 106400, 53200, 0</specialColumn>
<specialColumn name="Utilization (%)">0, 0, ~0, ~0, 0</specialColumn>
</table>
</item>
<item name = "Detail">
<section name = "" level="1">
<item name = "Instance"><table name="" hasTotal="1">
<keys size="7">Instance, Module, BRAM_18K, DSP48E, FF, LUT, URAM</keys>
</table>
</item>
<item name = "DSP48E"><table name="" hasTotal="0">
<keys size="3">Instance, Module, Expression</keys>
</table>
</item>
<item name = "Memory"><table name="" hasTotal="1">
<keys size="10">Memory, Module, BRAM_18K, FF, LUT, URAM, Words, Bits, Banks, W*Bits*Banks</keys>
</table>
</item>
<item name = "FIFO"><table name="" hasTotal="1">
<keys size="8">Name, BRAM_18K, FF, LUT, URAM, Depth, Bits, Size:D*B</keys>
</table>
</item>
<item name = "Expression"><table name="" hasTotal="1">
<keys size="7">Variable Name, Operation, DSP48E, FF, LUT, Bitwidth P0, Bitwidth P1</keys>
<column name="or_ln50_fu_457_p2">or, 0, 0, 2, 1, 1</column>
<column name="select_ln25_1_fu_327_p3">select, 0, 0, 8, 1, 1</column>
<column name="select_ln25_2_fu_349_p3">select, 0, 0, 8, 1, 1</column>
<column name="select_ln25_3_fu_371_p3">select, 0, 0, 8, 1, 1</column>
<column name="select_ln25_4_fu_393_p3">select, 0, 0, 8, 1, 1</column>
<column name="select_ln25_5_fu_415_p3">select, 0, 0, 8, 1, 1</column>
<column name="select_ln25_6_fu_437_p3">select, 0, 0, 8, 1, 1</column>
<column name="select_ln25_fu_305_p3">select, 0, 0, 8, 1, 1</column>
<column name="select_ln50_1_fu_471_p3">select, 0, 0, 8, 1, 8</column>
<column name="select_ln50_fu_463_p3">select, 0, 0, 8, 1, 1</column>
<column name="select_ln52_1_fu_319_p3">select, 0, 0, 8, 1, 8</column>
<column name="select_ln52_2_fu_341_p3">select, 0, 0, 8, 1, 8</column>
<column name="select_ln52_3_fu_363_p3">select, 0, 0, 8, 1, 8</column>
<column name="select_ln52_4_fu_385_p3">select, 0, 0, 8, 1, 8</column>
<column name="select_ln52_5_fu_407_p3">select, 0, 0, 8, 1, 8</column>
<column name="select_ln52_6_fu_429_p3">select, 0, 0, 8, 1, 8</column>
<column name="select_ln52_fu_297_p3">select, 0, 0, 8, 1, 8</column>
<column name="xor_ln50_fu_451_p2">xor, 0, 0, 2, 1, 2</column>
</table>
</item>
<item name = "Multiplexer"><table name="" hasTotal="1">
<keys size="5">Name, LUT, Input Size, Bits, Total Bits</keys>
<column name="ap_NS_fsm">15, 3, 1, 3</column>
<column name="ap_return_0">9, 2, 8, 16</column>
<column name="ap_return_1">9, 2, 8, 16</column>
<column name="ap_return_10">9, 2, 8, 16</column>
<column name="ap_return_11">9, 2, 8, 16</column>
<column name="ap_return_2">9, 2, 8, 16</column>
<column name="ap_return_3">9, 2, 8, 16</column>
<column name="ap_return_4">9, 2, 8, 16</column>
<column name="ap_return_5">9, 2, 8, 16</column>
<column name="ap_return_6">9, 2, 8, 16</column>
<column name="ap_return_7">9, 2, 8, 16</column>
<column name="ap_return_8">9, 2, 8, 16</column>
<column name="ap_return_9">9, 2, 8, 16</column>
<column name="dout0_0_write_assig_reg_220">9, 2, 8, 16</column>
<column name="dout0_10_write_assi_reg_139">9, 2, 8, 16</column>
<column name="dout0_1_write_assig_reg_211">9, 2, 8, 16</column>
<column name="dout0_2_write_assig_reg_202">9, 2, 8, 16</column>
<column name="dout0_3_write_assig_reg_193">9, 2, 8, 16</column>
<column name="dout0_4_write_assig_reg_184">9, 2, 8, 16</column>
<column name="dout0_5_write_assig_reg_175">9, 2, 8, 16</column>
<column name="dout0_6_write_assig_reg_166">9, 2, 8, 16</column>
<column name="dout0_7_write_assig_reg_130">9, 2, 8, 16</column>
<column name="dout0_8_write_assig_reg_157">9, 2, 8, 16</column>
<column name="dout0_9_write_assig_reg_148">9, 2, 8, 16</column>
</table>
</item>
<item name = "Register"><table name="" hasTotal="1">
<keys size="5">Name, FF, LUT, Bits, Const Bits</keys>
<column name="ap_CS_fsm">2, 0, 2, 0</column>
<column name="ap_return_0_preg">8, 0, 8, 0</column>
<column name="ap_return_10_preg">8, 0, 8, 0</column>
<column name="ap_return_11_preg">8, 0, 8, 0</column>
<column name="ap_return_1_preg">8, 0, 8, 0</column>
<column name="ap_return_2_preg">8, 0, 8, 0</column>
<column name="ap_return_3_preg">8, 0, 8, 0</column>
<column name="ap_return_4_preg">8, 0, 8, 0</column>
<column name="ap_return_5_preg">8, 0, 8, 0</column>
<column name="ap_return_6_preg">8, 0, 8, 0</column>
<column name="ap_return_7_preg">8, 0, 8, 0</column>
<column name="ap_return_8_preg">8, 0, 8, 0</column>
<column name="ap_return_9_preg">8, 0, 8, 0</column>
<column name="dout0_0_write_assig_reg_220">8, 0, 8, 0</column>
<column name="dout0_10_write_assi_reg_139">8, 0, 8, 0</column>
<column name="dout0_1_write_assig_reg_211">8, 0, 8, 0</column>
<column name="dout0_2_write_assig_reg_202">8, 0, 8, 0</column>
<column name="dout0_3_write_assig_reg_193">8, 0, 8, 0</column>
<column name="dout0_4_write_assig_reg_184">8, 0, 8, 0</column>
<column name="dout0_5_write_assig_reg_175">8, 0, 8, 0</column>
<column name="dout0_6_write_assig_reg_166">8, 0, 8, 0</column>
<column name="dout0_7_write_assig_reg_130">8, 0, 8, 0</column>
<column name="dout0_8_write_assig_reg_157">8, 0, 8, 0</column>
<column name="dout0_9_write_assig_reg_148">8, 0, 8, 0</column>
<column name="shift_reg0_regs_0">8, 0, 8, 0</column>
<column name="shift_reg0_regs_1">8, 0, 8, 0</column>
<column name="shift_reg0_regs_2">8, 0, 8, 0</column>
<column name="shift_reg0_regs_3">8, 0, 8, 0</column>
<column name="shift_reg0_regs_4">8, 0, 8, 0</column>
<column name="shift_reg0_regs_5">8, 0, 8, 0</column>
<column name="shift_reg0_regs_6">8, 0, 8, 0</column>
<column name="shift_reg0_regs_7">8, 0, 8, 0</column>
<column name="shift_reg1_regs_0">8, 0, 8, 0</column>
<column name="shift_reg1_regs_1">8, 0, 8, 0</column>
<column name="shift_reg1_regs_2">8, 0, 8, 0</column>
<column name="shift_reg1_regs_3">8, 0, 8, 0</column>
</table>
</item>
</section>
</item>
</section>

<section name = "Interface" level="0">
<item name = "Summary"><table name="" hasTotal="0">
<keys size="6">RTL Ports, Dir, Bits, Protocol, Source Object, C Type</keys>
<column name="ap_clk">in, 1, ap_ctrl_hs, shift_reg_class, return value</column>
<column name="ap_rst">in, 1, ap_ctrl_hs, shift_reg_class, return value</column>
<column name="ap_start">in, 1, ap_ctrl_hs, shift_reg_class, return value</column>
<column name="ap_done">out, 1, ap_ctrl_hs, shift_reg_class, return value</column>
<column name="ap_idle">out, 1, ap_ctrl_hs, shift_reg_class, return value</column>
<column name="ap_ready">out, 1, ap_ctrl_hs, shift_reg_class, return value</column>
<column name="ap_return_0">out, 8, ap_ctrl_hs, shift_reg_class, return value</column>
<column name="ap_return_1">out, 8, ap_ctrl_hs, shift_reg_class, return value</column>
<column name="ap_return_2">out, 8, ap_ctrl_hs, shift_reg_class, return value</column>
<column name="ap_return_3">out, 8, ap_ctrl_hs, shift_reg_class, return value</column>
<column name="ap_return_4">out, 8, ap_ctrl_hs, shift_reg_class, return value</column>
<column name="ap_return_5">out, 8, ap_ctrl_hs, shift_reg_class, return value</column>
<column name="ap_return_6">out, 8, ap_ctrl_hs, shift_reg_class, return value</column>
<column name="ap_return_7">out, 8, ap_ctrl_hs, shift_reg_class, return value</column>
<column name="ap_return_8">out, 8, ap_ctrl_hs, shift_reg_class, return value</column>
<column name="ap_return_9">out, 8, ap_ctrl_hs, shift_reg_class, return value</column>
<column name="ap_return_10">out, 8, ap_ctrl_hs, shift_reg_class, return value</column>
<column name="ap_return_11">out, 8, ap_ctrl_hs, shift_reg_class, return value</column>
<column name="din">in, 8, ap_none, din, scalar</column>
<column name="load_data_0_read">in, 8, ap_none, load_data_0_read, scalar</column>
<column name="load_data_1_read">in, 8, ap_none, load_data_1_read, scalar</column>
<column name="load_data_2_read">in, 8, ap_none, load_data_2_read, scalar</column>
<column name="load_data_3_read">in, 8, ap_none, load_data_3_read, scalar</column>
<column name="load_data_4_read">in, 8, ap_none, load_data_4_read, scalar</column>
<column name="load_data_5_read">in, 8, ap_none, load_data_5_read, scalar</column>
<column name="load_data_6_read">in, 8, ap_none, load_data_6_read, scalar</column>
<column name="load_data_7_read">in, 8, ap_none, load_data_7_read, scalar</column>
<column name="srst">in, 1, ap_none, srst, scalar</column>
<column name="load">in, 1, ap_none, load, scalar</column>
<column name="en">in, 1, ap_none, en, scalar</column>
</table>
</item>
</section>
</profile>
