<stg><name>shift_reg_template</name>


<trans_list>
</trans_list>



<state_list>

<state id="1" st_id="1">

<operation id="2" st_id="1" stage="1" lat="1">
<core>NULL</core>
<MemPortIdVec></MemPortIdVec>
<condition id="-1">
<or_exp><and_exp></and_exp></or_exp>
</condition>

<Node id="15" bw="32" op_0_bw="32" op_1_bw="32">
<![CDATA[
:0  %din1_read = call i32 @_ssdm_op_Read.ap_auto.i32(i32 %din1)

]]></Node>
<StgValue><ssdm name="din1_read"/></StgValue>
</operation>

<operation id="3" st_id="1" stage="1" lat="1">
<core>NULL</core>
<MemPortIdVec></MemPortIdVec>
<condition id="-1">
<or_exp><and_exp></and_exp></or_exp>
</condition>

<Node id="16" bw="8" op_0_bw="8" op_1_bw="8">
<![CDATA[
:1  %din0_read = call i8 @_ssdm_op_Read.ap_auto.i8(i8 %din0)

]]></Node>
<StgValue><ssdm name="din0_read"/></StgValue>
</operation>

<operation id="4" st_id="1" stage="1" lat="1">
<core>NULL</core>
<MemPortIdVec></MemPortIdVec>
<condition id="-1">
<or_exp><and_exp></and_exp></or_exp>
</condition>

<Node id="17" bw="8" op_0_bw="8">
<![CDATA[
:2  %regs_9_6_load = load i8* @regs_9_6, align 1

]]></Node>
<StgValue><ssdm name="regs_9_6_load"/></StgValue>
</operation>

<operation id="5" st_id="1" stage="1" lat="1">
<core>NULL</core>
<MemPortIdVec></MemPortIdVec>
<condition id="-1">
<or_exp><and_exp></and_exp></or_exp>
</condition>

<Node id="18" bw="8" op_0_bw="8">
<![CDATA[
:3  %regs_9_5_load = load i8* @regs_9_5, align 1

]]></Node>
<StgValue><ssdm name="regs_9_5_load"/></StgValue>
</operation>

<operation id="6" st_id="1" stage="1" lat="1">
<core>NULL</core>
<MemPortIdVec></MemPortIdVec>
<condition id="-1">
<or_exp><and_exp></and_exp></or_exp>
</condition>

<Node id="19" bw="0" op_0_bw="8" op_1_bw="8" op_2_bw="8">
<![CDATA[
:4  store i8 %regs_9_5_load, i8* @regs_9_6, align 1

]]></Node>
<StgValue><ssdm name="store_ln15"/></StgValue>
</operation>

<operation id="7" st_id="1" stage="1" lat="1">
<core>NULL</core>
<MemPortIdVec></MemPortIdVec>
<condition id="-1">
<or_exp><and_exp></and_exp></or_exp>
</condition>

<Node id="20" bw="8" op_0_bw="8">
<![CDATA[
:5  %regs_9_4_load = load i8* @regs_9_4, align 1

]]></Node>
<StgValue><ssdm name="regs_9_4_load"/></StgValue>
</operation>

<operation id="8" st_id="1" stage="1" lat="1">
<core>NULL</core>
<MemPortIdVec></MemPortIdVec>
<condition id="-1">
<or_exp><and_exp></and_exp></or_exp>
</condition>

<Node id="21" bw="0" op_0_bw="8" op_1_bw="8" op_2_bw="8">
<![CDATA[
:6  store i8 %regs_9_4_load, i8* @regs_9_5, align 1

]]></Node>
<StgValue><ssdm name="store_ln15"/></StgValue>
</operation>

<operation id="9" st_id="1" stage="1" lat="1">
<core>NULL</core>
<MemPortIdVec></MemPortIdVec>
<condition id="-1">
<or_exp><and_exp></and_exp></or_exp>
</condition>

<Node id="22" bw="8" op_0_bw="8">
<![CDATA[
:7  %regs_9_3_load = load i8* @regs_9_3, align 1

]]></Node>
<StgValue><ssdm name="regs_9_3_load"/></StgValue>
</operation>

<operation id="10" st_id="1" stage="1" lat="1">
<core>NULL</core>
<MemPortIdVec></MemPortIdVec>
<condition id="-1">
<or_exp><and_exp></and_exp></or_exp>
</condition>

<Node id="23" bw="0" op_0_bw="8" op_1_bw="8" op_2_bw="8">
<![CDATA[
:8  store i8 %regs_9_3_load, i8* @regs_9_4, align 1

]]></Node>
<StgValue><ssdm name="store_ln15"/></StgValue>
</operation>

<operation id="11" st_id="1" stage="1" lat="1">
<core>NULL</core>
<MemPortIdVec></MemPortIdVec>
<condition id="-1">
<or_exp><and_exp></and_exp></or_exp>
</condition>

<Node id="24" bw="8" op_0_bw="8">
<![CDATA[
:9  %regs_9_2_load = load i8* @regs_9_2, align 1

]]></Node>
<StgValue><ssdm name="regs_9_2_load"/></StgValue>
</operation>

<operation id="12" st_id="1" stage="1" lat="1">
<core>NULL</core>
<MemPortIdVec></MemPortIdVec>
<condition id="-1">
<or_exp><and_exp></and_exp></or_exp>
</condition>

<Node id="25" bw="0" op_0_bw="8" op_1_bw="8" op_2_bw="8">
<![CDATA[
:10  store i8 %regs_9_2_load, i8* @regs_9_3, align 1

]]></Node>
<StgValue><ssdm name="store_ln15"/></StgValue>
</operation>

<operation id="13" st_id="1" stage="1" lat="1">
<core>NULL</core>
<MemPortIdVec></MemPortIdVec>
<condition id="-1">
<or_exp><and_exp></and_exp></or_exp>
</condition>

<Node id="26" bw="8" op_0_bw="8">
<![CDATA[
:11  %regs_9_1_load = load i8* @regs_9_1, align 1

]]></Node>
<StgValue><ssdm name="regs_9_1_load"/></StgValue>
</operation>

<operation id="14" st_id="1" stage="1" lat="1">
<core>NULL</core>
<MemPortIdVec></MemPortIdVec>
<condition id="-1">
<or_exp><and_exp></and_exp></or_exp>
</condition>

<Node id="27" bw="0" op_0_bw="8" op_1_bw="8" op_2_bw="8">
<![CDATA[
:12  store i8 %regs_9_1_load, i8* @regs_9_2, align 1

]]></Node>
<StgValue><ssdm name="store_ln15"/></StgValue>
</operation>

<operation id="15" st_id="1" stage="1" lat="1">
<core>NULL</core>
<MemPortIdVec></MemPortIdVec>
<condition id="-1">
<or_exp><and_exp></and_exp></or_exp>
</condition>

<Node id="28" bw="8" op_0_bw="8">
<![CDATA[
:13  %regs_9_0_load = load i8* @regs_9_0, align 1

]]></Node>
<StgValue><ssdm name="regs_9_0_load"/></StgValue>
</operation>

<operation id="16" st_id="1" stage="1" lat="1">
<core>NULL</core>
<MemPortIdVec></MemPortIdVec>
<condition id="-1">
<or_exp><and_exp></and_exp></or_exp>
</condition>

<Node id="29" bw="0" op_0_bw="8" op_1_bw="8" op_2_bw="8">
<![CDATA[
:14  store i8 %regs_9_0_load, i8* @regs_9_1, align 1

]]></Node>
<StgValue><ssdm name="store_ln15"/></StgValue>
</operation>

<operation id="17" st_id="1" stage="1" lat="1">
<core>NULL</core>
<MemPortIdVec></MemPortIdVec>
<condition id="-1">
<or_exp><and_exp></and_exp></or_exp>
</condition>

<Node id="30" bw="0" op_0_bw="8" op_1_bw="8" op_2_bw="8">
<![CDATA[
:15  store i8 %din0_read, i8* @regs_9_0, align 1

]]></Node>
<StgValue><ssdm name="store_ln13"/></StgValue>
</operation>

<operation id="18" st_id="1" stage="1" lat="1">
<core>NULL</core>
<MemPortIdVec></MemPortIdVec>
<condition id="-1">
<or_exp><and_exp></and_exp></or_exp>
</condition>

<Node id="31" bw="32" op_0_bw="32">
<![CDATA[
:16  %regs_2_load = load i32* @regs_2, align 4

]]></Node>
<StgValue><ssdm name="regs_2_load"/></StgValue>
</operation>

<operation id="19" st_id="1" stage="1" lat="1">
<core>NULL</core>
<MemPortIdVec></MemPortIdVec>
<condition id="-1">
<or_exp><and_exp></and_exp></or_exp>
</condition>

<Node id="32" bw="32" op_0_bw="32">
<![CDATA[
:17  %regs_1_load = load i32* @regs_1, align 4

]]></Node>
<StgValue><ssdm name="regs_1_load"/></StgValue>
</operation>

<operation id="20" st_id="1" stage="1" lat="1">
<core>NULL</core>
<MemPortIdVec></MemPortIdVec>
<condition id="-1">
<or_exp><and_exp></and_exp></or_exp>
</condition>

<Node id="33" bw="0" op_0_bw="32" op_1_bw="32" op_2_bw="32">
<![CDATA[
:18  store i32 %regs_1_load, i32* @regs_2, align 8

]]></Node>
<StgValue><ssdm name="store_ln15"/></StgValue>
</operation>

<operation id="21" st_id="1" stage="1" lat="1">
<core>NULL</core>
<MemPortIdVec></MemPortIdVec>
<condition id="-1">
<or_exp><and_exp></and_exp></or_exp>
</condition>

<Node id="34" bw="32" op_0_bw="32">
<![CDATA[
:19  %regs_0_load = load i32* @regs_0, align 16

]]></Node>
<StgValue><ssdm name="regs_0_load"/></StgValue>
</operation>

<operation id="22" st_id="1" stage="1" lat="1">
<core>NULL</core>
<MemPortIdVec></MemPortIdVec>
<condition id="-1">
<or_exp><and_exp></and_exp></or_exp>
</condition>

<Node id="35" bw="0" op_0_bw="32" op_1_bw="32" op_2_bw="32">
<![CDATA[
:20  store i32 %regs_0_load, i32* @regs_1, align 4

]]></Node>
<StgValue><ssdm name="store_ln15"/></StgValue>
</operation>

<operation id="23" st_id="1" stage="1" lat="1">
<core>NULL</core>
<MemPortIdVec></MemPortIdVec>
<condition id="-1">
<or_exp><and_exp></and_exp></or_exp>
</condition>

<Node id="36" bw="0" op_0_bw="32" op_1_bw="32" op_2_bw="32">
<![CDATA[
:21  store i32 %din1_read, i32* @regs_0, align 16

]]></Node>
<StgValue><ssdm name="store_ln13"/></StgValue>
</operation>

<operation id="24" st_id="1" stage="1" lat="1">
<core>NULL</core>
<MemPortIdVec></MemPortIdVec>
<condition id="-1">
<or_exp><and_exp></and_exp></or_exp>
</condition>

<Node id="37" bw="192" op_0_bw="192" op_1_bw="8">
<![CDATA[
:22  %mrv = insertvalue { i8, i8, i8, i8, i8, i8, i8, i8, i32, i32, i32, i32 } undef, i8 %din0_read, 0

]]></Node>
<StgValue><ssdm name="mrv"/></StgValue>
</operation>

<operation id="25" st_id="1" stage="1" lat="1">
<core>NULL</core>
<MemPortIdVec></MemPortIdVec>
<condition id="-1">
<or_exp><and_exp></and_exp></or_exp>
</condition>

<Node id="38" bw="192" op_0_bw="192" op_1_bw="8">
<![CDATA[
:23  %mrv_1 = insertvalue { i8, i8, i8, i8, i8, i8, i8, i8, i32, i32, i32, i32 } %mrv, i8 %regs_9_0_load, 1

]]></Node>
<StgValue><ssdm name="mrv_1"/></StgValue>
</operation>

<operation id="26" st_id="1" stage="1" lat="1">
<core>NULL</core>
<MemPortIdVec></MemPortIdVec>
<condition id="-1">
<or_exp><and_exp></and_exp></or_exp>
</condition>

<Node id="39" bw="192" op_0_bw="192" op_1_bw="8">
<![CDATA[
:24  %mrv_2 = insertvalue { i8, i8, i8, i8, i8, i8, i8, i8, i32, i32, i32, i32 } %mrv_1, i8 %regs_9_1_load, 2

]]></Node>
<StgValue><ssdm name="mrv_2"/></StgValue>
</operation>

<operation id="27" st_id="1" stage="1" lat="1">
<core>NULL</core>
<MemPortIdVec></MemPortIdVec>
<condition id="-1">
<or_exp><and_exp></and_exp></or_exp>
</condition>

<Node id="40" bw="192" op_0_bw="192" op_1_bw="8">
<![CDATA[
:25  %mrv_3 = insertvalue { i8, i8, i8, i8, i8, i8, i8, i8, i32, i32, i32, i32 } %mrv_2, i8 %regs_9_2_load, 3

]]></Node>
<StgValue><ssdm name="mrv_3"/></StgValue>
</operation>

<operation id="28" st_id="1" stage="1" lat="1">
<core>NULL</core>
<MemPortIdVec></MemPortIdVec>
<condition id="-1">
<or_exp><and_exp></and_exp></or_exp>
</condition>

<Node id="41" bw="192" op_0_bw="192" op_1_bw="8">
<![CDATA[
:26  %mrv_4 = insertvalue { i8, i8, i8, i8, i8, i8, i8, i8, i32, i32, i32, i32 } %mrv_3, i8 %regs_9_3_load, 4

]]></Node>
<StgValue><ssdm name="mrv_4"/></StgValue>
</operation>

<operation id="29" st_id="1" stage="1" lat="1">
<core>NULL</core>
<MemPortIdVec></MemPortIdVec>
<condition id="-1">
<or_exp><and_exp></and_exp></or_exp>
</condition>

<Node id="42" bw="192" op_0_bw="192" op_1_bw="8">
<![CDATA[
:27  %mrv_5 = insertvalue { i8, i8, i8, i8, i8, i8, i8, i8, i32, i32, i32, i32 } %mrv_4, i8 %regs_9_4_load, 5

]]></Node>
<StgValue><ssdm name="mrv_5"/></StgValue>
</operation>

<operation id="30" st_id="1" stage="1" lat="1">
<core>NULL</core>
<MemPortIdVec></MemPortIdVec>
<condition id="-1">
<or_exp><and_exp></and_exp></or_exp>
</condition>

<Node id="43" bw="192" op_0_bw="192" op_1_bw="8">
<![CDATA[
:28  %mrv_6 = insertvalue { i8, i8, i8, i8, i8, i8, i8, i8, i32, i32, i32, i32 } %mrv_5, i8 %regs_9_5_load, 6

]]></Node>
<StgValue><ssdm name="mrv_6"/></StgValue>
</operation>

<operation id="31" st_id="1" stage="1" lat="1">
<core>NULL</core>
<MemPortIdVec></MemPortIdVec>
<condition id="-1">
<or_exp><and_exp></and_exp></or_exp>
</condition>

<Node id="44" bw="192" op_0_bw="192" op_1_bw="8">
<![CDATA[
:29  %mrv_7 = insertvalue { i8, i8, i8, i8, i8, i8, i8, i8, i32, i32, i32, i32 } %mrv_6, i8 %regs_9_6_load, 7

]]></Node>
<StgValue><ssdm name="mrv_7"/></StgValue>
</operation>

<operation id="32" st_id="1" stage="1" lat="1">
<core>NULL</core>
<MemPortIdVec></MemPortIdVec>
<condition id="-1">
<or_exp><and_exp></and_exp></or_exp>
</condition>

<Node id="45" bw="192" op_0_bw="192" op_1_bw="32">
<![CDATA[
:30  %mrv_8 = insertvalue { i8, i8, i8, i8, i8, i8, i8, i8, i32, i32, i32, i32 } %mrv_7, i32 %din1_read, 8

]]></Node>
<StgValue><ssdm name="mrv_8"/></StgValue>
</operation>

<operation id="33" st_id="1" stage="1" lat="1">
<core>NULL</core>
<MemPortIdVec></MemPortIdVec>
<condition id="-1">
<or_exp><and_exp></and_exp></or_exp>
</condition>

<Node id="46" bw="192" op_0_bw="192" op_1_bw="32">
<![CDATA[
:31  %mrv_9 = insertvalue { i8, i8, i8, i8, i8, i8, i8, i8, i32, i32, i32, i32 } %mrv_8, i32 %regs_0_load, 9

]]></Node>
<StgValue><ssdm name="mrv_9"/></StgValue>
</operation>

<operation id="34" st_id="1" stage="1" lat="1">
<core>NULL</core>
<MemPortIdVec></MemPortIdVec>
<condition id="-1">
<or_exp><and_exp></and_exp></or_exp>
</condition>

<Node id="47" bw="192" op_0_bw="192" op_1_bw="32">
<![CDATA[
:32  %mrv_s = insertvalue { i8, i8, i8, i8, i8, i8, i8, i8, i32, i32, i32, i32 } %mrv_9, i32 %regs_1_load, 10

]]></Node>
<StgValue><ssdm name="mrv_s"/></StgValue>
</operation>

<operation id="35" st_id="1" stage="1" lat="1">
<core>NULL</core>
<MemPortIdVec></MemPortIdVec>
<condition id="-1">
<or_exp><and_exp></and_exp></or_exp>
</condition>

<Node id="48" bw="192" op_0_bw="192" op_1_bw="32">
<![CDATA[
:33  %mrv_10 = insertvalue { i8, i8, i8, i8, i8, i8, i8, i8, i32, i32, i32, i32 } %mrv_s, i32 %regs_2_load, 11

]]></Node>
<StgValue><ssdm name="mrv_10"/></StgValue>
</operation>

<operation id="36" st_id="1" stage="1" lat="1">
<core>NULL</core>
<MemPortIdVec></MemPortIdVec>
<condition id="-1">
<or_exp><and_exp></and_exp></or_exp>
</condition>

<Node id="49" bw="0" op_0_bw="192">
<![CDATA[
:34  ret { i8, i8, i8, i8, i8, i8, i8, i8, i32, i32, i32, i32 } %mrv_10

]]></Node>
<StgValue><ssdm name="ret_ln12"/></StgValue>
</operation>
</state>
</state_list>


<ports>
</ports>


<dataflows>
</dataflows>


</stg>
