<profile>

<section name = "Vivado HLS Report for 'shift_reg_en'" level="0">
<item name = "Date">Thu Apr  8 07:05:22 2021
</item>
<item name = "Version">2019.2 (Build 2704478 on Wed Nov 06 22:10:23 MST 2019)</item>
<item name = "Project">Shift_Register</item>
<item name = "Solution">solution1</item>
<item name = "Product family">zynq</item>
<item name = "Target device">xc7z020-clg400-1</item>
</section>

<section name = "Performance Estimates" level="0">
<item name = "Timing">
<section name = "" level="1">
<item name = "Summary"><table name="" hasTotal="0">
<keys size="4">Clock, Target, Estimated, Uncertainty</keys>
<column name="ap_clk">10.00 ns, 1.769 ns, 1.25 ns</column>
</table>
</item>
</section>
</item>
<item name = "Latency">
<section name = "" level="1">
<item name = "Summary"><table name="" hasTotal="0">
<keys size="8">, min, max, min, max, min, max, Type</keys>
<column name="">1, 1, 10.000 ns, 10.000 ns, 1, 1, none</column>
</table>
</item>
<item name = "Detail">
<section name = "" level="1">
<item name = "Instance"><table name="" hasTotal="0">
<keys size="9">Instance, Module, min, max, min, max, min, max, Type</keys>
</table>
</item>
<item name = "Loop"><table name="" hasTotal="0">
<keys size="8">Loop Name, min, max, Latency, achieved, target, Count, Pipelined</keys>
</table>
</item>
</section>
</item>
</section>
</item>
</section>

<section name = "Utilization Estimates" level="0">
<item name = "Summary"><table name="" hasTotal="1">
<keys size="6">Name, BRAM_18K, DSP48E, FF, LUT, URAM</keys>
<column name="DSP">-, -, -, -, -</column>
<column name="Expression">-, -, -, -, -</column>
<column name="FIFO">-, -, -, -, -</column>
<column name="Instance">-, -, -, -, -</column>
<column name="Memory">-, -, -, -, -</column>
<column name="Multiplexer">-, -, -, 222, -</column>
<column name="Register">-, -, 282, -, -</column>
<specialColumn name="Available">280, 220, 106400, 53200, 0</specialColumn>
<specialColumn name="Utilization (%)">0, 0, ~0, ~0, 0</specialColumn>
</table>
</item>
<item name = "Detail">
<section name = "" level="1">
<item name = "Instance"><table name="" hasTotal="1">
<keys size="7">Instance, Module, BRAM_18K, DSP48E, FF, LUT, URAM</keys>
</table>
</item>
<item name = "DSP48E"><table name="" hasTotal="0">
<keys size="3">Instance, Module, Expression</keys>
</table>
</item>
<item name = "Memory"><table name="" hasTotal="1">
<keys size="10">Memory, Module, BRAM_18K, FF, LUT, URAM, Words, Bits, Banks, W*Bits*Banks</keys>
</table>
</item>
<item name = "FIFO"><table name="" hasTotal="1">
<keys size="8">Name, BRAM_18K, FF, LUT, URAM, Depth, Bits, Size:D*B</keys>
</table>
</item>
<item name = "Expression"><table name="" hasTotal="1">
<keys size="7">Variable Name, Operation, DSP48E, FF, LUT, Bitwidth P0, Bitwidth P1</keys>
</table>
</item>
<item name = "Multiplexer"><table name="" hasTotal="1">
<keys size="5">Name, LUT, Input Size, Bits, Total Bits</keys>
<column name="ap_NS_fsm">15, 3, 1, 3</column>
<column name="ap_return_0">9, 2, 8, 16</column>
<column name="ap_return_1">9, 2, 8, 16</column>
<column name="ap_return_10">9, 2, 8, 16</column>
<column name="ap_return_11">9, 2, 8, 16</column>
<column name="ap_return_2">9, 2, 8, 16</column>
<column name="ap_return_3">9, 2, 8, 16</column>
<column name="ap_return_4">9, 2, 8, 16</column>
<column name="ap_return_5">9, 2, 8, 16</column>
<column name="ap_return_6">9, 2, 8, 16</column>
<column name="ap_return_7">9, 2, 8, 16</column>
<column name="ap_return_8">9, 2, 8, 16</column>
<column name="ap_return_9">9, 2, 8, 16</column>
<column name="dout_0_write_assign_reg_136">9, 2, 8, 16</column>
<column name="dout_10_write_assig_reg_46">9, 2, 8, 16</column>
<column name="dout_1_write_assign_reg_127">9, 2, 8, 16</column>
<column name="dout_2_write_assign_reg_118">9, 2, 8, 16</column>
<column name="dout_3_write_assign_reg_109">9, 2, 8, 16</column>
<column name="dout_4_write_assign_reg_100">9, 2, 8, 16</column>
<column name="dout_5_write_assign_reg_91">9, 2, 8, 16</column>
<column name="dout_6_write_assign_reg_82">9, 2, 8, 16</column>
<column name="dout_7_write_assign_reg_73">9, 2, 8, 16</column>
<column name="dout_8_write_assign_reg_64">9, 2, 8, 16</column>
<column name="dout_9_write_assign_reg_55">9, 2, 8, 16</column>
</table>
</item>
<item name = "Register"><table name="" hasTotal="1">
<keys size="5">Name, FF, LUT, Bits, Const Bits</keys>
<column name="ap_CS_fsm">2, 0, 2, 0</column>
<column name="ap_return_0_preg">8, 0, 8, 0</column>
<column name="ap_return_10_preg">8, 0, 8, 0</column>
<column name="ap_return_11_preg">8, 0, 8, 0</column>
<column name="ap_return_1_preg">8, 0, 8, 0</column>
<column name="ap_return_2_preg">8, 0, 8, 0</column>
<column name="ap_return_3_preg">8, 0, 8, 0</column>
<column name="ap_return_4_preg">8, 0, 8, 0</column>
<column name="ap_return_5_preg">8, 0, 8, 0</column>
<column name="ap_return_6_preg">8, 0, 8, 0</column>
<column name="ap_return_7_preg">8, 0, 8, 0</column>
<column name="ap_return_8_preg">8, 0, 8, 0</column>
<column name="ap_return_9_preg">8, 0, 8, 0</column>
<column name="dout_0_write_assign_reg_136">8, 0, 8, 0</column>
<column name="dout_10_write_assig_reg_46">8, 0, 8, 0</column>
<column name="dout_1_write_assign_reg_127">8, 0, 8, 0</column>
<column name="dout_2_write_assign_reg_118">8, 0, 8, 0</column>
<column name="dout_3_write_assign_reg_109">8, 0, 8, 0</column>
<column name="dout_4_write_assign_reg_100">8, 0, 8, 0</column>
<column name="dout_5_write_assign_reg_91">8, 0, 8, 0</column>
<column name="dout_6_write_assign_reg_82">8, 0, 8, 0</column>
<column name="dout_7_write_assign_reg_73">8, 0, 8, 0</column>
<column name="dout_8_write_assign_reg_64">8, 0, 8, 0</column>
<column name="dout_9_write_assign_reg_55">8, 0, 8, 0</column>
<column name="regs_6_0">8, 0, 8, 0</column>
<column name="regs_6_1">8, 0, 8, 0</column>
<column name="regs_6_10">8, 0, 8, 0</column>
<column name="regs_6_11">8, 0, 8, 0</column>
<column name="regs_6_2">8, 0, 8, 0</column>
<column name="regs_6_3">8, 0, 8, 0</column>
<column name="regs_6_4">8, 0, 8, 0</column>
<column name="regs_6_5">8, 0, 8, 0</column>
<column name="regs_6_6">8, 0, 8, 0</column>
<column name="regs_6_7">8, 0, 8, 0</column>
<column name="regs_6_8">8, 0, 8, 0</column>
<column name="regs_6_9">8, 0, 8, 0</column>
</table>
</item>
</section>
</item>
</section>

<section name = "Interface" level="0">
<item name = "Summary"><table name="" hasTotal="0">
<keys size="6">RTL Ports, Dir, Bits, Protocol, Source Object, C Type</keys>
<column name="ap_clk">in, 1, ap_ctrl_hs, shift_reg_en, return value</column>
<column name="ap_rst">in, 1, ap_ctrl_hs, shift_reg_en, return value</column>
<column name="ap_start">in, 1, ap_ctrl_hs, shift_reg_en, return value</column>
<column name="ap_done">out, 1, ap_ctrl_hs, shift_reg_en, return value</column>
<column name="ap_idle">out, 1, ap_ctrl_hs, shift_reg_en, return value</column>
<column name="ap_ready">out, 1, ap_ctrl_hs, shift_reg_en, return value</column>
<column name="ap_return_0">out, 8, ap_ctrl_hs, shift_reg_en, return value</column>
<column name="ap_return_1">out, 8, ap_ctrl_hs, shift_reg_en, return value</column>
<column name="ap_return_2">out, 8, ap_ctrl_hs, shift_reg_en, return value</column>
<column name="ap_return_3">out, 8, ap_ctrl_hs, shift_reg_en, return value</column>
<column name="ap_return_4">out, 8, ap_ctrl_hs, shift_reg_en, return value</column>
<column name="ap_return_5">out, 8, ap_ctrl_hs, shift_reg_en, return value</column>
<column name="ap_return_6">out, 8, ap_ctrl_hs, shift_reg_en, return value</column>
<column name="ap_return_7">out, 8, ap_ctrl_hs, shift_reg_en, return value</column>
<column name="ap_return_8">out, 8, ap_ctrl_hs, shift_reg_en, return value</column>
<column name="ap_return_9">out, 8, ap_ctrl_hs, shift_reg_en, return value</column>
<column name="ap_return_10">out, 8, ap_ctrl_hs, shift_reg_en, return value</column>
<column name="ap_return_11">out, 8, ap_ctrl_hs, shift_reg_en, return value</column>
<column name="din">in, 8, ap_none, din, scalar</column>
<column name="en">in, 1, ap_none, en, scalar</column>
</table>
</item>
</section>
</profile>
