<stg><name>shift_reg_template</name>


<trans_list>
</trans_list>



<state_list>

<state id="1" st_id="1">

<operation id="2" st_id="1" stage="1" lat="1">
<core>NULL</core>
<MemPortIdVec></MemPortIdVec>
<condition id="-1">
<or_exp><and_exp></and_exp></or_exp>
</condition>

<Node id="15" bw="32" op_0_bw="32" op_1_bw="32">
<![CDATA[
:0  %din1_read = call i32 @_ssdm_op_Read.ap_auto.i32(i32 %din1)

]]></Node>
<StgValue><ssdm name="din1_read"/></StgValue>
</operation>

<operation id="3" st_id="1" stage="1" lat="1">
<core>NULL</core>
<MemPortIdVec></MemPortIdVec>
<condition id="-1">
<or_exp><and_exp></and_exp></or_exp>
</condition>

<Node id="16" bw="8" op_0_bw="8" op_1_bw="8">
<![CDATA[
:1  %din0_read = call i8 @_ssdm_op_Read.ap_auto.i8(i8 %din0)

]]></Node>
<StgValue><ssdm name="din0_read"/></StgValue>
</operation>

<operation id="4" st_id="1" stage="1" lat="1">
<core>NULL</core>
<MemPortIdVec></MemPortIdVec>
<condition id="-1">
<or_exp><and_exp></and_exp></or_exp>
</condition>

<Node id="17" bw="8" op_0_bw="8">
<![CDATA[
:2  %regs_9_6_load = load i8* @regs_9_6, align 1

]]></Node>
<StgValue><ssdm name="regs_9_6_load"/></StgValue>
</operation>

<operation id="5" st_id="1" stage="1" lat="1">
<core>NULL</core>
<MemPortIdVec></MemPortIdVec>
<condition id="-1">
<or_exp><and_exp></and_exp></or_exp>
</condition>

<Node id="18" bw="8" op_0_bw="8">
<![CDATA[
:3  %regs_9_5_load = load i8* @regs_9_5, align 1

]]></Node>
<StgValue><ssdm name="regs_9_5_load"/></StgValue>
</operation>

<operation id="6" st_id="1" stage="1" lat="1">
<core>NULL</core>
<MemPortIdVec></MemPortIdVec>
<condition id="-1">
<or_exp><and_exp></and_exp></or_exp>
</condition>

<Node id="19" bw="0" op_0_bw="8" op_1_bw="8" op_2_bw="8">
<![CDATA[
:4  store i8 %regs_9_5_load, i8* @regs_9_6, align 1

]]></Node>
<StgValue><ssdm name="store_ln15"/></StgValue>
</operation>

<operation id="7" st_id="1" stage="1" lat="1">
<core>NULL</core>
<MemPortIdVec></MemPortIdVec>
<condition id="-1">
<or_exp><and_exp></and_exp></or_exp>
</condition>

<Node id="20" bw="8" op_0_bw="8">
<![CDATA[
:5  %regs_9_4_load = load i8* @regs_9_4, align 1

]]></Node>
<StgValue><ssdm name="regs_9_4_load"/></StgValue>
</operation>

<operation id="8" st_id="1" stage="1" lat="1">
<core>NULL</core>
<MemPortIdVec></MemPortIdVec>
<condition id="-1">
<or_exp><and_exp></and_exp></or_exp>
</condition>

<Node id="21" bw="0" op_0_bw="8" op_1_bw="8" op_2_bw="8">
<![CDATA[
:6  store i8 %regs_9_4_load, i8* @regs_9_5, align 1

]]></Node>
<StgValue><ssdm name="store_ln15"/></StgValue>
</operation>

<operation id="9" st_id="1" stage="1" lat="1">
<core>NULL</core>
<MemPortIdVec></MemPortIdVec>
<condition id="-1">
<or_exp><and_exp></and_exp></or_exp>
</condition>

<Node id="22" bw="8" op_0_bw="8">
<![CDATA[
:7  %regs_9_3_load = load i8* @regs_9_3, align 1

]]></Node>
<StgValue><ssdm name="regs_9_3_load"/></StgValue>
</operation>

<operation id="10" st_id="1" stage="1" lat="1">
<core>NULL</core>
<MemPortIdVec></MemPortIdVec>
<condition id="-1">
<or_exp><and_exp></and_exp></or_exp>
</condition>

<Node id="23" bw="0" op_0_bw="8" op_1_bw="8" op_2_bw="8">
<![CDATA[
:8  store i8 %regs_9_3_load, i8* @regs_9_4, align 1

]]></Node>
<StgValue><ssdm name="store_ln15"/></StgValue>
</operation>

<operation id="11" st_id="1" stage="1" lat="1">
<core>NULL</core>
<MemPortIdVec></MemPortIdVec>
<condition id="-1">
<or_exp><and_exp></and_exp></or_exp>
</condition>

<Node id="24" bw="8" op_0_bw="8">
<![CDATA[
:9  %regs_9_2_load = load i8* @regs_9_2, align 1

]]></Node>
<StgValue><ssdm name="regs_9_2_load"/></StgValue>
</operation>

<operation id="12" st_id="1" stage="1" lat="1">
<core>NULL</core>
<MemPortIdVec></MemPortIdVec>
<condition id="-1">
<or_exp><and_exp></and_exp></or_exp>
</condition>

<Node id="25" bw="0" op_0_bw="8" op_1_bw="8" op_2_bw="8">
<![CDATA[
:10  store i8 %regs_9_2_load, i8* @regs_9_3, align 1

]]></Node>
<StgValue><ssdm name="store_ln15"/></StgValue>
</operation>

<operation id="13" st_id="1" stage="1" lat="1">
<core>NULL</core>
<MemPortIdVec></MemPortIdVec>
<condition id="-1">
<or_exp><and_exp></and_exp></or_exp>
</condition>

<Node id="26" bw="8" op_0_bw="8">
<![CDATA[
:11  %regs_9_1_load = load i8* @regs_9_1, align 1

]]></Node>
<StgValue><ssdm name="regs_9_1_load"/></StgValue>
</operation>

<operation id="14" st_id="1" stage="1" lat="1">
<core>NULL</core>
<MemPortIdVec></MemPortIdVec>
<condition id="-1">
<or_exp><and_exp></and_exp></or_exp>
</condition>

<Node id="27" bw="0" op_0_bw="8" op_1_bw="8" op_2_bw="8">
<![CDATA[
:12  store i8 %regs_9_1_load, i8* @regs_9_2, align 1

]]></Node>
<StgValue><ssdm name="store_ln15"/></StgValue>
</operation>

<operation id="15" st_id="1" stage="1" lat="1">
<core>NULL</core>
<MemPortIdVec></MemPortIdVec>
<condition id="-1">
<or_exp><and_exp></and_exp></or_exp>
</condition>

<Node id="28" bw="8" op_0_bw="8">
<![CDATA[
:13  %regs_9_0_load = load i8* @regs_9_0, align 1

]]></Node>
<StgValue><ssdm name="regs_9_0_load"/></StgValue>
</operation>

<operation id="16" st_id="1" stage="1" lat="1">
<core>NULL</core>
<MemPortIdVec></MemPortIdVec>
<condition id="-1">
<or_exp><and_exp></and_exp></or_exp>
</condition>

<Node id="29" bw="0" op_0_bw="8" op_1_bw="8" op_2_bw="8">
<![CDATA[
:14  store i8 %regs_9_0_load, i8* @regs_9_1, align 1

]]></Node>
<StgValue><ssdm name="store_ln15"/></StgValue>
</operation>

<operation id="17" st_id="1" stage="1" lat="1">
<core>NULL</core>
<MemPortIdVec></MemPortIdVec>
<condition id="-1">
<or_exp><and_exp></and_exp></or_exp>
</condition>

<Node id="30" bw="0" op_0_bw="8" op_1_bw="8" op_2_bw="8">
<![CDATA[
:15  store i8 %din0_read, i8* @regs_9_0, align 1

]]></Node>
<StgValue><ssdm name="store_ln13"/></StgValue>
</operation>

<operation id="18" st_id="1" stage="1" lat="1">
<core>NULL</core>
<MemPortIdVec></MemPortIdVec>
<condition id="-1">
<or_exp><and_exp></and_exp></or_exp>
</condition>

<Node id="31" bw="32" op_0_bw="32">
<![CDATA[
:16  %regs_2_load = load i32* @regs_2, align 4

]]></Node>
<StgValue><ssdm name="regs_2_load"/></StgValue>
</operation>

<operation id="19" st_id="1" stage="1" lat="1">
<core>NULL</core>
<MemPortIdVec></MemPortIdVec>
<condition id="-1">
<or_exp><and_exp></and_exp></or_exp>
</condition>

<Node id="32" bw="32" op_0_bw="32">
<![CDATA[
:17  %regs_1_load = load i32* @regs_1, align 4

]]></Node>
<StgValue><ssdm name="regs_1_load"/></StgValue>
</operation>

<operation id="20" st_id="1" stage="1" lat="1">
<core>NULL</core>
<MemPortIdVec></MemPortIdVec>
<condition id="-1">
<or_exp><and_exp></and_exp></or_exp>
</condition>

<Node id="33" bw="0" op_0_bw="32" op_1_bw="32" op_2_bw="32">
<![CDATA[
:18  store i32 %regs_1_load, i32* @regs_2, align 8

]]></Node>
<StgValue><ssdm name="store_ln15"/></StgValue>
</operation>

<operation id="21" st_id="1" stage="1" lat="1">
<core>NULL</core>
<MemPortIdVec></MemPortIdVec>
<condition id="-1">
<or_exp><and_exp></and_exp></or_exp>
</condition>

<Node id="34" bw="32" op_0_bw="32">
<![CDATA[
:19  %regs_0_load = load i32* @regs_0, align 16

]]></Node>
<StgValue><ssdm name="regs_0_load"/></StgValue>
</operation>

<operation id="22" st_id="1" stage="1" lat="1">
<core>NULL</core>
<MemPortIdVec></MemPortIdVec>
<condition id="-1">
<or_exp><and_exp></and_exp></or_exp>
</condition>

<Node id="35" bw="0" op_0_bw="32" op_1_bw="32" op_2_bw="32">
<![CDATA[
:20  store i32 %regs_0_load, i32* @regs_1, align 4

]]></Node>
<StgValue><ssdm name="store_ln15"/></StgValue>
</operation>

<operation id="23" st_id="1" stage="1" lat="1">
<core>NULL</core>
<MemPortIdVec></MemPortIdVec>
<condition id="-1">
<or_exp><and_exp></and_exp></or_exp>
</condition>

<Node id="36" bw="0" op_0_bw="32" op_1_bw="32" op_2_bw="32">
<![CDATA[
:21  store i32 %din1_read, i32* @regs_0, align 16

]]></Node>
<StgValue><ssdm name="store_ln13"/></StgValue>
</operation>

<operation id="24" st_id="1" stage="1" lat="1">
<core>NULL</core>
<MemPortIdVec></MemPortIdVec>
<condition id="-1">
<or_exp><and_exp></and_exp></or_exp>
</condition>

<Node id="37" bw="192" op_0_bw="192" op_1_bw="8">
<![CDATA[
:22  %mrv = insertvalue { i8, i8, i8, i8, i8, i8, i8, i8, i32, i32, i32, i32 } undef, i8 %din0_read, 0

]]></Node>
<StgValue><ssdm name="mrv"/></StgValue>
</operation>

<operation id="25" st_id="1" stage="1" lat="1">
<core>NULL</core>
<MemPortIdVec></MemPortIdVec>
<condition id="-1">
<or_exp><and_exp></and_exp></or_exp>
</condition>

<Node id="38" bw="192" op_0_bw="192" op_1_bw="8">
<![CDATA[
:23  %mrv_1 = insertvalue { i8, i8, i8, i8, i8, i8, i8, i8, i32, i32, i32, i32 } %mrv, i8 %regs_9_0_load, 1

]]></Node>
<StgValue><ssdm name="mrv_1"/></StgValue>
</operation>

<operation id="26" st_id="1" stage="1" lat="1">
<core>NULL</core>
<MemPortIdVec></MemPortIdVec>
<condition id="-1">
<or_exp><and_exp></and_exp></or_exp>
</condition>

<Node id="39" bw="192" op_0_bw="192" op_1_bw="8">
<![CDATA[
:24  %mrv_2 = insertvalue { i8, i8, i8, i8, i8, i8, i8, i8, i32, i32, i32, i32 } %mrv_1, i8 %regs_9_1_load, 2

]]></Node>
<StgValue><ssdm name="mrv_2"/></StgValue>
</operation>

<operation id="27" st_id="1" stage="1" lat="1">
<core>NULL</core>
<MemPortIdVec></MemPortIdVec>
<condition id="-1">
<or_exp><and_exp></and_exp></or_exp>
</condition>

<Node id="40" bw="192" op_0_bw="192" op_1_bw="8">
<![CDATA[
:25  %mrv_3 = insertvalue { i8, i8, i8, i8, i8, i8, i8, i8, i32, i32, i32, i32 } %mrv_2, i8 %regs_9_2_load, 3

]]></Node>
<StgValue><ssdm name="mrv_3"/></StgValue>
</operation>

<operation id="28" st_id="1" stage="1" lat="1">
<core>NULL</core>
<MemPortIdVec></MemPortIdVec>
<condition id="-1">
<or_exp><and_exp></and_exp></or_exp>
</condition>

<Node id="41" bw="192" op_0_bw="192" op_1_bw="8">
<![CDATA[
:26  %mrv_4 = insertvalue { i8, i8, i8, i8, i8, i8, i8, i8, i32, i32, i32, i32 } %mrv_3, i8 %regs_9_3_load, 4

]]></Node>
<StgValue><ssdm name="mrv_4"/></StgValue>
</operation>

<operation id="29" st_id="1" stage="1" lat="1">
<core>NULL</core>
<MemPortIdVec></MemPortIdVec>
<condition id="-1">
<or_exp><and_exp></and_exp></or_exp>
</condition>

<Node id="42" bw="192" op_0_bw="192" op_1_bw="8">
<![CDATA[
:27  %mrv_5 = insertvalue { i8, i8, i8, i8, i8, i8, i8, i8, i32, i32, i32, i32 } %mrv_4, i8 %regs_9_4_load, 5

]]></Node>
<StgValue><ssdm name="mrv_5"/></StgValue>
</operation>

<operation id="30" st_id="1" stage="1" lat="1">
<core>NULL</core>
<MemPortIdVec></MemPortIdVec>
<condition id="-1">
<or_exp><and_exp></and_exp></or_exp>
</condition>

<Node id="43" bw="192" op_0_bw="192" op_1_bw="8">
<![CDATA[
:28  %mrv_6 = insertvalue { i8, i8, i8, i8, i8, i8, i8, i8, i32, i32, i32, i32 } %mrv_5, i8 %regs_9_5_load, 6

]]></Node>
<StgValue><ssdm name="mrv_6"/></StgValue>
</operation>

<operation id="31" st_id="1" stage="1" lat="1">
<core>NULL</core>
<MemPortIdVec></MemPortIdVec>
<condition id="-1">
<or_exp><and_exp></and_exp></or_exp>
</condition>

<Node id="44" bw="192" op_0_bw="192" op_1_bw="8">
<![CDATA[
:29  %mrv_7 = insertvalue { i8, i8, i8, i8, i8, i8, i8, i8, i32, i32, i32, i32 } %mrv_6, i8 %regs_9_6_load, 7

]]></Node>
<StgValue><ssdm name="mrv_7"/></StgValue>
</operation>

<operation id="32" st_id="1" stage="1" lat="1">
<core>NULL</core>
<MemPortIdVec></MemPortIdVec>
<condition id="-1">
<or_exp><and_exp></and_exp></or_exp>
</condition>

<Node id="45" bw="192" op_0_bw="192" op_1_bw="32">
<![CDATA[
:30  %mrv_8 = insertvalue { i8, i8, i8, i8, i8, i8, i8, i8, i32, i32, i32, i32 } %mrv_7, i32 %din1_read, 8

]]></Node>
<StgValue><ssdm name="mrv_8"/></StgValue>
</operation>

<operation id="33" st_id="1" stage="1" lat="1">
<core>NULL</core>
<MemPortIdVec></MemPortIdVec>
<condition id="-1">
<or_exp><and_exp></and_exp></or_exp>
</condition>

<Node id="46" bw="192" op_0_bw="192" op_1_bw="32">
<![CDATA[
:31  %mrv_9 = insertvalue { i8, i8, i8, i8, i8, i8, i8, i8, i32, i32, i32, i32 } %mrv_8, i32 %regs_0_load, 9

]]></Node>
<StgValue><ssdm name="mrv_9"/></StgValue>
</operation>

<operation id="34" st_id="1" stage="1" lat="1">
<core>NULL</core>
<MemPortIdVec></MemPortIdVec>
<condition id="-1">
<or_exp><and_exp></and_exp></or_exp>
</condition>

<Node id="47" bw="192" op_0_bw="192" op_1_bw="32">
<![CDATA[
:32  %mrv_s = insertvalue { i8, i8, i8, i8, i8, i8, i8, i8, i32, i32, i32, i32 } %mrv_9, i32 %regs_1_load, 10

]]></Node>
<StgValue><ssdm name="mrv_s"/></StgValue>
</operation>

<operation id="35" st_id="1" stage="1" lat="1">
<core>NULL</core>
<MemPortIdVec></MemPortIdVec>
<condition id="-1">
<or_exp><and_exp></and_exp></or_exp>
</condition>

<Node id="48" bw="192" op_0_bw="192" op_1_bw="32">
<![CDATA[
:33  %mrv_10 = insertvalue { i8, i8, i8, i8, i8, i8, i8, i8, i32, i32, i32, i32 } %mrv_s, i32 %regs_2_load, 11

]]></Node>
<StgValue><ssdm name="mrv_10"/></StgValue>
</operation>

<operation id="36" st_id="1" stage="1" lat="1">
<core>NULL</core>
<MemPortIdVec></MemPortIdVec>
<condition id="-1">
<or_exp><and_exp></and_exp></or_exp>
</condition>

<Node id="49" bw="0" op_0_bw="192">
<![CDATA[
:34  ret { i8, i8, i8, i8, i8, i8, i8, i8, i32, i32, i32, i32 } %mrv_10

]]></Node>
<StgValue><ssdm name="ret_ln12"/></StgValue>
</operation>
</state>
</state_list>


<ports>
<port id="37" name="din0" dir="0" iftype="0">
<core>NULL</core><StgValue><ssdm name="din0"/></StgValue>
</port>
<port id="38" name="din1" dir="0" iftype="0">
<core>NULL</core><StgValue><ssdm name="din1"/></StgValue>
</port>
<port id="39" name="regs_9_6" dir="2" iftype="0">
<core>NULL</core><StgValue><ssdm name="regs_9_6"/></StgValue>
</port>
<port id="40" name="regs_9_5" dir="2" iftype="0">
<core>NULL</core><StgValue><ssdm name="regs_9_5"/></StgValue>
</port>
<port id="41" name="regs_9_4" dir="2" iftype="0">
<core>NULL</core><StgValue><ssdm name="regs_9_4"/></StgValue>
</port>
<port id="42" name="regs_9_3" dir="2" iftype="0">
<core>NULL</core><StgValue><ssdm name="regs_9_3"/></StgValue>
</port>
<port id="43" name="regs_9_2" dir="2" iftype="0">
<core>NULL</core><StgValue><ssdm name="regs_9_2"/></StgValue>
</port>
<port id="44" name="regs_9_1" dir="2" iftype="0">
<core>NULL</core><StgValue><ssdm name="regs_9_1"/></StgValue>
</port>
<port id="45" name="regs_9_0" dir="2" iftype="0">
<core>NULL</core><StgValue><ssdm name="regs_9_0"/></StgValue>
</port>
<port id="46" name="regs_2" dir="2" iftype="0">
<core>NULL</core><StgValue><ssdm name="regs_2"/></StgValue>
</port>
<port id="47" name="regs_1" dir="2" iftype="0">
<core>NULL</core><StgValue><ssdm name="regs_1"/></StgValue>
</port>
<port id="48" name="regs_0" dir="2" iftype="0">
<core>NULL</core><StgValue><ssdm name="regs_0"/></StgValue>
</port>
</ports>


<dataflows>
<dataflow id="50" from="_ssdm_op_Read.ap_auto.i32" to="din1_read" fromId="49" toId="2">
</dataflow>
<dataflow id="51" from="din1" to="din1_read" fromId="38" toId="2">
</dataflow>
<dataflow id="53" from="_ssdm_op_Read.ap_auto.i8" to="din0_read" fromId="52" toId="3">
</dataflow>
<dataflow id="54" from="din0" to="din0_read" fromId="37" toId="3">
</dataflow>
<dataflow id="55" from="regs_9_6" to="regs_9_6_load" fromId="39" toId="4">
</dataflow>
<dataflow id="56" from="regs_9_5" to="regs_9_5_load" fromId="40" toId="5">
</dataflow>
<dataflow id="57" from="regs_9_5_load" to="store_ln15" fromId="5" toId="6">
</dataflow>
<dataflow id="58" from="regs_9_6" to="store_ln15" fromId="39" toId="6">
</dataflow>
<dataflow id="59" from="regs_9_4" to="regs_9_4_load" fromId="41" toId="7">
</dataflow>
<dataflow id="60" from="regs_9_4_load" to="store_ln15" fromId="7" toId="8">
</dataflow>
<dataflow id="61" from="regs_9_5" to="store_ln15" fromId="40" toId="8">
</dataflow>
<dataflow id="62" from="regs_9_3" to="regs_9_3_load" fromId="42" toId="9">
</dataflow>
<dataflow id="63" from="regs_9_3_load" to="store_ln15" fromId="9" toId="10">
</dataflow>
<dataflow id="64" from="regs_9_4" to="store_ln15" fromId="41" toId="10">
</dataflow>
<dataflow id="65" from="regs_9_2" to="regs_9_2_load" fromId="43" toId="11">
</dataflow>
<dataflow id="66" from="regs_9_2_load" to="store_ln15" fromId="11" toId="12">
</dataflow>
<dataflow id="67" from="regs_9_3" to="store_ln15" fromId="42" toId="12">
</dataflow>
<dataflow id="68" from="regs_9_1" to="regs_9_1_load" fromId="44" toId="13">
</dataflow>
<dataflow id="69" from="regs_9_1_load" to="store_ln15" fromId="13" toId="14">
</dataflow>
<dataflow id="70" from="regs_9_2" to="store_ln15" fromId="43" toId="14">
</dataflow>
<dataflow id="71" from="regs_9_0" to="regs_9_0_load" fromId="45" toId="15">
</dataflow>
<dataflow id="72" from="regs_9_0_load" to="store_ln15" fromId="15" toId="16">
</dataflow>
<dataflow id="73" from="regs_9_1" to="store_ln15" fromId="44" toId="16">
</dataflow>
<dataflow id="74" from="din0_read" to="store_ln13" fromId="3" toId="17">
</dataflow>
<dataflow id="75" from="regs_9_0" to="store_ln13" fromId="45" toId="17">
</dataflow>
<dataflow id="76" from="regs_2" to="regs_2_load" fromId="46" toId="18">
</dataflow>
<dataflow id="77" from="regs_1" to="regs_1_load" fromId="47" toId="19">
</dataflow>
<dataflow id="78" from="regs_1_load" to="store_ln15" fromId="19" toId="20">
</dataflow>
<dataflow id="79" from="regs_2" to="store_ln15" fromId="46" toId="20">
</dataflow>
<dataflow id="80" from="regs_0" to="regs_0_load" fromId="48" toId="21">
</dataflow>
<dataflow id="81" from="regs_0_load" to="store_ln15" fromId="21" toId="22">
</dataflow>
<dataflow id="82" from="regs_1" to="store_ln15" fromId="47" toId="22">
</dataflow>
<dataflow id="83" from="din1_read" to="store_ln13" fromId="2" toId="23">
</dataflow>
<dataflow id="84" from="regs_0" to="store_ln13" fromId="48" toId="23">
</dataflow>
<dataflow id="86" from="StgValue_85" to="mrv" fromId="85" toId="24">
</dataflow>
<dataflow id="87" from="din0_read" to="mrv" fromId="3" toId="24">
</dataflow>
<dataflow id="88" from="mrv" to="mrv_1" fromId="24" toId="25">
</dataflow>
<dataflow id="89" from="regs_9_0_load" to="mrv_1" fromId="15" toId="25">
</dataflow>
<dataflow id="90" from="mrv_1" to="mrv_2" fromId="25" toId="26">
</dataflow>
<dataflow id="91" from="regs_9_1_load" to="mrv_2" fromId="13" toId="26">
</dataflow>
<dataflow id="92" from="mrv_2" to="mrv_3" fromId="26" toId="27">
</dataflow>
<dataflow id="93" from="regs_9_2_load" to="mrv_3" fromId="11" toId="27">
</dataflow>
<dataflow id="94" from="mrv_3" to="mrv_4" fromId="27" toId="28">
</dataflow>
<dataflow id="95" from="regs_9_3_load" to="mrv_4" fromId="9" toId="28">
</dataflow>
<dataflow id="96" from="mrv_4" to="mrv_5" fromId="28" toId="29">
</dataflow>
<dataflow id="97" from="regs_9_4_load" to="mrv_5" fromId="7" toId="29">
</dataflow>
<dataflow id="98" from="mrv_5" to="mrv_6" fromId="29" toId="30">
</dataflow>
<dataflow id="99" from="regs_9_5_load" to="mrv_6" fromId="5" toId="30">
</dataflow>
<dataflow id="100" from="mrv_6" to="mrv_7" fromId="30" toId="31">
</dataflow>
<dataflow id="101" from="regs_9_6_load" to="mrv_7" fromId="4" toId="31">
</dataflow>
<dataflow id="102" from="mrv_7" to="mrv_8" fromId="31" toId="32">
</dataflow>
<dataflow id="103" from="din1_read" to="mrv_8" fromId="2" toId="32">
</dataflow>
<dataflow id="104" from="mrv_8" to="mrv_9" fromId="32" toId="33">
</dataflow>
<dataflow id="105" from="regs_0_load" to="mrv_9" fromId="21" toId="33">
</dataflow>
<dataflow id="106" from="mrv_9" to="mrv_s" fromId="33" toId="34">
</dataflow>
<dataflow id="107" from="regs_1_load" to="mrv_s" fromId="19" toId="34">
</dataflow>
<dataflow id="108" from="mrv_s" to="mrv_10" fromId="34" toId="35">
</dataflow>
<dataflow id="109" from="regs_2_load" to="mrv_10" fromId="18" toId="35">
</dataflow>
<dataflow id="110" from="mrv_10" to="ret_ln12" fromId="35" toId="36">
</dataflow>
</dataflows>


</stg>
