<stg><name>shift_reg_en</name>


<trans_list>

<trans id="55" from="1" to="2">
<condition id="-1">
<or_exp><and_exp></and_exp></or_exp>
</condition>
</trans>
</trans_list>



<state_list>

<state id="1" st_id="1">

<operation id="3" st_id="1" stage="1" lat="1">
<core>NULL</core>
<MemPortIdVec></MemPortIdVec>
<condition id="-1">
<or_exp><and_exp></and_exp></or_exp>
</condition>

<Node id="16" bw="1" op_0_bw="1" op_1_bw="1">
<![CDATA[
:0  %en_read = call i1 @_ssdm_op_Read.ap_auto.i1(i1 %en)

]]></Node>
<StgValue><ssdm name="en_read"/></StgValue>
</operation>

<operation id="4" st_id="1" stage="1" lat="1">
<core>NULL</core>
<MemPortIdVec></MemPortIdVec>
<condition id="-1">
<or_exp><and_exp></and_exp></or_exp>
</condition>

<Node id="17" bw="8" op_0_bw="8" op_1_bw="8">
<![CDATA[
:1  %din_read = call i8 @_ssdm_op_Read.ap_auto.i8(i8 %din)

]]></Node>
<StgValue><ssdm name="din_read"/></StgValue>
</operation>

<operation id="5" st_id="1" stage="1" lat="1">
<core>NULL</core>
<MemPortIdVec></MemPortIdVec>
<condition id="-1">
<or_exp><and_exp></and_exp></or_exp>
</condition>

<Node id="18" bw="8" op_0_bw="8">
<![CDATA[
:2  %regs_6_10_load = load i8* @regs_6_10, align 1

]]></Node>
<StgValue><ssdm name="regs_6_10_load"/></StgValue>
</operation>

<operation id="6" st_id="1" stage="1" lat="1">
<core>NULL</core>
<MemPortIdVec></MemPortIdVec>
<condition id="-1">
<or_exp><and_exp></and_exp></or_exp>
</condition>

<Node id="19" bw="8" op_0_bw="8">
<![CDATA[
:3  %regs_6_9_load = load i8* @regs_6_9, align 1

]]></Node>
<StgValue><ssdm name="regs_6_9_load"/></StgValue>
</operation>

<operation id="7" st_id="1" stage="1" lat="1">
<core>NULL</core>
<MemPortIdVec></MemPortIdVec>
<condition id="-1">
<or_exp><and_exp></and_exp></or_exp>
</condition>

<Node id="20" bw="8" op_0_bw="8">
<![CDATA[
:4  %regs_6_8_load = load i8* @regs_6_8, align 1

]]></Node>
<StgValue><ssdm name="regs_6_8_load"/></StgValue>
</operation>

<operation id="8" st_id="1" stage="1" lat="1">
<core>NULL</core>
<MemPortIdVec></MemPortIdVec>
<condition id="-1">
<or_exp><and_exp></and_exp></or_exp>
</condition>

<Node id="21" bw="8" op_0_bw="8">
<![CDATA[
:5  %regs_6_7_load = load i8* @regs_6_7, align 1

]]></Node>
<StgValue><ssdm name="regs_6_7_load"/></StgValue>
</operation>

<operation id="9" st_id="1" stage="1" lat="1">
<core>NULL</core>
<MemPortIdVec></MemPortIdVec>
<condition id="-1">
<or_exp><and_exp></and_exp></or_exp>
</condition>

<Node id="22" bw="8" op_0_bw="8">
<![CDATA[
:6  %regs_6_6_load = load i8* @regs_6_6, align 1

]]></Node>
<StgValue><ssdm name="regs_6_6_load"/></StgValue>
</operation>

<operation id="10" st_id="1" stage="1" lat="1">
<core>NULL</core>
<MemPortIdVec></MemPortIdVec>
<condition id="-1">
<or_exp><and_exp></and_exp></or_exp>
</condition>

<Node id="23" bw="8" op_0_bw="8">
<![CDATA[
:7  %regs_6_5_load = load i8* @regs_6_5, align 1

]]></Node>
<StgValue><ssdm name="regs_6_5_load"/></StgValue>
</operation>

<operation id="11" st_id="1" stage="1" lat="1">
<core>NULL</core>
<MemPortIdVec></MemPortIdVec>
<condition id="-1">
<or_exp><and_exp></and_exp></or_exp>
</condition>

<Node id="24" bw="8" op_0_bw="8">
<![CDATA[
:8  %regs_6_4_load = load i8* @regs_6_4, align 1

]]></Node>
<StgValue><ssdm name="regs_6_4_load"/></StgValue>
</operation>

<operation id="12" st_id="1" stage="1" lat="1">
<core>NULL</core>
<MemPortIdVec></MemPortIdVec>
<condition id="-1">
<or_exp><and_exp></and_exp></or_exp>
</condition>

<Node id="25" bw="8" op_0_bw="8">
<![CDATA[
:9  %regs_6_3_load = load i8* @regs_6_3, align 1

]]></Node>
<StgValue><ssdm name="regs_6_3_load"/></StgValue>
</operation>

<operation id="13" st_id="1" stage="1" lat="1">
<core>NULL</core>
<MemPortIdVec></MemPortIdVec>
<condition id="-1">
<or_exp><and_exp></and_exp></or_exp>
</condition>

<Node id="26" bw="8" op_0_bw="8">
<![CDATA[
:10  %regs_6_2_load = load i8* @regs_6_2, align 1

]]></Node>
<StgValue><ssdm name="regs_6_2_load"/></StgValue>
</operation>

<operation id="14" st_id="1" stage="1" lat="1">
<core>NULL</core>
<MemPortIdVec></MemPortIdVec>
<condition id="-1">
<or_exp><and_exp></and_exp></or_exp>
</condition>

<Node id="27" bw="8" op_0_bw="8">
<![CDATA[
:11  %regs_6_1_load = load i8* @regs_6_1, align 1

]]></Node>
<StgValue><ssdm name="regs_6_1_load"/></StgValue>
</operation>

<operation id="15" st_id="1" stage="1" lat="1">
<core>NULL</core>
<MemPortIdVec></MemPortIdVec>
<condition id="-1">
<or_exp><and_exp></and_exp></or_exp>
</condition>

<Node id="28" bw="8" op_0_bw="8">
<![CDATA[
:12  %regs_6_0_load = load i8* @regs_6_0, align 1

]]></Node>
<StgValue><ssdm name="regs_6_0_load"/></StgValue>
</operation>

<operation id="16" st_id="1" stage="1" lat="1">
<core>NULL</core>
<MemPortIdVec></MemPortIdVec>
<condition id="-1">
<or_exp><and_exp></and_exp></or_exp>
</condition>

<Node id="29" bw="0" op_0_bw="1" op_1_bw="0" op_2_bw="0">
<![CDATA[
:13  br i1 %en_read, label %._crit_edge.0, label %._crit_edge.11

]]></Node>
<StgValue><ssdm name="br_ln12"/></StgValue>
</operation>

<operation id="17" st_id="1" stage="1" lat="1">
<core>NULL</core>
<MemPortIdVec></MemPortIdVec>
<condition id="-1">
<or_exp><and_exp><literal name="en_read" val="1"/>
</and_exp></or_exp>
</condition>

<Node id="31" bw="0" op_0_bw="8" op_1_bw="8">
<![CDATA[
._crit_edge.0:0  store i8 %regs_6_10_load, i8* @regs_6_11, align 1

]]></Node>
<StgValue><ssdm name="store_ln16"/></StgValue>
</operation>

<operation id="18" st_id="1" stage="1" lat="1">
<core>NULL</core>
<MemPortIdVec></MemPortIdVec>
<condition id="-1">
<or_exp><and_exp><literal name="en_read" val="1"/>
</and_exp></or_exp>
</condition>

<Node id="32" bw="0" op_0_bw="8" op_1_bw="8" op_2_bw="8">
<![CDATA[
._crit_edge.0:1  store i8 %regs_6_9_load, i8* @regs_6_10, align 1

]]></Node>
<StgValue><ssdm name="store_ln16"/></StgValue>
</operation>

<operation id="19" st_id="1" stage="1" lat="1">
<core>NULL</core>
<MemPortIdVec></MemPortIdVec>
<condition id="-1">
<or_exp><and_exp><literal name="en_read" val="1"/>
</and_exp></or_exp>
</condition>

<Node id="33" bw="0" op_0_bw="8" op_1_bw="8" op_2_bw="8">
<![CDATA[
._crit_edge.0:2  store i8 %regs_6_8_load, i8* @regs_6_9, align 1

]]></Node>
<StgValue><ssdm name="store_ln16"/></StgValue>
</operation>

<operation id="20" st_id="1" stage="1" lat="1">
<core>NULL</core>
<MemPortIdVec></MemPortIdVec>
<condition id="-1">
<or_exp><and_exp><literal name="en_read" val="1"/>
</and_exp></or_exp>
</condition>

<Node id="34" bw="0" op_0_bw="8" op_1_bw="8" op_2_bw="8">
<![CDATA[
._crit_edge.0:3  store i8 %regs_6_7_load, i8* @regs_6_8, align 1

]]></Node>
<StgValue><ssdm name="store_ln16"/></StgValue>
</operation>

<operation id="21" st_id="1" stage="1" lat="1">
<core>NULL</core>
<MemPortIdVec></MemPortIdVec>
<condition id="-1">
<or_exp><and_exp><literal name="en_read" val="1"/>
</and_exp></or_exp>
</condition>

<Node id="35" bw="0" op_0_bw="8" op_1_bw="8" op_2_bw="8">
<![CDATA[
._crit_edge.0:4  store i8 %regs_6_6_load, i8* @regs_6_7, align 1

]]></Node>
<StgValue><ssdm name="store_ln16"/></StgValue>
</operation>

<operation id="22" st_id="1" stage="1" lat="1">
<core>NULL</core>
<MemPortIdVec></MemPortIdVec>
<condition id="-1">
<or_exp><and_exp><literal name="en_read" val="1"/>
</and_exp></or_exp>
</condition>

<Node id="36" bw="0" op_0_bw="8" op_1_bw="8" op_2_bw="8">
<![CDATA[
._crit_edge.0:5  store i8 %regs_6_5_load, i8* @regs_6_6, align 1

]]></Node>
<StgValue><ssdm name="store_ln16"/></StgValue>
</operation>

<operation id="23" st_id="1" stage="1" lat="1">
<core>NULL</core>
<MemPortIdVec></MemPortIdVec>
<condition id="-1">
<or_exp><and_exp><literal name="en_read" val="1"/>
</and_exp></or_exp>
</condition>

<Node id="37" bw="0" op_0_bw="8" op_1_bw="8" op_2_bw="8">
<![CDATA[
._crit_edge.0:6  store i8 %regs_6_4_load, i8* @regs_6_5, align 1

]]></Node>
<StgValue><ssdm name="store_ln16"/></StgValue>
</operation>

<operation id="24" st_id="1" stage="1" lat="1">
<core>NULL</core>
<MemPortIdVec></MemPortIdVec>
<condition id="-1">
<or_exp><and_exp><literal name="en_read" val="1"/>
</and_exp></or_exp>
</condition>

<Node id="38" bw="0" op_0_bw="8" op_1_bw="8" op_2_bw="8">
<![CDATA[
._crit_edge.0:7  store i8 %regs_6_3_load, i8* @regs_6_4, align 1

]]></Node>
<StgValue><ssdm name="store_ln16"/></StgValue>
</operation>

<operation id="25" st_id="1" stage="1" lat="1">
<core>NULL</core>
<MemPortIdVec></MemPortIdVec>
<condition id="-1">
<or_exp><and_exp><literal name="en_read" val="1"/>
</and_exp></or_exp>
</condition>

<Node id="39" bw="0" op_0_bw="8" op_1_bw="8" op_2_bw="8">
<![CDATA[
._crit_edge.0:8  store i8 %regs_6_2_load, i8* @regs_6_3, align 1

]]></Node>
<StgValue><ssdm name="store_ln16"/></StgValue>
</operation>

<operation id="26" st_id="1" stage="1" lat="1">
<core>NULL</core>
<MemPortIdVec></MemPortIdVec>
<condition id="-1">
<or_exp><and_exp><literal name="en_read" val="1"/>
</and_exp></or_exp>
</condition>

<Node id="40" bw="0" op_0_bw="8" op_1_bw="8" op_2_bw="8">
<![CDATA[
._crit_edge.0:9  store i8 %regs_6_1_load, i8* @regs_6_2, align 1

]]></Node>
<StgValue><ssdm name="store_ln16"/></StgValue>
</operation>

<operation id="27" st_id="1" stage="1" lat="1">
<core>NULL</core>
<MemPortIdVec></MemPortIdVec>
<condition id="-1">
<or_exp><and_exp><literal name="en_read" val="1"/>
</and_exp></or_exp>
</condition>

<Node id="41" bw="0" op_0_bw="8" op_1_bw="8" op_2_bw="8">
<![CDATA[
._crit_edge.0:10  store i8 %regs_6_0_load, i8* @regs_6_1, align 1

]]></Node>
<StgValue><ssdm name="store_ln16"/></StgValue>
</operation>

<operation id="28" st_id="1" stage="1" lat="1">
<core>NULL</core>
<MemPortIdVec></MemPortIdVec>
<condition id="-1">
<or_exp><and_exp><literal name="en_read" val="1"/>
</and_exp></or_exp>
</condition>

<Node id="42" bw="0" op_0_bw="8" op_1_bw="8" op_2_bw="8">
<![CDATA[
._crit_edge.0:11  store i8 %din_read, i8* @regs_6_0, align 1

]]></Node>
<StgValue><ssdm name="store_ln14"/></StgValue>
</operation>

<operation id="29" st_id="1" stage="1" lat="1">
<core>NULL</core>
<MemPortIdVec></MemPortIdVec>
<condition id="-1">
<or_exp><and_exp><literal name="en_read" val="1"/>
</and_exp></or_exp>
</condition>

<Node id="43" bw="0" op_0_bw="0">
<![CDATA[
._crit_edge.0:12  br label %._crit_edge.11

]]></Node>
<StgValue><ssdm name="br_ln17"/></StgValue>
</operation>
</state>

<state id="2" st_id="2">

<operation id="30" st_id="2" stage="1" lat="1">
<core>NULL</core>
<MemPortIdVec></MemPortIdVec>
<condition id="-1">
<or_exp><and_exp></and_exp></or_exp>
</condition>

<Node id="45" bw="8" op_0_bw="8" op_1_bw="0" op_2_bw="8" op_3_bw="0">
<![CDATA[
._crit_edge.11:0  %dout_10_write_assig = phi i8 [ %regs_6_9_load, %._crit_edge.0 ], [ %regs_6_10_load, %0 ]

]]></Node>
<StgValue><ssdm name="dout_10_write_assig"/></StgValue>
</operation>

<operation id="31" st_id="2" stage="1" lat="1">
<core>NULL</core>
<MemPortIdVec></MemPortIdVec>
<condition id="-1">
<or_exp><and_exp></and_exp></or_exp>
</condition>

<Node id="46" bw="8" op_0_bw="8" op_1_bw="0" op_2_bw="8" op_3_bw="0">
<![CDATA[
._crit_edge.11:1  %dout_9_write_assign = phi i8 [ %regs_6_8_load, %._crit_edge.0 ], [ %regs_6_9_load, %0 ]

]]></Node>
<StgValue><ssdm name="dout_9_write_assign"/></StgValue>
</operation>

<operation id="32" st_id="2" stage="1" lat="1">
<core>NULL</core>
<MemPortIdVec></MemPortIdVec>
<condition id="-1">
<or_exp><and_exp></and_exp></or_exp>
</condition>

<Node id="47" bw="8" op_0_bw="8" op_1_bw="0" op_2_bw="8" op_3_bw="0">
<![CDATA[
._crit_edge.11:2  %dout_8_write_assign = phi i8 [ %regs_6_7_load, %._crit_edge.0 ], [ %regs_6_8_load, %0 ]

]]></Node>
<StgValue><ssdm name="dout_8_write_assign"/></StgValue>
</operation>

<operation id="33" st_id="2" stage="1" lat="1">
<core>NULL</core>
<MemPortIdVec></MemPortIdVec>
<condition id="-1">
<or_exp><and_exp></and_exp></or_exp>
</condition>

<Node id="48" bw="8" op_0_bw="8" op_1_bw="0" op_2_bw="8" op_3_bw="0">
<![CDATA[
._crit_edge.11:3  %dout_7_write_assign = phi i8 [ %regs_6_6_load, %._crit_edge.0 ], [ %regs_6_7_load, %0 ]

]]></Node>
<StgValue><ssdm name="dout_7_write_assign"/></StgValue>
</operation>

<operation id="34" st_id="2" stage="1" lat="1">
<core>NULL</core>
<MemPortIdVec></MemPortIdVec>
<condition id="-1">
<or_exp><and_exp></and_exp></or_exp>
</condition>

<Node id="49" bw="8" op_0_bw="8" op_1_bw="0" op_2_bw="8" op_3_bw="0">
<![CDATA[
._crit_edge.11:4  %dout_6_write_assign = phi i8 [ %regs_6_5_load, %._crit_edge.0 ], [ %regs_6_6_load, %0 ]

]]></Node>
<StgValue><ssdm name="dout_6_write_assign"/></StgValue>
</operation>

<operation id="35" st_id="2" stage="1" lat="1">
<core>NULL</core>
<MemPortIdVec></MemPortIdVec>
<condition id="-1">
<or_exp><and_exp></and_exp></or_exp>
</condition>

<Node id="50" bw="8" op_0_bw="8" op_1_bw="0" op_2_bw="8" op_3_bw="0">
<![CDATA[
._crit_edge.11:5  %dout_5_write_assign = phi i8 [ %regs_6_4_load, %._crit_edge.0 ], [ %regs_6_5_load, %0 ]

]]></Node>
<StgValue><ssdm name="dout_5_write_assign"/></StgValue>
</operation>

<operation id="36" st_id="2" stage="1" lat="1">
<core>NULL</core>
<MemPortIdVec></MemPortIdVec>
<condition id="-1">
<or_exp><and_exp></and_exp></or_exp>
</condition>

<Node id="51" bw="8" op_0_bw="8" op_1_bw="0" op_2_bw="8" op_3_bw="0">
<![CDATA[
._crit_edge.11:6  %dout_4_write_assign = phi i8 [ %regs_6_3_load, %._crit_edge.0 ], [ %regs_6_4_load, %0 ]

]]></Node>
<StgValue><ssdm name="dout_4_write_assign"/></StgValue>
</operation>

<operation id="37" st_id="2" stage="1" lat="1">
<core>NULL</core>
<MemPortIdVec></MemPortIdVec>
<condition id="-1">
<or_exp><and_exp></and_exp></or_exp>
</condition>

<Node id="52" bw="8" op_0_bw="8" op_1_bw="0" op_2_bw="8" op_3_bw="0">
<![CDATA[
._crit_edge.11:7  %dout_3_write_assign = phi i8 [ %regs_6_2_load, %._crit_edge.0 ], [ %regs_6_3_load, %0 ]

]]></Node>
<StgValue><ssdm name="dout_3_write_assign"/></StgValue>
</operation>

<operation id="38" st_id="2" stage="1" lat="1">
<core>NULL</core>
<MemPortIdVec></MemPortIdVec>
<condition id="-1">
<or_exp><and_exp></and_exp></or_exp>
</condition>

<Node id="53" bw="8" op_0_bw="8" op_1_bw="0" op_2_bw="8" op_3_bw="0">
<![CDATA[
._crit_edge.11:8  %dout_2_write_assign = phi i8 [ %regs_6_1_load, %._crit_edge.0 ], [ %regs_6_2_load, %0 ]

]]></Node>
<StgValue><ssdm name="dout_2_write_assign"/></StgValue>
</operation>

<operation id="39" st_id="2" stage="1" lat="1">
<core>NULL</core>
<MemPortIdVec></MemPortIdVec>
<condition id="-1">
<or_exp><and_exp></and_exp></or_exp>
</condition>

<Node id="54" bw="8" op_0_bw="8" op_1_bw="0" op_2_bw="8" op_3_bw="0">
<![CDATA[
._crit_edge.11:9  %dout_1_write_assign = phi i8 [ %regs_6_0_load, %._crit_edge.0 ], [ %regs_6_1_load, %0 ]

]]></Node>
<StgValue><ssdm name="dout_1_write_assign"/></StgValue>
</operation>

<operation id="40" st_id="2" stage="1" lat="1">
<core>NULL</core>
<MemPortIdVec></MemPortIdVec>
<condition id="-1">
<or_exp><and_exp></and_exp></or_exp>
</condition>

<Node id="55" bw="8" op_0_bw="8" op_1_bw="0" op_2_bw="8" op_3_bw="0">
<![CDATA[
._crit_edge.11:10  %dout_0_write_assign = phi i8 [ %din_read, %._crit_edge.0 ], [ %regs_6_0_load, %0 ]

]]></Node>
<StgValue><ssdm name="dout_0_write_assign"/></StgValue>
</operation>

<operation id="41" st_id="2" stage="1" lat="1">
<core>NULL</core>
<MemPortIdVec></MemPortIdVec>
<condition id="-1">
<or_exp><and_exp></and_exp></or_exp>
</condition>

<Node id="56" bw="8" op_0_bw="8" op_1_bw="0">
<![CDATA[
._crit_edge.11:11  %regs_6_11_load = load i8* @regs_6_11, align 1

]]></Node>
<StgValue><ssdm name="regs_6_11_load"/></StgValue>
</operation>

<operation id="42" st_id="2" stage="1" lat="1">
<core>NULL</core>
<MemPortIdVec></MemPortIdVec>
<condition id="-1">
<or_exp><and_exp></and_exp></or_exp>
</condition>

<Node id="57" bw="96" op_0_bw="96" op_1_bw="8">
<![CDATA[
._crit_edge.11:12  %mrv = insertvalue { i8, i8, i8, i8, i8, i8, i8, i8, i8, i8, i8, i8 } undef, i8 %dout_0_write_assign, 0

]]></Node>
<StgValue><ssdm name="mrv"/></StgValue>
</operation>

<operation id="43" st_id="2" stage="1" lat="1">
<core>NULL</core>
<MemPortIdVec></MemPortIdVec>
<condition id="-1">
<or_exp><and_exp></and_exp></or_exp>
</condition>

<Node id="58" bw="96" op_0_bw="96" op_1_bw="8">
<![CDATA[
._crit_edge.11:13  %mrv_1 = insertvalue { i8, i8, i8, i8, i8, i8, i8, i8, i8, i8, i8, i8 } %mrv, i8 %dout_1_write_assign, 1

]]></Node>
<StgValue><ssdm name="mrv_1"/></StgValue>
</operation>

<operation id="44" st_id="2" stage="1" lat="1">
<core>NULL</core>
<MemPortIdVec></MemPortIdVec>
<condition id="-1">
<or_exp><and_exp></and_exp></or_exp>
</condition>

<Node id="59" bw="96" op_0_bw="96" op_1_bw="8">
<![CDATA[
._crit_edge.11:14  %mrv_2 = insertvalue { i8, i8, i8, i8, i8, i8, i8, i8, i8, i8, i8, i8 } %mrv_1, i8 %dout_2_write_assign, 2

]]></Node>
<StgValue><ssdm name="mrv_2"/></StgValue>
</operation>

<operation id="45" st_id="2" stage="1" lat="1">
<core>NULL</core>
<MemPortIdVec></MemPortIdVec>
<condition id="-1">
<or_exp><and_exp></and_exp></or_exp>
</condition>

<Node id="60" bw="96" op_0_bw="96" op_1_bw="8">
<![CDATA[
._crit_edge.11:15  %mrv_3 = insertvalue { i8, i8, i8, i8, i8, i8, i8, i8, i8, i8, i8, i8 } %mrv_2, i8 %dout_3_write_assign, 3

]]></Node>
<StgValue><ssdm name="mrv_3"/></StgValue>
</operation>

<operation id="46" st_id="2" stage="1" lat="1">
<core>NULL</core>
<MemPortIdVec></MemPortIdVec>
<condition id="-1">
<or_exp><and_exp></and_exp></or_exp>
</condition>

<Node id="61" bw="96" op_0_bw="96" op_1_bw="8">
<![CDATA[
._crit_edge.11:16  %mrv_4 = insertvalue { i8, i8, i8, i8, i8, i8, i8, i8, i8, i8, i8, i8 } %mrv_3, i8 %dout_4_write_assign, 4

]]></Node>
<StgValue><ssdm name="mrv_4"/></StgValue>
</operation>

<operation id="47" st_id="2" stage="1" lat="1">
<core>NULL</core>
<MemPortIdVec></MemPortIdVec>
<condition id="-1">
<or_exp><and_exp></and_exp></or_exp>
</condition>

<Node id="62" bw="96" op_0_bw="96" op_1_bw="8">
<![CDATA[
._crit_edge.11:17  %mrv_5 = insertvalue { i8, i8, i8, i8, i8, i8, i8, i8, i8, i8, i8, i8 } %mrv_4, i8 %dout_5_write_assign, 5

]]></Node>
<StgValue><ssdm name="mrv_5"/></StgValue>
</operation>

<operation id="48" st_id="2" stage="1" lat="1">
<core>NULL</core>
<MemPortIdVec></MemPortIdVec>
<condition id="-1">
<or_exp><and_exp></and_exp></or_exp>
</condition>

<Node id="63" bw="96" op_0_bw="96" op_1_bw="8">
<![CDATA[
._crit_edge.11:18  %mrv_6 = insertvalue { i8, i8, i8, i8, i8, i8, i8, i8, i8, i8, i8, i8 } %mrv_5, i8 %dout_6_write_assign, 6

]]></Node>
<StgValue><ssdm name="mrv_6"/></StgValue>
</operation>

<operation id="49" st_id="2" stage="1" lat="1">
<core>NULL</core>
<MemPortIdVec></MemPortIdVec>
<condition id="-1">
<or_exp><and_exp></and_exp></or_exp>
</condition>

<Node id="64" bw="96" op_0_bw="96" op_1_bw="8">
<![CDATA[
._crit_edge.11:19  %mrv_7 = insertvalue { i8, i8, i8, i8, i8, i8, i8, i8, i8, i8, i8, i8 } %mrv_6, i8 %dout_7_write_assign, 7

]]></Node>
<StgValue><ssdm name="mrv_7"/></StgValue>
</operation>

<operation id="50" st_id="2" stage="1" lat="1">
<core>NULL</core>
<MemPortIdVec></MemPortIdVec>
<condition id="-1">
<or_exp><and_exp></and_exp></or_exp>
</condition>

<Node id="65" bw="96" op_0_bw="96" op_1_bw="8">
<![CDATA[
._crit_edge.11:20  %mrv_8 = insertvalue { i8, i8, i8, i8, i8, i8, i8, i8, i8, i8, i8, i8 } %mrv_7, i8 %dout_8_write_assign, 8

]]></Node>
<StgValue><ssdm name="mrv_8"/></StgValue>
</operation>

<operation id="51" st_id="2" stage="1" lat="1">
<core>NULL</core>
<MemPortIdVec></MemPortIdVec>
<condition id="-1">
<or_exp><and_exp></and_exp></or_exp>
</condition>

<Node id="66" bw="96" op_0_bw="96" op_1_bw="8">
<![CDATA[
._crit_edge.11:21  %mrv_9 = insertvalue { i8, i8, i8, i8, i8, i8, i8, i8, i8, i8, i8, i8 } %mrv_8, i8 %dout_9_write_assign, 9

]]></Node>
<StgValue><ssdm name="mrv_9"/></StgValue>
</operation>

<operation id="52" st_id="2" stage="1" lat="1">
<core>NULL</core>
<MemPortIdVec></MemPortIdVec>
<condition id="-1">
<or_exp><and_exp></and_exp></or_exp>
</condition>

<Node id="67" bw="96" op_0_bw="96" op_1_bw="8">
<![CDATA[
._crit_edge.11:22  %mrv_10 = insertvalue { i8, i8, i8, i8, i8, i8, i8, i8, i8, i8, i8, i8 } %mrv_9, i8 %dout_10_write_assig, 10

]]></Node>
<StgValue><ssdm name="mrv_10"/></StgValue>
</operation>

<operation id="53" st_id="2" stage="1" lat="1">
<core>NULL</core>
<MemPortIdVec></MemPortIdVec>
<condition id="-1">
<or_exp><and_exp></and_exp></or_exp>
</condition>

<Node id="68" bw="96" op_0_bw="96" op_1_bw="8">
<![CDATA[
._crit_edge.11:23  %mrv_s = insertvalue { i8, i8, i8, i8, i8, i8, i8, i8, i8, i8, i8, i8 } %mrv_10, i8 %regs_6_11_load, 11

]]></Node>
<StgValue><ssdm name="mrv_s"/></StgValue>
</operation>

<operation id="54" st_id="2" stage="1" lat="1">
<core>NULL</core>
<MemPortIdVec></MemPortIdVec>
<condition id="-1">
<or_exp><and_exp></and_exp></or_exp>
</condition>

<Node id="69" bw="0" op_0_bw="96">
<![CDATA[
._crit_edge.11:24  ret { i8, i8, i8, i8, i8, i8, i8, i8, i8, i8, i8, i8 } %mrv_s

]]></Node>
<StgValue><ssdm name="ret_ln25"/></StgValue>
</operation>
</state>
</state_list>


<ports>
</ports>


<dataflows>
</dataflows>


</stg>
