<stg><name>shift_reg_class</name>


<trans_list>

<trans id="83" from="1" to="2">
<condition id="-1">
<or_exp><and_exp></and_exp></or_exp>
</condition>
</trans>
</trans_list>



<state_list>

<state id="1" st_id="1">

<operation id="3" st_id="1" stage="1" lat="1">
<core>NULL</core>
<MemPortIdVec></MemPortIdVec>
<condition id="-1">
<or_exp><and_exp></and_exp></or_exp>
</condition>

<Node id="26" bw="1" op_0_bw="1" op_1_bw="1">
<![CDATA[
codeRepl:0  %en_read = call i1 @_ssdm_op_Read.ap_auto.i1(i1 %en)

]]></Node>
<StgValue><ssdm name="en_read"/></StgValue>
</operation>

<operation id="4" st_id="1" stage="1" lat="1">
<core>NULL</core>
<MemPortIdVec></MemPortIdVec>
<condition id="-1">
<or_exp><and_exp></and_exp></or_exp>
</condition>

<Node id="27" bw="1" op_0_bw="1" op_1_bw="1">
<![CDATA[
codeRepl:1  %load_read = call i1 @_ssdm_op_Read.ap_auto.i1(i1 %load)

]]></Node>
<StgValue><ssdm name="load_read"/></StgValue>
</operation>

<operation id="5" st_id="1" stage="1" lat="1">
<core>NULL</core>
<MemPortIdVec></MemPortIdVec>
<condition id="-1">
<or_exp><and_exp></and_exp></or_exp>
</condition>

<Node id="28" bw="1" op_0_bw="1" op_1_bw="1">
<![CDATA[
codeRepl:2  %srst_read = call i1 @_ssdm_op_Read.ap_auto.i1(i1 %srst)

]]></Node>
<StgValue><ssdm name="srst_read"/></StgValue>
</operation>

<operation id="6" st_id="1" stage="1" lat="1">
<core>NULL</core>
<MemPortIdVec></MemPortIdVec>
<condition id="-1">
<or_exp><and_exp></and_exp></or_exp>
</condition>

<Node id="29" bw="8" op_0_bw="8" op_1_bw="8">
<![CDATA[
codeRepl:3  %load_data_7_read_2 = call i8 @_ssdm_op_Read.ap_auto.i8(i8 %load_data_7_read)

]]></Node>
<StgValue><ssdm name="load_data_7_read_2"/></StgValue>
</operation>

<operation id="7" st_id="1" stage="1" lat="1">
<core>NULL</core>
<MemPortIdVec></MemPortIdVec>
<condition id="-1">
<or_exp><and_exp></and_exp></or_exp>
</condition>

<Node id="30" bw="8" op_0_bw="8" op_1_bw="8">
<![CDATA[
codeRepl:4  %load_data_6_read_2 = call i8 @_ssdm_op_Read.ap_auto.i8(i8 %load_data_6_read)

]]></Node>
<StgValue><ssdm name="load_data_6_read_2"/></StgValue>
</operation>

<operation id="8" st_id="1" stage="1" lat="1">
<core>NULL</core>
<MemPortIdVec></MemPortIdVec>
<condition id="-1">
<or_exp><and_exp></and_exp></or_exp>
</condition>

<Node id="31" bw="8" op_0_bw="8" op_1_bw="8">
<![CDATA[
codeRepl:5  %load_data_5_read_2 = call i8 @_ssdm_op_Read.ap_auto.i8(i8 %load_data_5_read)

]]></Node>
<StgValue><ssdm name="load_data_5_read_2"/></StgValue>
</operation>

<operation id="9" st_id="1" stage="1" lat="1">
<core>NULL</core>
<MemPortIdVec></MemPortIdVec>
<condition id="-1">
<or_exp><and_exp></and_exp></or_exp>
</condition>

<Node id="32" bw="8" op_0_bw="8" op_1_bw="8">
<![CDATA[
codeRepl:6  %load_data_4_read_2 = call i8 @_ssdm_op_Read.ap_auto.i8(i8 %load_data_4_read)

]]></Node>
<StgValue><ssdm name="load_data_4_read_2"/></StgValue>
</operation>

<operation id="10" st_id="1" stage="1" lat="1">
<core>NULL</core>
<MemPortIdVec></MemPortIdVec>
<condition id="-1">
<or_exp><and_exp></and_exp></or_exp>
</condition>

<Node id="33" bw="8" op_0_bw="8" op_1_bw="8">
<![CDATA[
codeRepl:7  %load_data_3_read_2 = call i8 @_ssdm_op_Read.ap_auto.i8(i8 %load_data_3_read)

]]></Node>
<StgValue><ssdm name="load_data_3_read_2"/></StgValue>
</operation>

<operation id="11" st_id="1" stage="1" lat="1">
<core>NULL</core>
<MemPortIdVec></MemPortIdVec>
<condition id="-1">
<or_exp><and_exp></and_exp></or_exp>
</condition>

<Node id="34" bw="8" op_0_bw="8" op_1_bw="8">
<![CDATA[
codeRepl:8  %load_data_2_read_2 = call i8 @_ssdm_op_Read.ap_auto.i8(i8 %load_data_2_read)

]]></Node>
<StgValue><ssdm name="load_data_2_read_2"/></StgValue>
</operation>

<operation id="12" st_id="1" stage="1" lat="1">
<core>NULL</core>
<MemPortIdVec></MemPortIdVec>
<condition id="-1">
<or_exp><and_exp></and_exp></or_exp>
</condition>

<Node id="35" bw="8" op_0_bw="8" op_1_bw="8">
<![CDATA[
codeRepl:9  %load_data_1_read_2 = call i8 @_ssdm_op_Read.ap_auto.i8(i8 %load_data_1_read)

]]></Node>
<StgValue><ssdm name="load_data_1_read_2"/></StgValue>
</operation>

<operation id="13" st_id="1" stage="1" lat="1">
<core>NULL</core>
<MemPortIdVec></MemPortIdVec>
<condition id="-1">
<or_exp><and_exp></and_exp></or_exp>
</condition>

<Node id="36" bw="8" op_0_bw="8" op_1_bw="8">
<![CDATA[
codeRepl:10  %load_data_0_read_2 = call i8 @_ssdm_op_Read.ap_auto.i8(i8 %load_data_0_read)

]]></Node>
<StgValue><ssdm name="load_data_0_read_2"/></StgValue>
</operation>

<operation id="14" st_id="1" stage="1" lat="1">
<core>NULL</core>
<MemPortIdVec></MemPortIdVec>
<condition id="-1">
<or_exp><and_exp></and_exp></or_exp>
</condition>

<Node id="37" bw="8" op_0_bw="8" op_1_bw="8">
<![CDATA[
codeRepl:11  %din_read = call i8 @_ssdm_op_Read.ap_auto.i8(i8 %din)

]]></Node>
<StgValue><ssdm name="din_read"/></StgValue>
</operation>

<operation id="15" st_id="1" stage="1" lat="1">
<core>NULL</core>
<MemPortIdVec></MemPortIdVec>
<condition id="-1">
<or_exp><and_exp></and_exp></or_exp>
</condition>

<Node id="38" bw="8" op_0_bw="8">
<![CDATA[
codeRepl:12  %shift_reg0_regs_7_lo = load i8* @shift_reg0_regs_7, align 1

]]></Node>
<StgValue><ssdm name="shift_reg0_regs_7_lo"/></StgValue>
</operation>

<operation id="16" st_id="1" stage="1" lat="1">
<core>NULL</core>
<MemPortIdVec></MemPortIdVec>
<condition id="-1">
<or_exp><and_exp></and_exp></or_exp>
</condition>

<Node id="39" bw="8" op_0_bw="8">
<![CDATA[
codeRepl:13  %shift_reg1_regs_2_lo = load i8* @shift_reg1_regs_2, align 1

]]></Node>
<StgValue><ssdm name="shift_reg1_regs_2_lo"/></StgValue>
</operation>

<operation id="17" st_id="1" stage="1" lat="1">
<core>NULL</core>
<MemPortIdVec></MemPortIdVec>
<condition id="-1">
<or_exp><and_exp></and_exp></or_exp>
</condition>

<Node id="40" bw="8" op_0_bw="8">
<![CDATA[
codeRepl:14  %shift_reg1_regs_1_lo = load i8* @shift_reg1_regs_1, align 1

]]></Node>
<StgValue><ssdm name="shift_reg1_regs_1_lo"/></StgValue>
</operation>

<operation id="18" st_id="1" stage="1" lat="1">
<core>NULL</core>
<MemPortIdVec></MemPortIdVec>
<condition id="-1">
<or_exp><and_exp></and_exp></or_exp>
</condition>

<Node id="41" bw="8" op_0_bw="8">
<![CDATA[
codeRepl:15  %shift_reg1_regs_0_lo = load i8* @shift_reg1_regs_0, align 1

]]></Node>
<StgValue><ssdm name="shift_reg1_regs_0_lo"/></StgValue>
</operation>

<operation id="19" st_id="1" stage="1" lat="1">
<core>NULL</core>
<MemPortIdVec></MemPortIdVec>
<condition id="-1">
<or_exp><and_exp></and_exp></or_exp>
</condition>

<Node id="42" bw="8" op_0_bw="8">
<![CDATA[
codeRepl:16  %shift_reg0_regs_6_lo = load i8* @shift_reg0_regs_6, align 1

]]></Node>
<StgValue><ssdm name="shift_reg0_regs_6_lo"/></StgValue>
</operation>

<operation id="20" st_id="1" stage="1" lat="1">
<core>NULL</core>
<MemPortIdVec></MemPortIdVec>
<condition id="-1">
<or_exp><and_exp></and_exp></or_exp>
</condition>

<Node id="43" bw="8" op_0_bw="8">
<![CDATA[
codeRepl:17  %shift_reg0_regs_5_lo = load i8* @shift_reg0_regs_5, align 1

]]></Node>
<StgValue><ssdm name="shift_reg0_regs_5_lo"/></StgValue>
</operation>

<operation id="21" st_id="1" stage="1" lat="1">
<core>NULL</core>
<MemPortIdVec></MemPortIdVec>
<condition id="-1">
<or_exp><and_exp></and_exp></or_exp>
</condition>

<Node id="44" bw="8" op_0_bw="8">
<![CDATA[
codeRepl:18  %shift_reg0_regs_4_lo = load i8* @shift_reg0_regs_4, align 1

]]></Node>
<StgValue><ssdm name="shift_reg0_regs_4_lo"/></StgValue>
</operation>

<operation id="22" st_id="1" stage="1" lat="1">
<core>NULL</core>
<MemPortIdVec></MemPortIdVec>
<condition id="-1">
<or_exp><and_exp></and_exp></or_exp>
</condition>

<Node id="45" bw="8" op_0_bw="8">
<![CDATA[
codeRepl:19  %shift_reg0_regs_3_lo = load i8* @shift_reg0_regs_3, align 1

]]></Node>
<StgValue><ssdm name="shift_reg0_regs_3_lo"/></StgValue>
</operation>

<operation id="23" st_id="1" stage="1" lat="1">
<core>NULL</core>
<MemPortIdVec></MemPortIdVec>
<condition id="-1">
<or_exp><and_exp></and_exp></or_exp>
</condition>

<Node id="46" bw="8" op_0_bw="8">
<![CDATA[
codeRepl:20  %shift_reg0_regs_2_lo = load i8* @shift_reg0_regs_2, align 1

]]></Node>
<StgValue><ssdm name="shift_reg0_regs_2_lo"/></StgValue>
</operation>

<operation id="24" st_id="1" stage="1" lat="1">
<core>NULL</core>
<MemPortIdVec></MemPortIdVec>
<condition id="-1">
<or_exp><and_exp></and_exp></or_exp>
</condition>

<Node id="47" bw="8" op_0_bw="8">
<![CDATA[
codeRepl:21  %shift_reg0_regs_1_lo = load i8* @shift_reg0_regs_1, align 1

]]></Node>
<StgValue><ssdm name="shift_reg0_regs_1_lo"/></StgValue>
</operation>

<operation id="25" st_id="1" stage="1" lat="1">
<core>NULL</core>
<MemPortIdVec></MemPortIdVec>
<condition id="-1">
<or_exp><and_exp></and_exp></or_exp>
</condition>

<Node id="48" bw="8" op_0_bw="8">
<![CDATA[
codeRepl:22  %shift_reg0_regs_0_lo = load i8* @shift_reg0_regs_0, align 1

]]></Node>
<StgValue><ssdm name="shift_reg0_regs_0_lo"/></StgValue>
</operation>

<operation id="26" st_id="1" stage="1" lat="1">
<core>NULL</core>
<MemPortIdVec></MemPortIdVec>
<condition id="-1">
<or_exp><and_exp></and_exp></or_exp>
</condition>

<Node id="49" bw="0" op_0_bw="1" op_1_bw="0" op_2_bw="0">
<![CDATA[
codeRepl:23  br i1 %en_read, label %._crit_edge.i.0_ifconv, label %._crit_edge.i8.7

]]></Node>
<StgValue><ssdm name="br_ln49"/></StgValue>
</operation>

<operation id="27" st_id="1" stage="1" lat="1">
<core>NULL</core>
<MemPortIdVec></MemPortIdVec>
<condition id="-1">
<or_exp><and_exp><literal name="en_read" val="1"/>
</and_exp></or_exp>
</condition>

<Node id="51" bw="0" op_0_bw="8" op_1_bw="8">
<![CDATA[
._crit_edge.i.0_ifconv:0  store i8 %shift_reg1_regs_2_lo, i8* @shift_reg1_regs_3, align 1

]]></Node>
<StgValue><ssdm name="store_ln57"/></StgValue>
</operation>

<operation id="28" st_id="1" stage="1" lat="1">
<core>NULL</core>
<MemPortIdVec></MemPortIdVec>
<condition id="-1">
<or_exp><and_exp><literal name="en_read" val="1"/>
</and_exp></or_exp>
</condition>

<Node id="52" bw="0" op_0_bw="8" op_1_bw="8" op_2_bw="8">
<![CDATA[
._crit_edge.i.0_ifconv:1  store i8 %shift_reg1_regs_1_lo, i8* @shift_reg1_regs_2, align 1

]]></Node>
<StgValue><ssdm name="store_ln57"/></StgValue>
</operation>

<operation id="29" st_id="1" stage="1" lat="1">
<core>NULL</core>
<MemPortIdVec></MemPortIdVec>
<condition id="-1">
<or_exp><and_exp><literal name="en_read" val="1"/>
</and_exp></or_exp>
</condition>

<Node id="53" bw="0" op_0_bw="8" op_1_bw="8" op_2_bw="8">
<![CDATA[
._crit_edge.i.0_ifconv:2  store i8 %shift_reg1_regs_0_lo, i8* @shift_reg1_regs_1, align 1

]]></Node>
<StgValue><ssdm name="store_ln57"/></StgValue>
</operation>

<operation id="30" st_id="1" stage="1" lat="1">
<core>NULL</core>
<MemPortIdVec></MemPortIdVec>
<condition id="-1">
<or_exp><and_exp><literal name="en_read" val="1"/>
</and_exp></or_exp>
</condition>

<Node id="54" bw="0" op_0_bw="8" op_1_bw="8" op_2_bw="8">
<![CDATA[
._crit_edge.i.0_ifconv:3  store i8 %shift_reg0_regs_7_lo, i8* @shift_reg1_regs_0, align 1

]]></Node>
<StgValue><ssdm name="store_ln55"/></StgValue>
</operation>

<operation id="31" st_id="1" stage="1" lat="1">
<core>Sel</core>
<MemPortIdVec></MemPortIdVec>
<condition id="-1">
<or_exp><and_exp><literal name="en_read" val="1"/>
</and_exp></or_exp>
</condition>

<Node id="55" bw="8" op_0_bw="1" op_1_bw="8" op_2_bw="8">
<![CDATA[
._crit_edge.i.0_ifconv:4  %select_ln52 = select i1 %load_read, i8 %load_data_7_read_2, i8 %shift_reg0_regs_6_lo

]]></Node>
<StgValue><ssdm name="select_ln52"/></StgValue>
</operation>

<operation id="32" st_id="1" stage="1" lat="1">
<core>Sel</core>
<MemPortIdVec></MemPortIdVec>
<condition id="-1">
<or_exp><and_exp><literal name="en_read" val="1"/>
</and_exp></or_exp>
</condition>

<Node id="56" bw="8" op_0_bw="1" op_1_bw="8" op_2_bw="8">
<![CDATA[
._crit_edge.i.0_ifconv:5  %select_ln25 = select i1 %srst_read, i8 0, i8 %select_ln52

]]></Node>
<StgValue><ssdm name="select_ln25"/></StgValue>
</operation>

<operation id="33" st_id="1" stage="1" lat="1">
<core>NULL</core>
<MemPortIdVec></MemPortIdVec>
<condition id="-1">
<or_exp><and_exp><literal name="en_read" val="1"/>
</and_exp></or_exp>
</condition>

<Node id="57" bw="0" op_0_bw="8" op_1_bw="8" op_2_bw="8">
<![CDATA[
._crit_edge.i.0_ifconv:6  store i8 %select_ln25, i8* @shift_reg0_regs_7, align 1

]]></Node>
<StgValue><ssdm name="store_ln51"/></StgValue>
</operation>

<operation id="34" st_id="1" stage="1" lat="1">
<core>Sel</core>
<MemPortIdVec></MemPortIdVec>
<condition id="-1">
<or_exp><and_exp><literal name="en_read" val="1"/>
</and_exp></or_exp>
</condition>

<Node id="58" bw="8" op_0_bw="1" op_1_bw="8" op_2_bw="8">
<![CDATA[
._crit_edge.i.0_ifconv:7  %select_ln52_1 = select i1 %load_read, i8 %load_data_6_read_2, i8 %shift_reg0_regs_5_lo

]]></Node>
<StgValue><ssdm name="select_ln52_1"/></StgValue>
</operation>

<operation id="35" st_id="1" stage="1" lat="1">
<core>Sel</core>
<MemPortIdVec></MemPortIdVec>
<condition id="-1">
<or_exp><and_exp><literal name="en_read" val="1"/>
</and_exp></or_exp>
</condition>

<Node id="59" bw="8" op_0_bw="1" op_1_bw="8" op_2_bw="8">
<![CDATA[
._crit_edge.i.0_ifconv:8  %select_ln25_1 = select i1 %srst_read, i8 0, i8 %select_ln52_1

]]></Node>
<StgValue><ssdm name="select_ln25_1"/></StgValue>
</operation>

<operation id="36" st_id="1" stage="1" lat="1">
<core>NULL</core>
<MemPortIdVec></MemPortIdVec>
<condition id="-1">
<or_exp><and_exp><literal name="en_read" val="1"/>
</and_exp></or_exp>
</condition>

<Node id="60" bw="0" op_0_bw="8" op_1_bw="8" op_2_bw="8">
<![CDATA[
._crit_edge.i.0_ifconv:9  store i8 %select_ln25_1, i8* @shift_reg0_regs_6, align 1

]]></Node>
<StgValue><ssdm name="store_ln51"/></StgValue>
</operation>

<operation id="37" st_id="1" stage="1" lat="1">
<core>Sel</core>
<MemPortIdVec></MemPortIdVec>
<condition id="-1">
<or_exp><and_exp><literal name="en_read" val="1"/>
</and_exp></or_exp>
</condition>

<Node id="61" bw="8" op_0_bw="1" op_1_bw="8" op_2_bw="8">
<![CDATA[
._crit_edge.i.0_ifconv:10  %select_ln52_2 = select i1 %load_read, i8 %load_data_5_read_2, i8 %shift_reg0_regs_4_lo

]]></Node>
<StgValue><ssdm name="select_ln52_2"/></StgValue>
</operation>

<operation id="38" st_id="1" stage="1" lat="1">
<core>Sel</core>
<MemPortIdVec></MemPortIdVec>
<condition id="-1">
<or_exp><and_exp><literal name="en_read" val="1"/>
</and_exp></or_exp>
</condition>

<Node id="62" bw="8" op_0_bw="1" op_1_bw="8" op_2_bw="8">
<![CDATA[
._crit_edge.i.0_ifconv:11  %select_ln25_2 = select i1 %srst_read, i8 0, i8 %select_ln52_2

]]></Node>
<StgValue><ssdm name="select_ln25_2"/></StgValue>
</operation>

<operation id="39" st_id="1" stage="1" lat="1">
<core>NULL</core>
<MemPortIdVec></MemPortIdVec>
<condition id="-1">
<or_exp><and_exp><literal name="en_read" val="1"/>
</and_exp></or_exp>
</condition>

<Node id="63" bw="0" op_0_bw="8" op_1_bw="8" op_2_bw="8">
<![CDATA[
._crit_edge.i.0_ifconv:12  store i8 %select_ln25_2, i8* @shift_reg0_regs_5, align 1

]]></Node>
<StgValue><ssdm name="store_ln51"/></StgValue>
</operation>

<operation id="40" st_id="1" stage="1" lat="1">
<core>Sel</core>
<MemPortIdVec></MemPortIdVec>
<condition id="-1">
<or_exp><and_exp><literal name="en_read" val="1"/>
</and_exp></or_exp>
</condition>

<Node id="64" bw="8" op_0_bw="1" op_1_bw="8" op_2_bw="8">
<![CDATA[
._crit_edge.i.0_ifconv:13  %select_ln52_3 = select i1 %load_read, i8 %load_data_4_read_2, i8 %shift_reg0_regs_3_lo

]]></Node>
<StgValue><ssdm name="select_ln52_3"/></StgValue>
</operation>

<operation id="41" st_id="1" stage="1" lat="1">
<core>Sel</core>
<MemPortIdVec></MemPortIdVec>
<condition id="-1">
<or_exp><and_exp><literal name="en_read" val="1"/>
</and_exp></or_exp>
</condition>

<Node id="65" bw="8" op_0_bw="1" op_1_bw="8" op_2_bw="8">
<![CDATA[
._crit_edge.i.0_ifconv:14  %select_ln25_3 = select i1 %srst_read, i8 0, i8 %select_ln52_3

]]></Node>
<StgValue><ssdm name="select_ln25_3"/></StgValue>
</operation>

<operation id="42" st_id="1" stage="1" lat="1">
<core>NULL</core>
<MemPortIdVec></MemPortIdVec>
<condition id="-1">
<or_exp><and_exp><literal name="en_read" val="1"/>
</and_exp></or_exp>
</condition>

<Node id="66" bw="0" op_0_bw="8" op_1_bw="8" op_2_bw="8">
<![CDATA[
._crit_edge.i.0_ifconv:15  store i8 %select_ln25_3, i8* @shift_reg0_regs_4, align 1

]]></Node>
<StgValue><ssdm name="store_ln51"/></StgValue>
</operation>

<operation id="43" st_id="1" stage="1" lat="1">
<core>Sel</core>
<MemPortIdVec></MemPortIdVec>
<condition id="-1">
<or_exp><and_exp><literal name="en_read" val="1"/>
</and_exp></or_exp>
</condition>

<Node id="67" bw="8" op_0_bw="1" op_1_bw="8" op_2_bw="8">
<![CDATA[
._crit_edge.i.0_ifconv:16  %select_ln52_4 = select i1 %load_read, i8 %load_data_3_read_2, i8 %shift_reg0_regs_2_lo

]]></Node>
<StgValue><ssdm name="select_ln52_4"/></StgValue>
</operation>

<operation id="44" st_id="1" stage="1" lat="1">
<core>Sel</core>
<MemPortIdVec></MemPortIdVec>
<condition id="-1">
<or_exp><and_exp><literal name="en_read" val="1"/>
</and_exp></or_exp>
</condition>

<Node id="68" bw="8" op_0_bw="1" op_1_bw="8" op_2_bw="8">
<![CDATA[
._crit_edge.i.0_ifconv:17  %select_ln25_4 = select i1 %srst_read, i8 0, i8 %select_ln52_4

]]></Node>
<StgValue><ssdm name="select_ln25_4"/></StgValue>
</operation>

<operation id="45" st_id="1" stage="1" lat="1">
<core>NULL</core>
<MemPortIdVec></MemPortIdVec>
<condition id="-1">
<or_exp><and_exp><literal name="en_read" val="1"/>
</and_exp></or_exp>
</condition>

<Node id="69" bw="0" op_0_bw="8" op_1_bw="8" op_2_bw="8">
<![CDATA[
._crit_edge.i.0_ifconv:18  store i8 %select_ln25_4, i8* @shift_reg0_regs_3, align 1

]]></Node>
<StgValue><ssdm name="store_ln51"/></StgValue>
</operation>

<operation id="46" st_id="1" stage="1" lat="1">
<core>Sel</core>
<MemPortIdVec></MemPortIdVec>
<condition id="-1">
<or_exp><and_exp><literal name="en_read" val="1"/>
</and_exp></or_exp>
</condition>

<Node id="70" bw="8" op_0_bw="1" op_1_bw="8" op_2_bw="8">
<![CDATA[
._crit_edge.i.0_ifconv:19  %select_ln52_5 = select i1 %load_read, i8 %load_data_2_read_2, i8 %shift_reg0_regs_1_lo

]]></Node>
<StgValue><ssdm name="select_ln52_5"/></StgValue>
</operation>

<operation id="47" st_id="1" stage="1" lat="1">
<core>Sel</core>
<MemPortIdVec></MemPortIdVec>
<condition id="-1">
<or_exp><and_exp><literal name="en_read" val="1"/>
</and_exp></or_exp>
</condition>

<Node id="71" bw="8" op_0_bw="1" op_1_bw="8" op_2_bw="8">
<![CDATA[
._crit_edge.i.0_ifconv:20  %select_ln25_5 = select i1 %srst_read, i8 0, i8 %select_ln52_5

]]></Node>
<StgValue><ssdm name="select_ln25_5"/></StgValue>
</operation>

<operation id="48" st_id="1" stage="1" lat="1">
<core>NULL</core>
<MemPortIdVec></MemPortIdVec>
<condition id="-1">
<or_exp><and_exp><literal name="en_read" val="1"/>
</and_exp></or_exp>
</condition>

<Node id="72" bw="0" op_0_bw="8" op_1_bw="8" op_2_bw="8">
<![CDATA[
._crit_edge.i.0_ifconv:21  store i8 %select_ln25_5, i8* @shift_reg0_regs_2, align 1

]]></Node>
<StgValue><ssdm name="store_ln51"/></StgValue>
</operation>

<operation id="49" st_id="1" stage="1" lat="1">
<core>Sel</core>
<MemPortIdVec></MemPortIdVec>
<condition id="-1">
<or_exp><and_exp><literal name="en_read" val="1"/>
</and_exp></or_exp>
</condition>

<Node id="73" bw="8" op_0_bw="1" op_1_bw="8" op_2_bw="8">
<![CDATA[
._crit_edge.i.0_ifconv:22  %select_ln52_6 = select i1 %load_read, i8 %load_data_1_read_2, i8 %shift_reg0_regs_0_lo

]]></Node>
<StgValue><ssdm name="select_ln52_6"/></StgValue>
</operation>

<operation id="50" st_id="1" stage="1" lat="1">
<core>Sel</core>
<MemPortIdVec></MemPortIdVec>
<condition id="-1">
<or_exp><and_exp><literal name="en_read" val="1"/>
</and_exp></or_exp>
</condition>

<Node id="74" bw="8" op_0_bw="1" op_1_bw="8" op_2_bw="8">
<![CDATA[
._crit_edge.i.0_ifconv:23  %select_ln25_6 = select i1 %srst_read, i8 0, i8 %select_ln52_6

]]></Node>
<StgValue><ssdm name="select_ln25_6"/></StgValue>
</operation>

<operation id="51" st_id="1" stage="1" lat="1">
<core>NULL</core>
<MemPortIdVec></MemPortIdVec>
<condition id="-1">
<or_exp><and_exp><literal name="en_read" val="1"/>
</and_exp></or_exp>
</condition>

<Node id="75" bw="0" op_0_bw="8" op_1_bw="8" op_2_bw="8">
<![CDATA[
._crit_edge.i.0_ifconv:24  store i8 %select_ln25_6, i8* @shift_reg0_regs_1, align 1

]]></Node>
<StgValue><ssdm name="store_ln51"/></StgValue>
</operation>

<operation id="52" st_id="1" stage="1" lat="1">
<core>LogicGate</core>
<MemPortIdVec></MemPortIdVec>
<condition id="-1">
<or_exp><and_exp><literal name="en_read" val="1"/>
</and_exp></or_exp>
</condition>

<Node id="76" bw="1" op_0_bw="1" op_1_bw="1">
<![CDATA[
._crit_edge.i.0_ifconv:25  %xor_ln50 = xor i1 %load_read, true

]]></Node>
<StgValue><ssdm name="xor_ln50"/></StgValue>
</operation>

<operation id="53" st_id="1" stage="1" lat="1">
<core>LogicGate</core>
<MemPortIdVec></MemPortIdVec>
<condition id="-1">
<or_exp><and_exp><literal name="en_read" val="1"/>
</and_exp></or_exp>
</condition>

<Node id="77" bw="1" op_0_bw="1" op_1_bw="1">
<![CDATA[
._crit_edge.i.0_ifconv:26  %or_ln50 = or i1 %srst_read, %xor_ln50

]]></Node>
<StgValue><ssdm name="or_ln50"/></StgValue>
</operation>

<operation id="54" st_id="1" stage="1" lat="1">
<core>Sel</core>
<MemPortIdVec></MemPortIdVec>
<condition id="-1">
<or_exp><and_exp><literal name="en_read" val="1"/>
</and_exp></or_exp>
</condition>

<Node id="78" bw="8" op_0_bw="1" op_1_bw="8" op_2_bw="8">
<![CDATA[
._crit_edge.i.0_ifconv:27  %select_ln50 = select i1 %srst_read, i8 0, i8 %din_read

]]></Node>
<StgValue><ssdm name="select_ln50"/></StgValue>
</operation>

<operation id="55" st_id="1" stage="1" lat="1">
<core>Sel</core>
<MemPortIdVec></MemPortIdVec>
<condition id="-1">
<or_exp><and_exp><literal name="en_read" val="1"/>
</and_exp></or_exp>
</condition>

<Node id="79" bw="8" op_0_bw="1" op_1_bw="8" op_2_bw="8">
<![CDATA[
._crit_edge.i.0_ifconv:28  %select_ln50_1 = select i1 %or_ln50, i8 %select_ln50, i8 %load_data_0_read_2

]]></Node>
<StgValue><ssdm name="select_ln50_1"/></StgValue>
</operation>

<operation id="56" st_id="1" stage="1" lat="1">
<core>NULL</core>
<MemPortIdVec></MemPortIdVec>
<condition id="-1">
<or_exp><and_exp><literal name="en_read" val="1"/>
</and_exp></or_exp>
</condition>

<Node id="80" bw="0" op_0_bw="8" op_1_bw="8" op_2_bw="8">
<![CDATA[
._crit_edge.i.0_ifconv:29  store i8 %select_ln50_1, i8* @shift_reg0_regs_0, align 1

]]></Node>
<StgValue><ssdm name="store_ln51"/></StgValue>
</operation>

<operation id="57" st_id="1" stage="1" lat="1">
<core>NULL</core>
<MemPortIdVec></MemPortIdVec>
<condition id="-1">
<or_exp><and_exp><literal name="en_read" val="1"/>
</and_exp></or_exp>
</condition>

<Node id="81" bw="0" op_0_bw="0">
<![CDATA[
._crit_edge.i.0_ifconv:30  br label %._crit_edge.i8.7

]]></Node>
<StgValue><ssdm name="br_ln58"/></StgValue>
</operation>
</state>

<state id="2" st_id="2">

<operation id="58" st_id="2" stage="1" lat="1">
<core>NULL</core>
<MemPortIdVec></MemPortIdVec>
<condition id="-1">
<or_exp><and_exp></and_exp></or_exp>
</condition>

<Node id="83" bw="8" op_0_bw="8" op_1_bw="0" op_2_bw="8" op_3_bw="0">
<![CDATA[
._crit_edge.i8.7:0  %dout0_7_write_assig = phi i8 [ %select_ln25, %._crit_edge.i.0_ifconv ], [ %shift_reg0_regs_7_lo, %codeRepl ]

]]></Node>
<StgValue><ssdm name="dout0_7_write_assig"/></StgValue>
</operation>

<operation id="59" st_id="2" stage="1" lat="1">
<core>NULL</core>
<MemPortIdVec></MemPortIdVec>
<condition id="-1">
<or_exp><and_exp></and_exp></or_exp>
</condition>

<Node id="84" bw="8" op_0_bw="8" op_1_bw="0" op_2_bw="8" op_3_bw="0">
<![CDATA[
._crit_edge.i8.7:1  %dout0_10_write_assi = phi i8 [ %shift_reg1_regs_1_lo, %._crit_edge.i.0_ifconv ], [ %shift_reg1_regs_2_lo, %codeRepl ]

]]></Node>
<StgValue><ssdm name="dout0_10_write_assi"/></StgValue>
</operation>

<operation id="60" st_id="2" stage="1" lat="1">
<core>NULL</core>
<MemPortIdVec></MemPortIdVec>
<condition id="-1">
<or_exp><and_exp></and_exp></or_exp>
</condition>

<Node id="85" bw="8" op_0_bw="8" op_1_bw="0" op_2_bw="8" op_3_bw="0">
<![CDATA[
._crit_edge.i8.7:2  %dout0_9_write_assig = phi i8 [ %shift_reg1_regs_0_lo, %._crit_edge.i.0_ifconv ], [ %shift_reg1_regs_1_lo, %codeRepl ]

]]></Node>
<StgValue><ssdm name="dout0_9_write_assig"/></StgValue>
</operation>

<operation id="61" st_id="2" stage="1" lat="1">
<core>NULL</core>
<MemPortIdVec></MemPortIdVec>
<condition id="-1">
<or_exp><and_exp></and_exp></or_exp>
</condition>

<Node id="86" bw="8" op_0_bw="8" op_1_bw="0" op_2_bw="8" op_3_bw="0">
<![CDATA[
._crit_edge.i8.7:3  %dout0_8_write_assig = phi i8 [ %shift_reg0_regs_7_lo, %._crit_edge.i.0_ifconv ], [ %shift_reg1_regs_0_lo, %codeRepl ]

]]></Node>
<StgValue><ssdm name="dout0_8_write_assig"/></StgValue>
</operation>

<operation id="62" st_id="2" stage="1" lat="1">
<core>NULL</core>
<MemPortIdVec></MemPortIdVec>
<condition id="-1">
<or_exp><and_exp></and_exp></or_exp>
</condition>

<Node id="87" bw="8" op_0_bw="8" op_1_bw="0" op_2_bw="8" op_3_bw="0">
<![CDATA[
._crit_edge.i8.7:4  %dout0_6_write_assig = phi i8 [ %select_ln25_1, %._crit_edge.i.0_ifconv ], [ %shift_reg0_regs_6_lo, %codeRepl ]

]]></Node>
<StgValue><ssdm name="dout0_6_write_assig"/></StgValue>
</operation>

<operation id="63" st_id="2" stage="1" lat="1">
<core>NULL</core>
<MemPortIdVec></MemPortIdVec>
<condition id="-1">
<or_exp><and_exp></and_exp></or_exp>
</condition>

<Node id="88" bw="8" op_0_bw="8" op_1_bw="0" op_2_bw="8" op_3_bw="0">
<![CDATA[
._crit_edge.i8.7:5  %dout0_5_write_assig = phi i8 [ %select_ln25_2, %._crit_edge.i.0_ifconv ], [ %shift_reg0_regs_5_lo, %codeRepl ]

]]></Node>
<StgValue><ssdm name="dout0_5_write_assig"/></StgValue>
</operation>

<operation id="64" st_id="2" stage="1" lat="1">
<core>NULL</core>
<MemPortIdVec></MemPortIdVec>
<condition id="-1">
<or_exp><and_exp></and_exp></or_exp>
</condition>

<Node id="89" bw="8" op_0_bw="8" op_1_bw="0" op_2_bw="8" op_3_bw="0">
<![CDATA[
._crit_edge.i8.7:6  %dout0_4_write_assig = phi i8 [ %select_ln25_3, %._crit_edge.i.0_ifconv ], [ %shift_reg0_regs_4_lo, %codeRepl ]

]]></Node>
<StgValue><ssdm name="dout0_4_write_assig"/></StgValue>
</operation>

<operation id="65" st_id="2" stage="1" lat="1">
<core>NULL</core>
<MemPortIdVec></MemPortIdVec>
<condition id="-1">
<or_exp><and_exp></and_exp></or_exp>
</condition>

<Node id="90" bw="8" op_0_bw="8" op_1_bw="0" op_2_bw="8" op_3_bw="0">
<![CDATA[
._crit_edge.i8.7:7  %dout0_3_write_assig = phi i8 [ %select_ln25_4, %._crit_edge.i.0_ifconv ], [ %shift_reg0_regs_3_lo, %codeRepl ]

]]></Node>
<StgValue><ssdm name="dout0_3_write_assig"/></StgValue>
</operation>

<operation id="66" st_id="2" stage="1" lat="1">
<core>NULL</core>
<MemPortIdVec></MemPortIdVec>
<condition id="-1">
<or_exp><and_exp></and_exp></or_exp>
</condition>

<Node id="91" bw="8" op_0_bw="8" op_1_bw="0" op_2_bw="8" op_3_bw="0">
<![CDATA[
._crit_edge.i8.7:8  %dout0_2_write_assig = phi i8 [ %select_ln25_5, %._crit_edge.i.0_ifconv ], [ %shift_reg0_regs_2_lo, %codeRepl ]

]]></Node>
<StgValue><ssdm name="dout0_2_write_assig"/></StgValue>
</operation>

<operation id="67" st_id="2" stage="1" lat="1">
<core>NULL</core>
<MemPortIdVec></MemPortIdVec>
<condition id="-1">
<or_exp><and_exp></and_exp></or_exp>
</condition>

<Node id="92" bw="8" op_0_bw="8" op_1_bw="0" op_2_bw="8" op_3_bw="0">
<![CDATA[
._crit_edge.i8.7:9  %dout0_1_write_assig = phi i8 [ %select_ln25_6, %._crit_edge.i.0_ifconv ], [ %shift_reg0_regs_1_lo, %codeRepl ]

]]></Node>
<StgValue><ssdm name="dout0_1_write_assig"/></StgValue>
</operation>

<operation id="68" st_id="2" stage="1" lat="1">
<core>NULL</core>
<MemPortIdVec></MemPortIdVec>
<condition id="-1">
<or_exp><and_exp></and_exp></or_exp>
</condition>

<Node id="93" bw="8" op_0_bw="8" op_1_bw="0" op_2_bw="8" op_3_bw="0">
<![CDATA[
._crit_edge.i8.7:10  %dout0_0_write_assig = phi i8 [ %select_ln50_1, %._crit_edge.i.0_ifconv ], [ %shift_reg0_regs_0_lo, %codeRepl ]

]]></Node>
<StgValue><ssdm name="dout0_0_write_assig"/></StgValue>
</operation>

<operation id="69" st_id="2" stage="1" lat="1">
<core>NULL</core>
<MemPortIdVec></MemPortIdVec>
<condition id="-1">
<or_exp><and_exp></and_exp></or_exp>
</condition>

<Node id="94" bw="8" op_0_bw="8" op_1_bw="0">
<![CDATA[
._crit_edge.i8.7:11  %shift_reg1_regs_3_lo = load i8* @shift_reg1_regs_3, align 1

]]></Node>
<StgValue><ssdm name="shift_reg1_regs_3_lo"/></StgValue>
</operation>

<operation id="70" st_id="2" stage="1" lat="1">
<core>NULL</core>
<MemPortIdVec></MemPortIdVec>
<condition id="-1">
<or_exp><and_exp></and_exp></or_exp>
</condition>

<Node id="95" bw="96" op_0_bw="96" op_1_bw="8">
<![CDATA[
._crit_edge.i8.7:12  %mrv = insertvalue { i8, i8, i8, i8, i8, i8, i8, i8, i8, i8, i8, i8 } undef, i8 %dout0_0_write_assig, 0

]]></Node>
<StgValue><ssdm name="mrv"/></StgValue>
</operation>

<operation id="71" st_id="2" stage="1" lat="1">
<core>NULL</core>
<MemPortIdVec></MemPortIdVec>
<condition id="-1">
<or_exp><and_exp></and_exp></or_exp>
</condition>

<Node id="96" bw="96" op_0_bw="96" op_1_bw="8">
<![CDATA[
._crit_edge.i8.7:13  %mrv_1 = insertvalue { i8, i8, i8, i8, i8, i8, i8, i8, i8, i8, i8, i8 } %mrv, i8 %dout0_1_write_assig, 1

]]></Node>
<StgValue><ssdm name="mrv_1"/></StgValue>
</operation>

<operation id="72" st_id="2" stage="1" lat="1">
<core>NULL</core>
<MemPortIdVec></MemPortIdVec>
<condition id="-1">
<or_exp><and_exp></and_exp></or_exp>
</condition>

<Node id="97" bw="96" op_0_bw="96" op_1_bw="8">
<![CDATA[
._crit_edge.i8.7:14  %mrv_2 = insertvalue { i8, i8, i8, i8, i8, i8, i8, i8, i8, i8, i8, i8 } %mrv_1, i8 %dout0_2_write_assig, 2

]]></Node>
<StgValue><ssdm name="mrv_2"/></StgValue>
</operation>

<operation id="73" st_id="2" stage="1" lat="1">
<core>NULL</core>
<MemPortIdVec></MemPortIdVec>
<condition id="-1">
<or_exp><and_exp></and_exp></or_exp>
</condition>

<Node id="98" bw="96" op_0_bw="96" op_1_bw="8">
<![CDATA[
._crit_edge.i8.7:15  %mrv_3 = insertvalue { i8, i8, i8, i8, i8, i8, i8, i8, i8, i8, i8, i8 } %mrv_2, i8 %dout0_3_write_assig, 3

]]></Node>
<StgValue><ssdm name="mrv_3"/></StgValue>
</operation>

<operation id="74" st_id="2" stage="1" lat="1">
<core>NULL</core>
<MemPortIdVec></MemPortIdVec>
<condition id="-1">
<or_exp><and_exp></and_exp></or_exp>
</condition>

<Node id="99" bw="96" op_0_bw="96" op_1_bw="8">
<![CDATA[
._crit_edge.i8.7:16  %mrv_4 = insertvalue { i8, i8, i8, i8, i8, i8, i8, i8, i8, i8, i8, i8 } %mrv_3, i8 %dout0_4_write_assig, 4

]]></Node>
<StgValue><ssdm name="mrv_4"/></StgValue>
</operation>

<operation id="75" st_id="2" stage="1" lat="1">
<core>NULL</core>
<MemPortIdVec></MemPortIdVec>
<condition id="-1">
<or_exp><and_exp></and_exp></or_exp>
</condition>

<Node id="100" bw="96" op_0_bw="96" op_1_bw="8">
<![CDATA[
._crit_edge.i8.7:17  %mrv_5 = insertvalue { i8, i8, i8, i8, i8, i8, i8, i8, i8, i8, i8, i8 } %mrv_4, i8 %dout0_5_write_assig, 5

]]></Node>
<StgValue><ssdm name="mrv_5"/></StgValue>
</operation>

<operation id="76" st_id="2" stage="1" lat="1">
<core>NULL</core>
<MemPortIdVec></MemPortIdVec>
<condition id="-1">
<or_exp><and_exp></and_exp></or_exp>
</condition>

<Node id="101" bw="96" op_0_bw="96" op_1_bw="8">
<![CDATA[
._crit_edge.i8.7:18  %mrv_6 = insertvalue { i8, i8, i8, i8, i8, i8, i8, i8, i8, i8, i8, i8 } %mrv_5, i8 %dout0_6_write_assig, 6

]]></Node>
<StgValue><ssdm name="mrv_6"/></StgValue>
</operation>

<operation id="77" st_id="2" stage="1" lat="1">
<core>NULL</core>
<MemPortIdVec></MemPortIdVec>
<condition id="-1">
<or_exp><and_exp></and_exp></or_exp>
</condition>

<Node id="102" bw="96" op_0_bw="96" op_1_bw="8">
<![CDATA[
._crit_edge.i8.7:19  %mrv_7 = insertvalue { i8, i8, i8, i8, i8, i8, i8, i8, i8, i8, i8, i8 } %mrv_6, i8 %dout0_7_write_assig, 7

]]></Node>
<StgValue><ssdm name="mrv_7"/></StgValue>
</operation>

<operation id="78" st_id="2" stage="1" lat="1">
<core>NULL</core>
<MemPortIdVec></MemPortIdVec>
<condition id="-1">
<or_exp><and_exp></and_exp></or_exp>
</condition>

<Node id="103" bw="96" op_0_bw="96" op_1_bw="8">
<![CDATA[
._crit_edge.i8.7:20  %mrv_8 = insertvalue { i8, i8, i8, i8, i8, i8, i8, i8, i8, i8, i8, i8 } %mrv_7, i8 %dout0_8_write_assig, 8

]]></Node>
<StgValue><ssdm name="mrv_8"/></StgValue>
</operation>

<operation id="79" st_id="2" stage="1" lat="1">
<core>NULL</core>
<MemPortIdVec></MemPortIdVec>
<condition id="-1">
<or_exp><and_exp></and_exp></or_exp>
</condition>

<Node id="104" bw="96" op_0_bw="96" op_1_bw="8">
<![CDATA[
._crit_edge.i8.7:21  %mrv_9 = insertvalue { i8, i8, i8, i8, i8, i8, i8, i8, i8, i8, i8, i8 } %mrv_8, i8 %dout0_9_write_assig, 9

]]></Node>
<StgValue><ssdm name="mrv_9"/></StgValue>
</operation>

<operation id="80" st_id="2" stage="1" lat="1">
<core>NULL</core>
<MemPortIdVec></MemPortIdVec>
<condition id="-1">
<or_exp><and_exp></and_exp></or_exp>
</condition>

<Node id="105" bw="96" op_0_bw="96" op_1_bw="8">
<![CDATA[
._crit_edge.i8.7:22  %mrv_10 = insertvalue { i8, i8, i8, i8, i8, i8, i8, i8, i8, i8, i8, i8 } %mrv_9, i8 %dout0_10_write_assi, 10

]]></Node>
<StgValue><ssdm name="mrv_10"/></StgValue>
</operation>

<operation id="81" st_id="2" stage="1" lat="1">
<core>NULL</core>
<MemPortIdVec></MemPortIdVec>
<condition id="-1">
<or_exp><and_exp></and_exp></or_exp>
</condition>

<Node id="106" bw="96" op_0_bw="96" op_1_bw="8">
<![CDATA[
._crit_edge.i8.7:23  %mrv_s = insertvalue { i8, i8, i8, i8, i8, i8, i8, i8, i8, i8, i8, i8 } %mrv_10, i8 %shift_reg1_regs_3_lo, 11

]]></Node>
<StgValue><ssdm name="mrv_s"/></StgValue>
</operation>

<operation id="82" st_id="2" stage="1" lat="1">
<core>NULL</core>
<MemPortIdVec></MemPortIdVec>
<condition id="-1">
<or_exp><and_exp></and_exp></or_exp>
</condition>

<Node id="107" bw="0" op_0_bw="96">
<![CDATA[
._crit_edge.i8.7:24  ret { i8, i8, i8, i8, i8, i8, i8, i8, i8, i8, i8, i8 } %mrv_s

]]></Node>
<StgValue><ssdm name="ret_ln54"/></StgValue>
</operation>
</state>
</state_list>


<ports>
<port id="85" name="din" dir="0" iftype="0">
<core>NULL</core><StgValue><ssdm name="din"/></StgValue>
</port>
<port id="86" name="load_data_0_read" dir="0" iftype="0">
<core>NULL</core><StgValue><ssdm name="load_data_0_read"/></StgValue>
</port>
<port id="87" name="load_data_1_read" dir="0" iftype="0">
<core>NULL</core><StgValue><ssdm name="load_data_1_read"/></StgValue>
</port>
<port id="88" name="load_data_2_read" dir="0" iftype="0">
<core>NULL</core><StgValue><ssdm name="load_data_2_read"/></StgValue>
</port>
<port id="89" name="load_data_3_read" dir="0" iftype="0">
<core>NULL</core><StgValue><ssdm name="load_data_3_read"/></StgValue>
</port>
<port id="90" name="load_data_4_read" dir="0" iftype="0">
<core>NULL</core><StgValue><ssdm name="load_data_4_read"/></StgValue>
</port>
<port id="91" name="load_data_5_read" dir="0" iftype="0">
<core>NULL</core><StgValue><ssdm name="load_data_5_read"/></StgValue>
</port>
<port id="92" name="load_data_6_read" dir="0" iftype="0">
<core>NULL</core><StgValue><ssdm name="load_data_6_read"/></StgValue>
</port>
<port id="93" name="load_data_7_read" dir="0" iftype="0">
<core>NULL</core><StgValue><ssdm name="load_data_7_read"/></StgValue>
</port>
<port id="94" name="srst" dir="0" iftype="0">
<core>NULL</core><StgValue><ssdm name="srst"/></StgValue>
</port>
<port id="95" name="load" dir="0" iftype="0">
<core>NULL</core><StgValue><ssdm name="load"/></StgValue>
</port>
<port id="96" name="en" dir="0" iftype="0">
<core>NULL</core><StgValue><ssdm name="en"/></StgValue>
</port>
<port id="97" name="shift_reg0_regs_7" dir="2" iftype="0">
<core>NULL</core><StgValue><ssdm name="shift_reg0_regs_7"/></StgValue>
</port>
<port id="98" name="shift_reg1_regs_2" dir="2" iftype="0">
<core>NULL</core><StgValue><ssdm name="shift_reg1_regs_2"/></StgValue>
</port>
<port id="99" name="shift_reg1_regs_1" dir="2" iftype="0">
<core>NULL</core><StgValue><ssdm name="shift_reg1_regs_1"/></StgValue>
</port>
<port id="100" name="shift_reg1_regs_0" dir="2" iftype="0">
<core>NULL</core><StgValue><ssdm name="shift_reg1_regs_0"/></StgValue>
</port>
<port id="101" name="shift_reg0_regs_6" dir="2" iftype="0">
<core>NULL</core><StgValue><ssdm name="shift_reg0_regs_6"/></StgValue>
</port>
<port id="102" name="shift_reg0_regs_5" dir="2" iftype="0">
<core>NULL</core><StgValue><ssdm name="shift_reg0_regs_5"/></StgValue>
</port>
<port id="103" name="shift_reg0_regs_4" dir="2" iftype="0">
<core>NULL</core><StgValue><ssdm name="shift_reg0_regs_4"/></StgValue>
</port>
<port id="104" name="shift_reg0_regs_3" dir="2" iftype="0">
<core>NULL</core><StgValue><ssdm name="shift_reg0_regs_3"/></StgValue>
</port>
<port id="105" name="shift_reg0_regs_2" dir="2" iftype="0">
<core>NULL</core><StgValue><ssdm name="shift_reg0_regs_2"/></StgValue>
</port>
<port id="106" name="shift_reg0_regs_1" dir="2" iftype="0">
<core>NULL</core><StgValue><ssdm name="shift_reg0_regs_1"/></StgValue>
</port>
<port id="107" name="shift_reg0_regs_0" dir="2" iftype="0">
<core>NULL</core><StgValue><ssdm name="shift_reg0_regs_0"/></StgValue>
</port>
<port id="108" name="shift_reg1_regs_3" dir="2" iftype="0">
<core>NULL</core><StgValue><ssdm name="shift_reg1_regs_3"/></StgValue>
</port>
</ports>


<dataflows>
<dataflow id="110" from="_ssdm_op_Read.ap_auto.i1" to="en_read" fromId="109" toId="3">
</dataflow>
<dataflow id="111" from="en" to="en_read" fromId="96" toId="3">
</dataflow>
<dataflow id="112" from="_ssdm_op_Read.ap_auto.i1" to="load_read" fromId="109" toId="4">
</dataflow>
<dataflow id="113" from="load" to="load_read" fromId="95" toId="4">
</dataflow>
<dataflow id="114" from="_ssdm_op_Read.ap_auto.i1" to="srst_read" fromId="109" toId="5">
</dataflow>
<dataflow id="115" from="srst" to="srst_read" fromId="94" toId="5">
</dataflow>
<dataflow id="117" from="_ssdm_op_Read.ap_auto.i8" to="load_data_7_read_2" fromId="116" toId="6">
</dataflow>
<dataflow id="118" from="load_data_7_read" to="load_data_7_read_2" fromId="93" toId="6">
</dataflow>
<dataflow id="119" from="_ssdm_op_Read.ap_auto.i8" to="load_data_6_read_2" fromId="116" toId="7">
</dataflow>
<dataflow id="120" from="load_data_6_read" to="load_data_6_read_2" fromId="92" toId="7">
</dataflow>
<dataflow id="121" from="_ssdm_op_Read.ap_auto.i8" to="load_data_5_read_2" fromId="116" toId="8">
</dataflow>
<dataflow id="122" from="load_data_5_read" to="load_data_5_read_2" fromId="91" toId="8">
</dataflow>
<dataflow id="123" from="_ssdm_op_Read.ap_auto.i8" to="load_data_4_read_2" fromId="116" toId="9">
</dataflow>
<dataflow id="124" from="load_data_4_read" to="load_data_4_read_2" fromId="90" toId="9">
</dataflow>
<dataflow id="125" from="_ssdm_op_Read.ap_auto.i8" to="load_data_3_read_2" fromId="116" toId="10">
</dataflow>
<dataflow id="126" from="load_data_3_read" to="load_data_3_read_2" fromId="89" toId="10">
</dataflow>
<dataflow id="127" from="_ssdm_op_Read.ap_auto.i8" to="load_data_2_read_2" fromId="116" toId="11">
</dataflow>
<dataflow id="128" from="load_data_2_read" to="load_data_2_read_2" fromId="88" toId="11">
</dataflow>
<dataflow id="129" from="_ssdm_op_Read.ap_auto.i8" to="load_data_1_read_2" fromId="116" toId="12">
</dataflow>
<dataflow id="130" from="load_data_1_read" to="load_data_1_read_2" fromId="87" toId="12">
</dataflow>
<dataflow id="131" from="_ssdm_op_Read.ap_auto.i8" to="load_data_0_read_2" fromId="116" toId="13">
</dataflow>
<dataflow id="132" from="load_data_0_read" to="load_data_0_read_2" fromId="86" toId="13">
</dataflow>
<dataflow id="133" from="_ssdm_op_Read.ap_auto.i8" to="din_read" fromId="116" toId="14">
</dataflow>
<dataflow id="134" from="din" to="din_read" fromId="85" toId="14">
</dataflow>
<dataflow id="135" from="shift_reg0_regs_7" to="shift_reg0_regs_7_lo" fromId="97" toId="15">
</dataflow>
<dataflow id="136" from="shift_reg1_regs_2" to="shift_reg1_regs_2_lo" fromId="98" toId="16">
</dataflow>
<dataflow id="137" from="shift_reg1_regs_1" to="shift_reg1_regs_1_lo" fromId="99" toId="17">
</dataflow>
<dataflow id="138" from="shift_reg1_regs_0" to="shift_reg1_regs_0_lo" fromId="100" toId="18">
</dataflow>
<dataflow id="139" from="shift_reg0_regs_6" to="shift_reg0_regs_6_lo" fromId="101" toId="19">
</dataflow>
<dataflow id="140" from="shift_reg0_regs_5" to="shift_reg0_regs_5_lo" fromId="102" toId="20">
</dataflow>
<dataflow id="141" from="shift_reg0_regs_4" to="shift_reg0_regs_4_lo" fromId="103" toId="21">
</dataflow>
<dataflow id="142" from="shift_reg0_regs_3" to="shift_reg0_regs_3_lo" fromId="104" toId="22">
</dataflow>
<dataflow id="143" from="shift_reg0_regs_2" to="shift_reg0_regs_2_lo" fromId="105" toId="23">
</dataflow>
<dataflow id="144" from="shift_reg0_regs_1" to="shift_reg0_regs_1_lo" fromId="106" toId="24">
</dataflow>
<dataflow id="145" from="shift_reg0_regs_0" to="shift_reg0_regs_0_lo" fromId="107" toId="25">
</dataflow>
<dataflow id="146" from="en_read" to="br_ln49" fromId="3" toId="26">
</dataflow>
<dataflow id="147" from="shift_reg1_regs_2_lo" to="store_ln57" fromId="16" toId="27">
</dataflow>
<dataflow id="148" from="shift_reg1_regs_3" to="store_ln57" fromId="108" toId="27">
</dataflow>
<dataflow id="149" from="shift_reg1_regs_1_lo" to="store_ln57" fromId="17" toId="28">
</dataflow>
<dataflow id="150" from="shift_reg1_regs_2" to="store_ln57" fromId="98" toId="28">
</dataflow>
<dataflow id="151" from="shift_reg1_regs_0_lo" to="store_ln57" fromId="18" toId="29">
</dataflow>
<dataflow id="152" from="shift_reg1_regs_1" to="store_ln57" fromId="99" toId="29">
</dataflow>
<dataflow id="153" from="shift_reg0_regs_7_lo" to="store_ln55" fromId="15" toId="30">
</dataflow>
<dataflow id="154" from="shift_reg1_regs_0" to="store_ln55" fromId="100" toId="30">
</dataflow>
<dataflow id="155" from="load_read" to="select_ln52" fromId="4" toId="31">
</dataflow>
<dataflow id="156" from="load_data_7_read_2" to="select_ln52" fromId="6" toId="31">
</dataflow>
<dataflow id="157" from="shift_reg0_regs_6_lo" to="select_ln52" fromId="19" toId="31">
</dataflow>
<dataflow id="158" from="srst_read" to="select_ln25" fromId="5" toId="32">
</dataflow>
<dataflow id="160" from="StgValue_159" to="select_ln25" fromId="159" toId="32">
</dataflow>
<dataflow id="161" from="select_ln52" to="select_ln25" fromId="31" toId="32">
</dataflow>
<dataflow id="162" from="select_ln25" to="store_ln51" fromId="32" toId="33">
</dataflow>
<dataflow id="163" from="shift_reg0_regs_7" to="store_ln51" fromId="97" toId="33">
</dataflow>
<dataflow id="164" from="load_read" to="select_ln52_1" fromId="4" toId="34">
</dataflow>
<dataflow id="165" from="load_data_6_read_2" to="select_ln52_1" fromId="7" toId="34">
</dataflow>
<dataflow id="166" from="shift_reg0_regs_5_lo" to="select_ln52_1" fromId="20" toId="34">
</dataflow>
<dataflow id="167" from="srst_read" to="select_ln25_1" fromId="5" toId="35">
</dataflow>
<dataflow id="168" from="StgValue_159" to="select_ln25_1" fromId="159" toId="35">
</dataflow>
<dataflow id="169" from="select_ln52_1" to="select_ln25_1" fromId="34" toId="35">
</dataflow>
<dataflow id="170" from="select_ln25_1" to="store_ln51" fromId="35" toId="36">
</dataflow>
<dataflow id="171" from="shift_reg0_regs_6" to="store_ln51" fromId="101" toId="36">
</dataflow>
<dataflow id="172" from="load_read" to="select_ln52_2" fromId="4" toId="37">
</dataflow>
<dataflow id="173" from="load_data_5_read_2" to="select_ln52_2" fromId="8" toId="37">
</dataflow>
<dataflow id="174" from="shift_reg0_regs_4_lo" to="select_ln52_2" fromId="21" toId="37">
</dataflow>
<dataflow id="175" from="srst_read" to="select_ln25_2" fromId="5" toId="38">
</dataflow>
<dataflow id="176" from="StgValue_159" to="select_ln25_2" fromId="159" toId="38">
</dataflow>
<dataflow id="177" from="select_ln52_2" to="select_ln25_2" fromId="37" toId="38">
</dataflow>
<dataflow id="178" from="select_ln25_2" to="store_ln51" fromId="38" toId="39">
</dataflow>
<dataflow id="179" from="shift_reg0_regs_5" to="store_ln51" fromId="102" toId="39">
</dataflow>
<dataflow id="180" from="load_read" to="select_ln52_3" fromId="4" toId="40">
</dataflow>
<dataflow id="181" from="load_data_4_read_2" to="select_ln52_3" fromId="9" toId="40">
</dataflow>
<dataflow id="182" from="shift_reg0_regs_3_lo" to="select_ln52_3" fromId="22" toId="40">
</dataflow>
<dataflow id="183" from="srst_read" to="select_ln25_3" fromId="5" toId="41">
</dataflow>
<dataflow id="184" from="StgValue_159" to="select_ln25_3" fromId="159" toId="41">
</dataflow>
<dataflow id="185" from="select_ln52_3" to="select_ln25_3" fromId="40" toId="41">
</dataflow>
<dataflow id="186" from="select_ln25_3" to="store_ln51" fromId="41" toId="42">
</dataflow>
<dataflow id="187" from="shift_reg0_regs_4" to="store_ln51" fromId="103" toId="42">
</dataflow>
<dataflow id="188" from="load_read" to="select_ln52_4" fromId="4" toId="43">
</dataflow>
<dataflow id="189" from="load_data_3_read_2" to="select_ln52_4" fromId="10" toId="43">
</dataflow>
<dataflow id="190" from="shift_reg0_regs_2_lo" to="select_ln52_4" fromId="23" toId="43">
</dataflow>
<dataflow id="191" from="srst_read" to="select_ln25_4" fromId="5" toId="44">
</dataflow>
<dataflow id="192" from="StgValue_159" to="select_ln25_4" fromId="159" toId="44">
</dataflow>
<dataflow id="193" from="select_ln52_4" to="select_ln25_4" fromId="43" toId="44">
</dataflow>
<dataflow id="194" from="select_ln25_4" to="store_ln51" fromId="44" toId="45">
</dataflow>
<dataflow id="195" from="shift_reg0_regs_3" to="store_ln51" fromId="104" toId="45">
</dataflow>
<dataflow id="196" from="load_read" to="select_ln52_5" fromId="4" toId="46">
</dataflow>
<dataflow id="197" from="load_data_2_read_2" to="select_ln52_5" fromId="11" toId="46">
</dataflow>
<dataflow id="198" from="shift_reg0_regs_1_lo" to="select_ln52_5" fromId="24" toId="46">
</dataflow>
<dataflow id="199" from="srst_read" to="select_ln25_5" fromId="5" toId="47">
</dataflow>
<dataflow id="200" from="StgValue_159" to="select_ln25_5" fromId="159" toId="47">
</dataflow>
<dataflow id="201" from="select_ln52_5" to="select_ln25_5" fromId="46" toId="47">
</dataflow>
<dataflow id="202" from="select_ln25_5" to="store_ln51" fromId="47" toId="48">
</dataflow>
<dataflow id="203" from="shift_reg0_regs_2" to="store_ln51" fromId="105" toId="48">
</dataflow>
<dataflow id="204" from="load_read" to="select_ln52_6" fromId="4" toId="49">
</dataflow>
<dataflow id="205" from="load_data_1_read_2" to="select_ln52_6" fromId="12" toId="49">
</dataflow>
<dataflow id="206" from="shift_reg0_regs_0_lo" to="select_ln52_6" fromId="25" toId="49">
</dataflow>
<dataflow id="207" from="srst_read" to="select_ln25_6" fromId="5" toId="50">
</dataflow>
<dataflow id="208" from="StgValue_159" to="select_ln25_6" fromId="159" toId="50">
</dataflow>
<dataflow id="209" from="select_ln52_6" to="select_ln25_6" fromId="49" toId="50">
</dataflow>
<dataflow id="210" from="select_ln25_6" to="store_ln51" fromId="50" toId="51">
</dataflow>
<dataflow id="211" from="shift_reg0_regs_1" to="store_ln51" fromId="106" toId="51">
</dataflow>
<dataflow id="212" from="load_read" to="xor_ln50" fromId="4" toId="52">
</dataflow>
<dataflow id="214" from="StgValue_213" to="xor_ln50" fromId="213" toId="52">
</dataflow>
<dataflow id="215" from="srst_read" to="or_ln50" fromId="5" toId="53">
</dataflow>
<dataflow id="216" from="xor_ln50" to="or_ln50" fromId="52" toId="53">
</dataflow>
<dataflow id="217" from="srst_read" to="select_ln50" fromId="5" toId="54">
</dataflow>
<dataflow id="218" from="StgValue_159" to="select_ln50" fromId="159" toId="54">
</dataflow>
<dataflow id="219" from="din_read" to="select_ln50" fromId="14" toId="54">
</dataflow>
<dataflow id="220" from="or_ln50" to="select_ln50_1" fromId="53" toId="55">
</dataflow>
<dataflow id="221" from="select_ln50" to="select_ln50_1" fromId="54" toId="55">
</dataflow>
<dataflow id="222" from="load_data_0_read_2" to="select_ln50_1" fromId="13" toId="55">
</dataflow>
<dataflow id="223" from="select_ln50_1" to="store_ln51" fromId="55" toId="56">
</dataflow>
<dataflow id="224" from="shift_reg0_regs_0" to="store_ln51" fromId="107" toId="56">
</dataflow>
<dataflow id="225" from="select_ln25" to="dout0_7_write_assig" fromId="32" toId="58">
<condition id="-1">
<or_exp><and_exp><literal name="en_read" val="1"/>
</and_exp></or_exp>
</condition>
</dataflow>
<dataflow id="226" from="br_ln58" to="dout0_7_write_assig" fromId="57" toId="58">
</dataflow>
<dataflow id="227" from="shift_reg0_regs_7_lo" to="dout0_7_write_assig" fromId="15" toId="58">
<condition id="-1">
<or_exp><and_exp><literal name="en_read" val="0"/>
</and_exp></or_exp>
</condition>
</dataflow>
<dataflow id="228" from="br_ln49" to="dout0_7_write_assig" fromId="26" toId="58">
</dataflow>
<dataflow id="229" from="shift_reg1_regs_1_lo" to="dout0_10_write_assi" fromId="17" toId="59">
<condition id="-1">
<or_exp><and_exp><literal name="en_read" val="1"/>
</and_exp></or_exp>
</condition>
</dataflow>
<dataflow id="230" from="br_ln58" to="dout0_10_write_assi" fromId="57" toId="59">
</dataflow>
<dataflow id="231" from="shift_reg1_regs_2_lo" to="dout0_10_write_assi" fromId="16" toId="59">
<condition id="-1">
<or_exp><and_exp><literal name="en_read" val="0"/>
</and_exp></or_exp>
</condition>
</dataflow>
<dataflow id="232" from="br_ln49" to="dout0_10_write_assi" fromId="26" toId="59">
</dataflow>
<dataflow id="233" from="shift_reg1_regs_0_lo" to="dout0_9_write_assig" fromId="18" toId="60">
<condition id="-1">
<or_exp><and_exp><literal name="en_read" val="1"/>
</and_exp></or_exp>
</condition>
</dataflow>
<dataflow id="234" from="br_ln58" to="dout0_9_write_assig" fromId="57" toId="60">
</dataflow>
<dataflow id="235" from="shift_reg1_regs_1_lo" to="dout0_9_write_assig" fromId="17" toId="60">
<condition id="-1">
<or_exp><and_exp><literal name="en_read" val="0"/>
</and_exp></or_exp>
</condition>
</dataflow>
<dataflow id="236" from="br_ln49" to="dout0_9_write_assig" fromId="26" toId="60">
</dataflow>
<dataflow id="237" from="shift_reg0_regs_7_lo" to="dout0_8_write_assig" fromId="15" toId="61">
<condition id="-1">
<or_exp><and_exp><literal name="en_read" val="1"/>
</and_exp></or_exp>
</condition>
</dataflow>
<dataflow id="238" from="br_ln58" to="dout0_8_write_assig" fromId="57" toId="61">
</dataflow>
<dataflow id="239" from="shift_reg1_regs_0_lo" to="dout0_8_write_assig" fromId="18" toId="61">
<condition id="-1">
<or_exp><and_exp><literal name="en_read" val="0"/>
</and_exp></or_exp>
</condition>
</dataflow>
<dataflow id="240" from="br_ln49" to="dout0_8_write_assig" fromId="26" toId="61">
</dataflow>
<dataflow id="241" from="select_ln25_1" to="dout0_6_write_assig" fromId="35" toId="62">
<condition id="-1">
<or_exp><and_exp><literal name="en_read" val="1"/>
</and_exp></or_exp>
</condition>
</dataflow>
<dataflow id="242" from="br_ln58" to="dout0_6_write_assig" fromId="57" toId="62">
</dataflow>
<dataflow id="243" from="shift_reg0_regs_6_lo" to="dout0_6_write_assig" fromId="19" toId="62">
<condition id="-1">
<or_exp><and_exp><literal name="en_read" val="0"/>
</and_exp></or_exp>
</condition>
</dataflow>
<dataflow id="244" from="br_ln49" to="dout0_6_write_assig" fromId="26" toId="62">
</dataflow>
<dataflow id="245" from="select_ln25_2" to="dout0_5_write_assig" fromId="38" toId="63">
<condition id="-1">
<or_exp><and_exp><literal name="en_read" val="1"/>
</and_exp></or_exp>
</condition>
</dataflow>
<dataflow id="246" from="br_ln58" to="dout0_5_write_assig" fromId="57" toId="63">
</dataflow>
<dataflow id="247" from="shift_reg0_regs_5_lo" to="dout0_5_write_assig" fromId="20" toId="63">
<condition id="-1">
<or_exp><and_exp><literal name="en_read" val="0"/>
</and_exp></or_exp>
</condition>
</dataflow>
<dataflow id="248" from="br_ln49" to="dout0_5_write_assig" fromId="26" toId="63">
</dataflow>
<dataflow id="249" from="select_ln25_3" to="dout0_4_write_assig" fromId="41" toId="64">
<condition id="-1">
<or_exp><and_exp><literal name="en_read" val="1"/>
</and_exp></or_exp>
</condition>
</dataflow>
<dataflow id="250" from="br_ln58" to="dout0_4_write_assig" fromId="57" toId="64">
</dataflow>
<dataflow id="251" from="shift_reg0_regs_4_lo" to="dout0_4_write_assig" fromId="21" toId="64">
<condition id="-1">
<or_exp><and_exp><literal name="en_read" val="0"/>
</and_exp></or_exp>
</condition>
</dataflow>
<dataflow id="252" from="br_ln49" to="dout0_4_write_assig" fromId="26" toId="64">
</dataflow>
<dataflow id="253" from="select_ln25_4" to="dout0_3_write_assig" fromId="44" toId="65">
<condition id="-1">
<or_exp><and_exp><literal name="en_read" val="1"/>
</and_exp></or_exp>
</condition>
</dataflow>
<dataflow id="254" from="br_ln58" to="dout0_3_write_assig" fromId="57" toId="65">
</dataflow>
<dataflow id="255" from="shift_reg0_regs_3_lo" to="dout0_3_write_assig" fromId="22" toId="65">
<condition id="-1">
<or_exp><and_exp><literal name="en_read" val="0"/>
</and_exp></or_exp>
</condition>
</dataflow>
<dataflow id="256" from="br_ln49" to="dout0_3_write_assig" fromId="26" toId="65">
</dataflow>
<dataflow id="257" from="select_ln25_5" to="dout0_2_write_assig" fromId="47" toId="66">
<condition id="-1">
<or_exp><and_exp><literal name="en_read" val="1"/>
</and_exp></or_exp>
</condition>
</dataflow>
<dataflow id="258" from="br_ln58" to="dout0_2_write_assig" fromId="57" toId="66">
</dataflow>
<dataflow id="259" from="shift_reg0_regs_2_lo" to="dout0_2_write_assig" fromId="23" toId="66">
<condition id="-1">
<or_exp><and_exp><literal name="en_read" val="0"/>
</and_exp></or_exp>
</condition>
</dataflow>
<dataflow id="260" from="br_ln49" to="dout0_2_write_assig" fromId="26" toId="66">
</dataflow>
<dataflow id="261" from="select_ln25_6" to="dout0_1_write_assig" fromId="50" toId="67">
<condition id="-1">
<or_exp><and_exp><literal name="en_read" val="1"/>
</and_exp></or_exp>
</condition>
</dataflow>
<dataflow id="262" from="br_ln58" to="dout0_1_write_assig" fromId="57" toId="67">
</dataflow>
<dataflow id="263" from="shift_reg0_regs_1_lo" to="dout0_1_write_assig" fromId="24" toId="67">
<condition id="-1">
<or_exp><and_exp><literal name="en_read" val="0"/>
</and_exp></or_exp>
</condition>
</dataflow>
<dataflow id="264" from="br_ln49" to="dout0_1_write_assig" fromId="26" toId="67">
</dataflow>
<dataflow id="265" from="select_ln50_1" to="dout0_0_write_assig" fromId="55" toId="68">
<condition id="-1">
<or_exp><and_exp><literal name="en_read" val="1"/>
</and_exp></or_exp>
</condition>
</dataflow>
<dataflow id="266" from="br_ln58" to="dout0_0_write_assig" fromId="57" toId="68">
</dataflow>
<dataflow id="267" from="shift_reg0_regs_0_lo" to="dout0_0_write_assig" fromId="25" toId="68">
<condition id="-1">
<or_exp><and_exp><literal name="en_read" val="0"/>
</and_exp></or_exp>
</condition>
</dataflow>
<dataflow id="268" from="br_ln49" to="dout0_0_write_assig" fromId="26" toId="68">
</dataflow>
<dataflow id="269" from="shift_reg1_regs_3" to="shift_reg1_regs_3_lo" fromId="108" toId="69">
</dataflow>
<dataflow id="271" from="StgValue_270" to="mrv" fromId="270" toId="70">
</dataflow>
<dataflow id="272" from="dout0_0_write_assig" to="mrv" fromId="68" toId="70">
</dataflow>
<dataflow id="273" from="mrv" to="mrv_1" fromId="70" toId="71">
</dataflow>
<dataflow id="274" from="dout0_1_write_assig" to="mrv_1" fromId="67" toId="71">
</dataflow>
<dataflow id="275" from="mrv_1" to="mrv_2" fromId="71" toId="72">
</dataflow>
<dataflow id="276" from="dout0_2_write_assig" to="mrv_2" fromId="66" toId="72">
</dataflow>
<dataflow id="277" from="mrv_2" to="mrv_3" fromId="72" toId="73">
</dataflow>
<dataflow id="278" from="dout0_3_write_assig" to="mrv_3" fromId="65" toId="73">
</dataflow>
<dataflow id="279" from="mrv_3" to="mrv_4" fromId="73" toId="74">
</dataflow>
<dataflow id="280" from="dout0_4_write_assig" to="mrv_4" fromId="64" toId="74">
</dataflow>
<dataflow id="281" from="mrv_4" to="mrv_5" fromId="74" toId="75">
</dataflow>
<dataflow id="282" from="dout0_5_write_assig" to="mrv_5" fromId="63" toId="75">
</dataflow>
<dataflow id="283" from="mrv_5" to="mrv_6" fromId="75" toId="76">
</dataflow>
<dataflow id="284" from="dout0_6_write_assig" to="mrv_6" fromId="62" toId="76">
</dataflow>
<dataflow id="285" from="mrv_6" to="mrv_7" fromId="76" toId="77">
</dataflow>
<dataflow id="286" from="dout0_7_write_assig" to="mrv_7" fromId="58" toId="77">
</dataflow>
<dataflow id="287" from="mrv_7" to="mrv_8" fromId="77" toId="78">
</dataflow>
<dataflow id="288" from="dout0_8_write_assig" to="mrv_8" fromId="61" toId="78">
</dataflow>
<dataflow id="289" from="mrv_8" to="mrv_9" fromId="78" toId="79">
</dataflow>
<dataflow id="290" from="dout0_9_write_assig" to="mrv_9" fromId="60" toId="79">
</dataflow>
<dataflow id="291" from="mrv_9" to="mrv_10" fromId="79" toId="80">
</dataflow>
<dataflow id="292" from="dout0_10_write_assi" to="mrv_10" fromId="59" toId="80">
</dataflow>
<dataflow id="293" from="mrv_10" to="mrv_s" fromId="80" toId="81">
</dataflow>
<dataflow id="294" from="shift_reg1_regs_3_lo" to="mrv_s" fromId="69" toId="81">
</dataflow>
<dataflow id="295" from="mrv_s" to="ret_ln54" fromId="81" toId="82">
</dataflow>
<dataflow id="296" from="en_read" to="StgValue_1" fromId="3" toId="1">
</dataflow>
</dataflows>


</stg>
