<profile>

<section name = "Vivado HLS Report for 'shift_reg_ip'" level="0">
<item name = "Date">Thu Apr  8 07:05:21 2021
</item>
<item name = "Version">2019.2 (Build 2704478 on Wed Nov 06 22:10:23 MST 2019)</item>
<item name = "Project">Shift_Register</item>
<item name = "Solution">solution1</item>
<item name = "Product family">zynq</item>
<item name = "Target device">xc7z020-clg400-1</item>
</section>

<section name = "Performance Estimates" level="0">
<item name = "Timing">
<section name = "" level="1">
<item name = "Summary"><table name="" hasTotal="0">
<keys size="4">Clock, Target, Estimated, Uncertainty</keys>
<column name="ap_clk">10.00 ns, 1.617 ns, 1.25 ns</column>
</table>
</item>
</section>
</item>
<item name = "Latency">
<section name = "" level="1">
<item name = "Summary"><table name="" hasTotal="0">
<keys size="8">, min, max, min, max, min, max, Type</keys>
<column name="">12, 12, 0.120 us, 0.120 us, 12, 12, none</column>
</table>
</item>
<item name = "Detail">
<section name = "" level="1">
<item name = "Instance"><table name="" hasTotal="0">
<keys size="9">Instance, Module, min, max, min, max, min, max, Type</keys>
</table>
</item>
<item name = "Loop"><table name="" hasTotal="0">
<keys size="8">Loop Name, min, max, Latency, achieved, target, Count, Pipelined</keys>
</table>
</item>
</section>
</item>
</section>
</item>
</section>

<section name = "Utilization Estimates" level="0">
<item name = "Summary"><table name="" hasTotal="1">
<keys size="6">Name, BRAM_18K, DSP48E, FF, LUT, URAM</keys>
<column name="DSP">-, -, -, -, -</column>
<column name="Expression">-, -, -, -, -</column>
<column name="FIFO">-, -, -, -, -</column>
<column name="Instance">-, -, -, -, -</column>
<column name="Memory">0, -, 64, 32, -</column>
<column name="Multiplexer">-, -, -, 133, -</column>
<column name="Register">-, -, 101, -, -</column>
<specialColumn name="Available">280, 220, 106400, 53200, 0</specialColumn>
<specialColumn name="Utilization (%)">0, 0, ~0, ~0, 0</specialColumn>
</table>
</item>
<item name = "Detail">
<section name = "" level="1">
<item name = "Instance"><table name="" hasTotal="1">
<keys size="7">Instance, Module, BRAM_18K, DSP48E, FF, LUT, URAM</keys>
</table>
</item>
<item name = "DSP48E"><table name="" hasTotal="0">
<keys size="3">Instance, Module, Expression</keys>
</table>
</item>
<item name = "Memory"><table name="" hasTotal="1">
<keys size="10">Memory, Module, BRAM_18K, FF, LUT, URAM, Words, Bits, Banks, W*Bits*Banks</keys>
<column name="Sreg_Array_U">shift_reg_ip_Sregbkb, 0, 64, 32, 0, 12, 32, 1, 384</column>
</table>
</item>
<item name = "FIFO"><table name="" hasTotal="1">
<keys size="8">Name, BRAM_18K, FF, LUT, URAM, Depth, Bits, Size:D*B</keys>
</table>
</item>
<item name = "Expression"><table name="" hasTotal="1">
<keys size="7">Variable Name, Operation, DSP48E, FF, LUT, Bitwidth P0, Bitwidth P1</keys>
</table>
</item>
<item name = "Multiplexer"><table name="" hasTotal="1">
<keys size="5">Name, LUT, Input Size, Bits, Total Bits</keys>
<column name="Sreg_Array_address0">56, 13, 4, 52</column>
<column name="Sreg_Array_ce0">9, 2, 1, 2</column>
<column name="Sreg_Array_we0">9, 2, 1, 2</column>
<column name="ap_NS_fsm">59, 14, 1, 14</column>
</table>
</item>
<item name = "Register"><table name="" hasTotal="1">
<keys size="5">Name, FF, LUT, Bits, Const Bits</keys>
<column name="ap_CS_fsm">13, 0, 13, 0</column>
<column name="trunc_ln25_10_reg_347">8, 0, 8, 0</column>
<column name="trunc_ln25_1_reg_302">8, 0, 8, 0</column>
<column name="trunc_ln25_2_reg_307">8, 0, 8, 0</column>
<column name="trunc_ln25_3_reg_312">8, 0, 8, 0</column>
<column name="trunc_ln25_4_reg_317">8, 0, 8, 0</column>
<column name="trunc_ln25_5_reg_322">8, 0, 8, 0</column>
<column name="trunc_ln25_6_reg_327">8, 0, 8, 0</column>
<column name="trunc_ln25_7_reg_332">8, 0, 8, 0</column>
<column name="trunc_ln25_8_reg_337">8, 0, 8, 0</column>
<column name="trunc_ln25_9_reg_342">8, 0, 8, 0</column>
<column name="trunc_ln25_reg_297">8, 0, 8, 0</column>
</table>
</item>
</section>
</item>
</section>

<section name = "Interface" level="0">
<item name = "Summary"><table name="" hasTotal="0">
<keys size="6">RTL Ports, Dir, Bits, Protocol, Source Object, C Type</keys>
<column name="ap_clk">in, 1, ap_ctrl_hs, shift_reg_ip, return value</column>
<column name="ap_rst">in, 1, ap_ctrl_hs, shift_reg_ip, return value</column>
<column name="ap_start">in, 1, ap_ctrl_hs, shift_reg_ip, return value</column>
<column name="ap_done">out, 1, ap_ctrl_hs, shift_reg_ip, return value</column>
<column name="ap_idle">out, 1, ap_ctrl_hs, shift_reg_ip, return value</column>
<column name="ap_ready">out, 1, ap_ctrl_hs, shift_reg_ip, return value</column>
<column name="ap_return_0">out, 8, ap_ctrl_hs, shift_reg_ip, return value</column>
<column name="ap_return_1">out, 8, ap_ctrl_hs, shift_reg_ip, return value</column>
<column name="ap_return_2">out, 8, ap_ctrl_hs, shift_reg_ip, return value</column>
<column name="ap_return_3">out, 8, ap_ctrl_hs, shift_reg_ip, return value</column>
<column name="ap_return_4">out, 8, ap_ctrl_hs, shift_reg_ip, return value</column>
<column name="ap_return_5">out, 8, ap_ctrl_hs, shift_reg_ip, return value</column>
<column name="ap_return_6">out, 8, ap_ctrl_hs, shift_reg_ip, return value</column>
<column name="ap_return_7">out, 8, ap_ctrl_hs, shift_reg_ip, return value</column>
<column name="ap_return_8">out, 8, ap_ctrl_hs, shift_reg_ip, return value</column>
<column name="ap_return_9">out, 8, ap_ctrl_hs, shift_reg_ip, return value</column>
<column name="ap_return_10">out, 8, ap_ctrl_hs, shift_reg_ip, return value</column>
<column name="ap_return_11">out, 8, ap_ctrl_hs, shift_reg_ip, return value</column>
<column name="din">in, 8, ap_none, din, scalar</column>
<column name="en">in, 1, ap_none, en, scalar</column>
</table>
</item>
</section>
</profile>
