<stg><name>shift_reg_load</name>


<trans_list>
</trans_list>



<state_list>

<state id="1" st_id="1">

<operation id="2" st_id="1" stage="1" lat="1">
<core>NULL</core>
<MemPortIdVec></MemPortIdVec>
<condition id="-1">
<or_exp><and_exp></and_exp></or_exp>
</condition>

<Node id="27" bw="1" op_0_bw="1" op_1_bw="1">
<![CDATA[
.preheader.preheader:0  %load_read = call i1 @_ssdm_op_Read.ap_auto.i1(i1 %load)

]]></Node>
<StgValue><ssdm name="load_read"/></StgValue>
</operation>

<operation id="3" st_id="1" stage="1" lat="1">
<core>NULL</core>
<MemPortIdVec></MemPortIdVec>
<condition id="-1">
<or_exp><and_exp></and_exp></or_exp>
</condition>

<Node id="28" bw="8" op_0_bw="8" op_1_bw="8">
<![CDATA[
.preheader.preheader:1  %load_data_11_read_1 = call i8 @_ssdm_op_Read.ap_auto.i8(i8 %load_data_11_read)

]]></Node>
<StgValue><ssdm name="load_data_11_read_1"/></StgValue>
</operation>

<operation id="4" st_id="1" stage="1" lat="1">
<core>NULL</core>
<MemPortIdVec></MemPortIdVec>
<condition id="-1">
<or_exp><and_exp></and_exp></or_exp>
</condition>

<Node id="29" bw="8" op_0_bw="8" op_1_bw="8">
<![CDATA[
.preheader.preheader:2  %load_data_10_read_1 = call i8 @_ssdm_op_Read.ap_auto.i8(i8 %load_data_10_read)

]]></Node>
<StgValue><ssdm name="load_data_10_read_1"/></StgValue>
</operation>

<operation id="5" st_id="1" stage="1" lat="1">
<core>NULL</core>
<MemPortIdVec></MemPortIdVec>
<condition id="-1">
<or_exp><and_exp></and_exp></or_exp>
</condition>

<Node id="30" bw="8" op_0_bw="8" op_1_bw="8">
<![CDATA[
.preheader.preheader:3  %load_data_9_read_1 = call i8 @_ssdm_op_Read.ap_auto.i8(i8 %load_data_9_read)

]]></Node>
<StgValue><ssdm name="load_data_9_read_1"/></StgValue>
</operation>

<operation id="6" st_id="1" stage="1" lat="1">
<core>NULL</core>
<MemPortIdVec></MemPortIdVec>
<condition id="-1">
<or_exp><and_exp></and_exp></or_exp>
</condition>

<Node id="31" bw="8" op_0_bw="8" op_1_bw="8">
<![CDATA[
.preheader.preheader:4  %load_data_8_read_1 = call i8 @_ssdm_op_Read.ap_auto.i8(i8 %load_data_8_read)

]]></Node>
<StgValue><ssdm name="load_data_8_read_1"/></StgValue>
</operation>

<operation id="7" st_id="1" stage="1" lat="1">
<core>NULL</core>
<MemPortIdVec></MemPortIdVec>
<condition id="-1">
<or_exp><and_exp></and_exp></or_exp>
</condition>

<Node id="32" bw="8" op_0_bw="8" op_1_bw="8">
<![CDATA[
.preheader.preheader:5  %load_data_7_read_1 = call i8 @_ssdm_op_Read.ap_auto.i8(i8 %load_data_7_read)

]]></Node>
<StgValue><ssdm name="load_data_7_read_1"/></StgValue>
</operation>

<operation id="8" st_id="1" stage="1" lat="1">
<core>NULL</core>
<MemPortIdVec></MemPortIdVec>
<condition id="-1">
<or_exp><and_exp></and_exp></or_exp>
</condition>

<Node id="33" bw="8" op_0_bw="8" op_1_bw="8">
<![CDATA[
.preheader.preheader:6  %load_data_6_read_1 = call i8 @_ssdm_op_Read.ap_auto.i8(i8 %load_data_6_read)

]]></Node>
<StgValue><ssdm name="load_data_6_read_1"/></StgValue>
</operation>

<operation id="9" st_id="1" stage="1" lat="1">
<core>NULL</core>
<MemPortIdVec></MemPortIdVec>
<condition id="-1">
<or_exp><and_exp></and_exp></or_exp>
</condition>

<Node id="34" bw="8" op_0_bw="8" op_1_bw="8">
<![CDATA[
.preheader.preheader:7  %load_data_5_read_1 = call i8 @_ssdm_op_Read.ap_auto.i8(i8 %load_data_5_read)

]]></Node>
<StgValue><ssdm name="load_data_5_read_1"/></StgValue>
</operation>

<operation id="10" st_id="1" stage="1" lat="1">
<core>NULL</core>
<MemPortIdVec></MemPortIdVec>
<condition id="-1">
<or_exp><and_exp></and_exp></or_exp>
</condition>

<Node id="35" bw="8" op_0_bw="8" op_1_bw="8">
<![CDATA[
.preheader.preheader:8  %load_data_4_read_1 = call i8 @_ssdm_op_Read.ap_auto.i8(i8 %load_data_4_read)

]]></Node>
<StgValue><ssdm name="load_data_4_read_1"/></StgValue>
</operation>

<operation id="11" st_id="1" stage="1" lat="1">
<core>NULL</core>
<MemPortIdVec></MemPortIdVec>
<condition id="-1">
<or_exp><and_exp></and_exp></or_exp>
</condition>

<Node id="36" bw="8" op_0_bw="8" op_1_bw="8">
<![CDATA[
.preheader.preheader:9  %load_data_3_read_1 = call i8 @_ssdm_op_Read.ap_auto.i8(i8 %load_data_3_read)

]]></Node>
<StgValue><ssdm name="load_data_3_read_1"/></StgValue>
</operation>

<operation id="12" st_id="1" stage="1" lat="1">
<core>NULL</core>
<MemPortIdVec></MemPortIdVec>
<condition id="-1">
<or_exp><and_exp></and_exp></or_exp>
</condition>

<Node id="37" bw="8" op_0_bw="8" op_1_bw="8">
<![CDATA[
.preheader.preheader:10  %load_data_2_read_1 = call i8 @_ssdm_op_Read.ap_auto.i8(i8 %load_data_2_read)

]]></Node>
<StgValue><ssdm name="load_data_2_read_1"/></StgValue>
</operation>

<operation id="13" st_id="1" stage="1" lat="1">
<core>NULL</core>
<MemPortIdVec></MemPortIdVec>
<condition id="-1">
<or_exp><and_exp></and_exp></or_exp>
</condition>

<Node id="38" bw="8" op_0_bw="8" op_1_bw="8">
<![CDATA[
.preheader.preheader:11  %load_data_1_read_1 = call i8 @_ssdm_op_Read.ap_auto.i8(i8 %load_data_1_read)

]]></Node>
<StgValue><ssdm name="load_data_1_read_1"/></StgValue>
</operation>

<operation id="14" st_id="1" stage="1" lat="1">
<core>NULL</core>
<MemPortIdVec></MemPortIdVec>
<condition id="-1">
<or_exp><and_exp></and_exp></or_exp>
</condition>

<Node id="39" bw="8" op_0_bw="8" op_1_bw="8">
<![CDATA[
.preheader.preheader:12  %load_data_0_read_1 = call i8 @_ssdm_op_Read.ap_auto.i8(i8 %load_data_0_read)

]]></Node>
<StgValue><ssdm name="load_data_0_read_1"/></StgValue>
</operation>

<operation id="15" st_id="1" stage="1" lat="1">
<core>NULL</core>
<MemPortIdVec></MemPortIdVec>
<condition id="-1">
<or_exp><and_exp></and_exp></or_exp>
</condition>

<Node id="40" bw="8" op_0_bw="8" op_1_bw="8">
<![CDATA[
.preheader.preheader:13  %din_read = call i8 @_ssdm_op_Read.ap_auto.i8(i8 %din)

]]></Node>
<StgValue><ssdm name="din_read"/></StgValue>
</operation>

<operation id="16" st_id="1" stage="1" lat="1">
<core>NULL</core>
<MemPortIdVec></MemPortIdVec>
<condition id="-1">
<or_exp><and_exp><literal name="load_read" val="0"/>
</and_exp></or_exp>
</condition>

<Node id="41" bw="8" op_0_bw="8">
<![CDATA[
.preheader.preheader:14  %regs_7_10_load = load i8* @regs_7_10, align 1

]]></Node>
<StgValue><ssdm name="regs_7_10_load"/></StgValue>
</operation>

<operation id="17" st_id="1" stage="1" lat="1">
<core>Sel</core>
<MemPortIdVec></MemPortIdVec>
<condition id="-1">
<or_exp><and_exp></and_exp></or_exp>
</condition>

<Node id="42" bw="8" op_0_bw="1" op_1_bw="8" op_2_bw="8">
<![CDATA[
.preheader.preheader:15  %select_ln15 = select i1 %load_read, i8 %load_data_11_read_1, i8 %regs_7_10_load

]]></Node>
<StgValue><ssdm name="select_ln15"/></StgValue>
</operation>

<operation id="18" st_id="1" stage="1" lat="1">
<core>NULL</core>
<MemPortIdVec></MemPortIdVec>
<condition id="-1">
<or_exp><and_exp><literal name="load_read" val="0"/>
</and_exp></or_exp>
</condition>

<Node id="43" bw="8" op_0_bw="8">
<![CDATA[
.preheader.preheader:16  %regs_7_9_load = load i8* @regs_7_9, align 1

]]></Node>
<StgValue><ssdm name="regs_7_9_load"/></StgValue>
</operation>

<operation id="19" st_id="1" stage="1" lat="1">
<core>Sel</core>
<MemPortIdVec></MemPortIdVec>
<condition id="-1">
<or_exp><and_exp></and_exp></or_exp>
</condition>

<Node id="44" bw="8" op_0_bw="1" op_1_bw="8" op_2_bw="8">
<![CDATA[
.preheader.preheader:17  %select_ln15_1 = select i1 %load_read, i8 %load_data_10_read_1, i8 %regs_7_9_load

]]></Node>
<StgValue><ssdm name="select_ln15_1"/></StgValue>
</operation>

<operation id="20" st_id="1" stage="1" lat="1">
<core>NULL</core>
<MemPortIdVec></MemPortIdVec>
<condition id="-1">
<or_exp><and_exp></and_exp></or_exp>
</condition>

<Node id="45" bw="0" op_0_bw="8" op_1_bw="8" op_2_bw="8">
<![CDATA[
.preheader.preheader:18  store i8 %select_ln15_1, i8* @regs_7_10, align 1

]]></Node>
<StgValue><ssdm name="store_ln16"/></StgValue>
</operation>

<operation id="21" st_id="1" stage="1" lat="1">
<core>NULL</core>
<MemPortIdVec></MemPortIdVec>
<condition id="-1">
<or_exp><and_exp><literal name="load_read" val="0"/>
</and_exp></or_exp>
</condition>

<Node id="46" bw="8" op_0_bw="8">
<![CDATA[
.preheader.preheader:19  %regs_7_8_load = load i8* @regs_7_8, align 1

]]></Node>
<StgValue><ssdm name="regs_7_8_load"/></StgValue>
</operation>

<operation id="22" st_id="1" stage="1" lat="1">
<core>Sel</core>
<MemPortIdVec></MemPortIdVec>
<condition id="-1">
<or_exp><and_exp></and_exp></or_exp>
</condition>

<Node id="47" bw="8" op_0_bw="1" op_1_bw="8" op_2_bw="8">
<![CDATA[
.preheader.preheader:20  %select_ln15_2 = select i1 %load_read, i8 %load_data_9_read_1, i8 %regs_7_8_load

]]></Node>
<StgValue><ssdm name="select_ln15_2"/></StgValue>
</operation>

<operation id="23" st_id="1" stage="1" lat="1">
<core>NULL</core>
<MemPortIdVec></MemPortIdVec>
<condition id="-1">
<or_exp><and_exp></and_exp></or_exp>
</condition>

<Node id="48" bw="0" op_0_bw="8" op_1_bw="8" op_2_bw="8">
<![CDATA[
.preheader.preheader:21  store i8 %select_ln15_2, i8* @regs_7_9, align 1

]]></Node>
<StgValue><ssdm name="store_ln16"/></StgValue>
</operation>

<operation id="24" st_id="1" stage="1" lat="1">
<core>NULL</core>
<MemPortIdVec></MemPortIdVec>
<condition id="-1">
<or_exp><and_exp><literal name="load_read" val="0"/>
</and_exp></or_exp>
</condition>

<Node id="49" bw="8" op_0_bw="8">
<![CDATA[
.preheader.preheader:22  %regs_7_7_load = load i8* @regs_7_7, align 1

]]></Node>
<StgValue><ssdm name="regs_7_7_load"/></StgValue>
</operation>

<operation id="25" st_id="1" stage="1" lat="1">
<core>Sel</core>
<MemPortIdVec></MemPortIdVec>
<condition id="-1">
<or_exp><and_exp></and_exp></or_exp>
</condition>

<Node id="50" bw="8" op_0_bw="1" op_1_bw="8" op_2_bw="8">
<![CDATA[
.preheader.preheader:23  %select_ln15_3 = select i1 %load_read, i8 %load_data_8_read_1, i8 %regs_7_7_load

]]></Node>
<StgValue><ssdm name="select_ln15_3"/></StgValue>
</operation>

<operation id="26" st_id="1" stage="1" lat="1">
<core>NULL</core>
<MemPortIdVec></MemPortIdVec>
<condition id="-1">
<or_exp><and_exp></and_exp></or_exp>
</condition>

<Node id="51" bw="0" op_0_bw="8" op_1_bw="8" op_2_bw="8">
<![CDATA[
.preheader.preheader:24  store i8 %select_ln15_3, i8* @regs_7_8, align 1

]]></Node>
<StgValue><ssdm name="store_ln16"/></StgValue>
</operation>

<operation id="27" st_id="1" stage="1" lat="1">
<core>NULL</core>
<MemPortIdVec></MemPortIdVec>
<condition id="-1">
<or_exp><and_exp><literal name="load_read" val="0"/>
</and_exp></or_exp>
</condition>

<Node id="52" bw="8" op_0_bw="8">
<![CDATA[
.preheader.preheader:25  %regs_7_6_load = load i8* @regs_7_6, align 1

]]></Node>
<StgValue><ssdm name="regs_7_6_load"/></StgValue>
</operation>

<operation id="28" st_id="1" stage="1" lat="1">
<core>Sel</core>
<MemPortIdVec></MemPortIdVec>
<condition id="-1">
<or_exp><and_exp></and_exp></or_exp>
</condition>

<Node id="53" bw="8" op_0_bw="1" op_1_bw="8" op_2_bw="8">
<![CDATA[
.preheader.preheader:26  %select_ln15_4 = select i1 %load_read, i8 %load_data_7_read_1, i8 %regs_7_6_load

]]></Node>
<StgValue><ssdm name="select_ln15_4"/></StgValue>
</operation>

<operation id="29" st_id="1" stage="1" lat="1">
<core>NULL</core>
<MemPortIdVec></MemPortIdVec>
<condition id="-1">
<or_exp><and_exp></and_exp></or_exp>
</condition>

<Node id="54" bw="0" op_0_bw="8" op_1_bw="8" op_2_bw="8">
<![CDATA[
.preheader.preheader:27  store i8 %select_ln15_4, i8* @regs_7_7, align 1

]]></Node>
<StgValue><ssdm name="store_ln16"/></StgValue>
</operation>

<operation id="30" st_id="1" stage="1" lat="1">
<core>NULL</core>
<MemPortIdVec></MemPortIdVec>
<condition id="-1">
<or_exp><and_exp><literal name="load_read" val="0"/>
</and_exp></or_exp>
</condition>

<Node id="55" bw="8" op_0_bw="8">
<![CDATA[
.preheader.preheader:28  %regs_7_5_load = load i8* @regs_7_5, align 1

]]></Node>
<StgValue><ssdm name="regs_7_5_load"/></StgValue>
</operation>

<operation id="31" st_id="1" stage="1" lat="1">
<core>Sel</core>
<MemPortIdVec></MemPortIdVec>
<condition id="-1">
<or_exp><and_exp></and_exp></or_exp>
</condition>

<Node id="56" bw="8" op_0_bw="1" op_1_bw="8" op_2_bw="8">
<![CDATA[
.preheader.preheader:29  %select_ln15_5 = select i1 %load_read, i8 %load_data_6_read_1, i8 %regs_7_5_load

]]></Node>
<StgValue><ssdm name="select_ln15_5"/></StgValue>
</operation>

<operation id="32" st_id="1" stage="1" lat="1">
<core>NULL</core>
<MemPortIdVec></MemPortIdVec>
<condition id="-1">
<or_exp><and_exp></and_exp></or_exp>
</condition>

<Node id="57" bw="0" op_0_bw="8" op_1_bw="8" op_2_bw="8">
<![CDATA[
.preheader.preheader:30  store i8 %select_ln15_5, i8* @regs_7_6, align 1

]]></Node>
<StgValue><ssdm name="store_ln16"/></StgValue>
</operation>

<operation id="33" st_id="1" stage="1" lat="1">
<core>NULL</core>
<MemPortIdVec></MemPortIdVec>
<condition id="-1">
<or_exp><and_exp><literal name="load_read" val="0"/>
</and_exp></or_exp>
</condition>

<Node id="58" bw="8" op_0_bw="8">
<![CDATA[
.preheader.preheader:31  %regs_7_4_load = load i8* @regs_7_4, align 1

]]></Node>
<StgValue><ssdm name="regs_7_4_load"/></StgValue>
</operation>

<operation id="34" st_id="1" stage="1" lat="1">
<core>Sel</core>
<MemPortIdVec></MemPortIdVec>
<condition id="-1">
<or_exp><and_exp></and_exp></or_exp>
</condition>

<Node id="59" bw="8" op_0_bw="1" op_1_bw="8" op_2_bw="8">
<![CDATA[
.preheader.preheader:32  %select_ln15_6 = select i1 %load_read, i8 %load_data_5_read_1, i8 %regs_7_4_load

]]></Node>
<StgValue><ssdm name="select_ln15_6"/></StgValue>
</operation>

<operation id="35" st_id="1" stage="1" lat="1">
<core>NULL</core>
<MemPortIdVec></MemPortIdVec>
<condition id="-1">
<or_exp><and_exp></and_exp></or_exp>
</condition>

<Node id="60" bw="0" op_0_bw="8" op_1_bw="8" op_2_bw="8">
<![CDATA[
.preheader.preheader:33  store i8 %select_ln15_6, i8* @regs_7_5, align 1

]]></Node>
<StgValue><ssdm name="store_ln16"/></StgValue>
</operation>

<operation id="36" st_id="1" stage="1" lat="1">
<core>NULL</core>
<MemPortIdVec></MemPortIdVec>
<condition id="-1">
<or_exp><and_exp><literal name="load_read" val="0"/>
</and_exp></or_exp>
</condition>

<Node id="61" bw="8" op_0_bw="8">
<![CDATA[
.preheader.preheader:34  %regs_7_3_load = load i8* @regs_7_3, align 1

]]></Node>
<StgValue><ssdm name="regs_7_3_load"/></StgValue>
</operation>

<operation id="37" st_id="1" stage="1" lat="1">
<core>Sel</core>
<MemPortIdVec></MemPortIdVec>
<condition id="-1">
<or_exp><and_exp></and_exp></or_exp>
</condition>

<Node id="62" bw="8" op_0_bw="1" op_1_bw="8" op_2_bw="8">
<![CDATA[
.preheader.preheader:35  %select_ln15_7 = select i1 %load_read, i8 %load_data_4_read_1, i8 %regs_7_3_load

]]></Node>
<StgValue><ssdm name="select_ln15_7"/></StgValue>
</operation>

<operation id="38" st_id="1" stage="1" lat="1">
<core>NULL</core>
<MemPortIdVec></MemPortIdVec>
<condition id="-1">
<or_exp><and_exp></and_exp></or_exp>
</condition>

<Node id="63" bw="0" op_0_bw="8" op_1_bw="8" op_2_bw="8">
<![CDATA[
.preheader.preheader:36  store i8 %select_ln15_7, i8* @regs_7_4, align 1

]]></Node>
<StgValue><ssdm name="store_ln16"/></StgValue>
</operation>

<operation id="39" st_id="1" stage="1" lat="1">
<core>NULL</core>
<MemPortIdVec></MemPortIdVec>
<condition id="-1">
<or_exp><and_exp><literal name="load_read" val="0"/>
</and_exp></or_exp>
</condition>

<Node id="64" bw="8" op_0_bw="8">
<![CDATA[
.preheader.preheader:37  %regs_7_2_load = load i8* @regs_7_2, align 1

]]></Node>
<StgValue><ssdm name="regs_7_2_load"/></StgValue>
</operation>

<operation id="40" st_id="1" stage="1" lat="1">
<core>Sel</core>
<MemPortIdVec></MemPortIdVec>
<condition id="-1">
<or_exp><and_exp></and_exp></or_exp>
</condition>

<Node id="65" bw="8" op_0_bw="1" op_1_bw="8" op_2_bw="8">
<![CDATA[
.preheader.preheader:38  %select_ln15_8 = select i1 %load_read, i8 %load_data_3_read_1, i8 %regs_7_2_load

]]></Node>
<StgValue><ssdm name="select_ln15_8"/></StgValue>
</operation>

<operation id="41" st_id="1" stage="1" lat="1">
<core>NULL</core>
<MemPortIdVec></MemPortIdVec>
<condition id="-1">
<or_exp><and_exp></and_exp></or_exp>
</condition>

<Node id="66" bw="0" op_0_bw="8" op_1_bw="8" op_2_bw="8">
<![CDATA[
.preheader.preheader:39  store i8 %select_ln15_8, i8* @regs_7_3, align 1

]]></Node>
<StgValue><ssdm name="store_ln16"/></StgValue>
</operation>

<operation id="42" st_id="1" stage="1" lat="1">
<core>NULL</core>
<MemPortIdVec></MemPortIdVec>
<condition id="-1">
<or_exp><and_exp><literal name="load_read" val="0"/>
</and_exp></or_exp>
</condition>

<Node id="67" bw="8" op_0_bw="8">
<![CDATA[
.preheader.preheader:40  %regs_7_1_load = load i8* @regs_7_1, align 1

]]></Node>
<StgValue><ssdm name="regs_7_1_load"/></StgValue>
</operation>

<operation id="43" st_id="1" stage="1" lat="1">
<core>Sel</core>
<MemPortIdVec></MemPortIdVec>
<condition id="-1">
<or_exp><and_exp></and_exp></or_exp>
</condition>

<Node id="68" bw="8" op_0_bw="1" op_1_bw="8" op_2_bw="8">
<![CDATA[
.preheader.preheader:41  %select_ln15_9 = select i1 %load_read, i8 %load_data_2_read_1, i8 %regs_7_1_load

]]></Node>
<StgValue><ssdm name="select_ln15_9"/></StgValue>
</operation>

<operation id="44" st_id="1" stage="1" lat="1">
<core>NULL</core>
<MemPortIdVec></MemPortIdVec>
<condition id="-1">
<or_exp><and_exp></and_exp></or_exp>
</condition>

<Node id="69" bw="0" op_0_bw="8" op_1_bw="8" op_2_bw="8">
<![CDATA[
.preheader.preheader:42  store i8 %select_ln15_9, i8* @regs_7_2, align 1

]]></Node>
<StgValue><ssdm name="store_ln16"/></StgValue>
</operation>

<operation id="45" st_id="1" stage="1" lat="1">
<core>NULL</core>
<MemPortIdVec></MemPortIdVec>
<condition id="-1">
<or_exp><and_exp><literal name="load_read" val="0"/>
</and_exp></or_exp>
</condition>

<Node id="70" bw="8" op_0_bw="8">
<![CDATA[
.preheader.preheader:43  %regs_7_0_load = load i8* @regs_7_0, align 1

]]></Node>
<StgValue><ssdm name="regs_7_0_load"/></StgValue>
</operation>

<operation id="46" st_id="1" stage="1" lat="1">
<core>Sel</core>
<MemPortIdVec></MemPortIdVec>
<condition id="-1">
<or_exp><and_exp></and_exp></or_exp>
</condition>

<Node id="71" bw="8" op_0_bw="1" op_1_bw="8" op_2_bw="8">
<![CDATA[
.preheader.preheader:44  %select_ln15_10 = select i1 %load_read, i8 %load_data_1_read_1, i8 %regs_7_0_load

]]></Node>
<StgValue><ssdm name="select_ln15_10"/></StgValue>
</operation>

<operation id="47" st_id="1" stage="1" lat="1">
<core>NULL</core>
<MemPortIdVec></MemPortIdVec>
<condition id="-1">
<or_exp><and_exp></and_exp></or_exp>
</condition>

<Node id="72" bw="0" op_0_bw="8" op_1_bw="8" op_2_bw="8">
<![CDATA[
.preheader.preheader:45  store i8 %select_ln15_10, i8* @regs_7_1, align 1

]]></Node>
<StgValue><ssdm name="store_ln16"/></StgValue>
</operation>

<operation id="48" st_id="1" stage="1" lat="1">
<core>Sel</core>
<MemPortIdVec></MemPortIdVec>
<condition id="-1">
<or_exp><and_exp></and_exp></or_exp>
</condition>

<Node id="73" bw="8" op_0_bw="1" op_1_bw="8" op_2_bw="8">
<![CDATA[
.preheader.preheader:46  %select_ln15_11 = select i1 %load_read, i8 %load_data_0_read_1, i8 %din_read

]]></Node>
<StgValue><ssdm name="select_ln15_11"/></StgValue>
</operation>

<operation id="49" st_id="1" stage="1" lat="1">
<core>NULL</core>
<MemPortIdVec></MemPortIdVec>
<condition id="-1">
<or_exp><and_exp></and_exp></or_exp>
</condition>

<Node id="74" bw="0" op_0_bw="8" op_1_bw="8" op_2_bw="8">
<![CDATA[
.preheader.preheader:47  store i8 %select_ln15_11, i8* @regs_7_0, align 1

]]></Node>
<StgValue><ssdm name="store_ln16"/></StgValue>
</operation>

<operation id="50" st_id="1" stage="1" lat="1">
<core>NULL</core>
<MemPortIdVec></MemPortIdVec>
<condition id="-1">
<or_exp><and_exp></and_exp></or_exp>
</condition>

<Node id="75" bw="96" op_0_bw="96" op_1_bw="8">
<![CDATA[
.preheader.preheader:48  %mrv = insertvalue { i8, i8, i8, i8, i8, i8, i8, i8, i8, i8, i8, i8 } undef, i8 %select_ln15_11, 0

]]></Node>
<StgValue><ssdm name="mrv"/></StgValue>
</operation>

<operation id="51" st_id="1" stage="1" lat="1">
<core>NULL</core>
<MemPortIdVec></MemPortIdVec>
<condition id="-1">
<or_exp><and_exp></and_exp></or_exp>
</condition>

<Node id="76" bw="96" op_0_bw="96" op_1_bw="8">
<![CDATA[
.preheader.preheader:49  %mrv_1 = insertvalue { i8, i8, i8, i8, i8, i8, i8, i8, i8, i8, i8, i8 } %mrv, i8 %select_ln15_10, 1

]]></Node>
<StgValue><ssdm name="mrv_1"/></StgValue>
</operation>

<operation id="52" st_id="1" stage="1" lat="1">
<core>NULL</core>
<MemPortIdVec></MemPortIdVec>
<condition id="-1">
<or_exp><and_exp></and_exp></or_exp>
</condition>

<Node id="77" bw="96" op_0_bw="96" op_1_bw="8">
<![CDATA[
.preheader.preheader:50  %mrv_2 = insertvalue { i8, i8, i8, i8, i8, i8, i8, i8, i8, i8, i8, i8 } %mrv_1, i8 %select_ln15_9, 2

]]></Node>
<StgValue><ssdm name="mrv_2"/></StgValue>
</operation>

<operation id="53" st_id="1" stage="1" lat="1">
<core>NULL</core>
<MemPortIdVec></MemPortIdVec>
<condition id="-1">
<or_exp><and_exp></and_exp></or_exp>
</condition>

<Node id="78" bw="96" op_0_bw="96" op_1_bw="8">
<![CDATA[
.preheader.preheader:51  %mrv_3 = insertvalue { i8, i8, i8, i8, i8, i8, i8, i8, i8, i8, i8, i8 } %mrv_2, i8 %select_ln15_8, 3

]]></Node>
<StgValue><ssdm name="mrv_3"/></StgValue>
</operation>

<operation id="54" st_id="1" stage="1" lat="1">
<core>NULL</core>
<MemPortIdVec></MemPortIdVec>
<condition id="-1">
<or_exp><and_exp></and_exp></or_exp>
</condition>

<Node id="79" bw="96" op_0_bw="96" op_1_bw="8">
<![CDATA[
.preheader.preheader:52  %mrv_4 = insertvalue { i8, i8, i8, i8, i8, i8, i8, i8, i8, i8, i8, i8 } %mrv_3, i8 %select_ln15_7, 4

]]></Node>
<StgValue><ssdm name="mrv_4"/></StgValue>
</operation>

<operation id="55" st_id="1" stage="1" lat="1">
<core>NULL</core>
<MemPortIdVec></MemPortIdVec>
<condition id="-1">
<or_exp><and_exp></and_exp></or_exp>
</condition>

<Node id="80" bw="96" op_0_bw="96" op_1_bw="8">
<![CDATA[
.preheader.preheader:53  %mrv_5 = insertvalue { i8, i8, i8, i8, i8, i8, i8, i8, i8, i8, i8, i8 } %mrv_4, i8 %select_ln15_6, 5

]]></Node>
<StgValue><ssdm name="mrv_5"/></StgValue>
</operation>

<operation id="56" st_id="1" stage="1" lat="1">
<core>NULL</core>
<MemPortIdVec></MemPortIdVec>
<condition id="-1">
<or_exp><and_exp></and_exp></or_exp>
</condition>

<Node id="81" bw="96" op_0_bw="96" op_1_bw="8">
<![CDATA[
.preheader.preheader:54  %mrv_6 = insertvalue { i8, i8, i8, i8, i8, i8, i8, i8, i8, i8, i8, i8 } %mrv_5, i8 %select_ln15_5, 6

]]></Node>
<StgValue><ssdm name="mrv_6"/></StgValue>
</operation>

<operation id="57" st_id="1" stage="1" lat="1">
<core>NULL</core>
<MemPortIdVec></MemPortIdVec>
<condition id="-1">
<or_exp><and_exp></and_exp></or_exp>
</condition>

<Node id="82" bw="96" op_0_bw="96" op_1_bw="8">
<![CDATA[
.preheader.preheader:55  %mrv_7 = insertvalue { i8, i8, i8, i8, i8, i8, i8, i8, i8, i8, i8, i8 } %mrv_6, i8 %select_ln15_4, 7

]]></Node>
<StgValue><ssdm name="mrv_7"/></StgValue>
</operation>

<operation id="58" st_id="1" stage="1" lat="1">
<core>NULL</core>
<MemPortIdVec></MemPortIdVec>
<condition id="-1">
<or_exp><and_exp></and_exp></or_exp>
</condition>

<Node id="83" bw="96" op_0_bw="96" op_1_bw="8">
<![CDATA[
.preheader.preheader:56  %mrv_8 = insertvalue { i8, i8, i8, i8, i8, i8, i8, i8, i8, i8, i8, i8 } %mrv_7, i8 %select_ln15_3, 8

]]></Node>
<StgValue><ssdm name="mrv_8"/></StgValue>
</operation>

<operation id="59" st_id="1" stage="1" lat="1">
<core>NULL</core>
<MemPortIdVec></MemPortIdVec>
<condition id="-1">
<or_exp><and_exp></and_exp></or_exp>
</condition>

<Node id="84" bw="96" op_0_bw="96" op_1_bw="8">
<![CDATA[
.preheader.preheader:57  %mrv_9 = insertvalue { i8, i8, i8, i8, i8, i8, i8, i8, i8, i8, i8, i8 } %mrv_8, i8 %select_ln15_2, 9

]]></Node>
<StgValue><ssdm name="mrv_9"/></StgValue>
</operation>

<operation id="60" st_id="1" stage="1" lat="1">
<core>NULL</core>
<MemPortIdVec></MemPortIdVec>
<condition id="-1">
<or_exp><and_exp></and_exp></or_exp>
</condition>

<Node id="85" bw="96" op_0_bw="96" op_1_bw="8">
<![CDATA[
.preheader.preheader:58  %mrv_10 = insertvalue { i8, i8, i8, i8, i8, i8, i8, i8, i8, i8, i8, i8 } %mrv_9, i8 %select_ln15_1, 10

]]></Node>
<StgValue><ssdm name="mrv_10"/></StgValue>
</operation>

<operation id="61" st_id="1" stage="1" lat="1">
<core>NULL</core>
<MemPortIdVec></MemPortIdVec>
<condition id="-1">
<or_exp><and_exp></and_exp></or_exp>
</condition>

<Node id="86" bw="96" op_0_bw="96" op_1_bw="8">
<![CDATA[
.preheader.preheader:59  %mrv_s = insertvalue { i8, i8, i8, i8, i8, i8, i8, i8, i8, i8, i8, i8 } %mrv_10, i8 %select_ln15, 11

]]></Node>
<StgValue><ssdm name="mrv_s"/></StgValue>
</operation>

<operation id="62" st_id="1" stage="1" lat="1">
<core>NULL</core>
<MemPortIdVec></MemPortIdVec>
<condition id="-1">
<or_exp><and_exp></and_exp></or_exp>
</condition>

<Node id="87" bw="0" op_0_bw="96">
<![CDATA[
.preheader.preheader:60  ret { i8, i8, i8, i8, i8, i8, i8, i8, i8, i8, i8, i8 } %mrv_s

]]></Node>
<StgValue><ssdm name="ret_ln30"/></StgValue>
</operation>
</state>
</state_list>


<ports>
<port id="63" name="din" dir="0" iftype="0">
<core>NULL</core><StgValue><ssdm name="din"/></StgValue>
</port>
<port id="64" name="load_data_0_read" dir="0" iftype="0">
<core>NULL</core><StgValue><ssdm name="load_data_0_read"/></StgValue>
</port>
<port id="65" name="load_data_1_read" dir="0" iftype="0">
<core>NULL</core><StgValue><ssdm name="load_data_1_read"/></StgValue>
</port>
<port id="66" name="load_data_2_read" dir="0" iftype="0">
<core>NULL</core><StgValue><ssdm name="load_data_2_read"/></StgValue>
</port>
<port id="67" name="load_data_3_read" dir="0" iftype="0">
<core>NULL</core><StgValue><ssdm name="load_data_3_read"/></StgValue>
</port>
<port id="68" name="load_data_4_read" dir="0" iftype="0">
<core>NULL</core><StgValue><ssdm name="load_data_4_read"/></StgValue>
</port>
<port id="69" name="load_data_5_read" dir="0" iftype="0">
<core>NULL</core><StgValue><ssdm name="load_data_5_read"/></StgValue>
</port>
<port id="70" name="load_data_6_read" dir="0" iftype="0">
<core>NULL</core><StgValue><ssdm name="load_data_6_read"/></StgValue>
</port>
<port id="71" name="load_data_7_read" dir="0" iftype="0">
<core>NULL</core><StgValue><ssdm name="load_data_7_read"/></StgValue>
</port>
<port id="72" name="load_data_8_read" dir="0" iftype="0">
<core>NULL</core><StgValue><ssdm name="load_data_8_read"/></StgValue>
</port>
<port id="73" name="load_data_9_read" dir="0" iftype="0">
<core>NULL</core><StgValue><ssdm name="load_data_9_read"/></StgValue>
</port>
<port id="74" name="load_data_10_read" dir="0" iftype="0">
<core>NULL</core><StgValue><ssdm name="load_data_10_read"/></StgValue>
</port>
<port id="75" name="load_data_11_read" dir="0" iftype="0">
<core>NULL</core><StgValue><ssdm name="load_data_11_read"/></StgValue>
</port>
<port id="76" name="load" dir="0" iftype="0">
<core>NULL</core><StgValue><ssdm name="load"/></StgValue>
</port>
<port id="77" name="regs_7_10" dir="2" iftype="0">
<core>NULL</core><StgValue><ssdm name="regs_7_10"/></StgValue>
</port>
<port id="78" name="regs_7_9" dir="2" iftype="0">
<core>NULL</core><StgValue><ssdm name="regs_7_9"/></StgValue>
</port>
<port id="79" name="regs_7_8" dir="2" iftype="0">
<core>NULL</core><StgValue><ssdm name="regs_7_8"/></StgValue>
</port>
<port id="80" name="regs_7_7" dir="2" iftype="0">
<core>NULL</core><StgValue><ssdm name="regs_7_7"/></StgValue>
</port>
<port id="81" name="regs_7_6" dir="2" iftype="0">
<core>NULL</core><StgValue><ssdm name="regs_7_6"/></StgValue>
</port>
<port id="82" name="regs_7_5" dir="2" iftype="0">
<core>NULL</core><StgValue><ssdm name="regs_7_5"/></StgValue>
</port>
<port id="83" name="regs_7_4" dir="2" iftype="0">
<core>NULL</core><StgValue><ssdm name="regs_7_4"/></StgValue>
</port>
<port id="84" name="regs_7_3" dir="2" iftype="0">
<core>NULL</core><StgValue><ssdm name="regs_7_3"/></StgValue>
</port>
<port id="85" name="regs_7_2" dir="2" iftype="0">
<core>NULL</core><StgValue><ssdm name="regs_7_2"/></StgValue>
</port>
<port id="86" name="regs_7_1" dir="2" iftype="0">
<core>NULL</core><StgValue><ssdm name="regs_7_1"/></StgValue>
</port>
<port id="87" name="regs_7_0" dir="2" iftype="0">
<core>NULL</core><StgValue><ssdm name="regs_7_0"/></StgValue>
</port>
</ports>


<dataflows>
<dataflow id="89" from="_ssdm_op_Read.ap_auto.i1" to="load_read" fromId="88" toId="2">
</dataflow>
<dataflow id="90" from="load" to="load_read" fromId="76" toId="2">
</dataflow>
<dataflow id="92" from="_ssdm_op_Read.ap_auto.i8" to="load_data_11_read_1" fromId="91" toId="3">
</dataflow>
<dataflow id="93" from="load_data_11_read" to="load_data_11_read_1" fromId="75" toId="3">
</dataflow>
<dataflow id="94" from="_ssdm_op_Read.ap_auto.i8" to="load_data_10_read_1" fromId="91" toId="4">
</dataflow>
<dataflow id="95" from="load_data_10_read" to="load_data_10_read_1" fromId="74" toId="4">
</dataflow>
<dataflow id="96" from="_ssdm_op_Read.ap_auto.i8" to="load_data_9_read_1" fromId="91" toId="5">
</dataflow>
<dataflow id="97" from="load_data_9_read" to="load_data_9_read_1" fromId="73" toId="5">
</dataflow>
<dataflow id="98" from="_ssdm_op_Read.ap_auto.i8" to="load_data_8_read_1" fromId="91" toId="6">
</dataflow>
<dataflow id="99" from="load_data_8_read" to="load_data_8_read_1" fromId="72" toId="6">
</dataflow>
<dataflow id="100" from="_ssdm_op_Read.ap_auto.i8" to="load_data_7_read_1" fromId="91" toId="7">
</dataflow>
<dataflow id="101" from="load_data_7_read" to="load_data_7_read_1" fromId="71" toId="7">
</dataflow>
<dataflow id="102" from="_ssdm_op_Read.ap_auto.i8" to="load_data_6_read_1" fromId="91" toId="8">
</dataflow>
<dataflow id="103" from="load_data_6_read" to="load_data_6_read_1" fromId="70" toId="8">
</dataflow>
<dataflow id="104" from="_ssdm_op_Read.ap_auto.i8" to="load_data_5_read_1" fromId="91" toId="9">
</dataflow>
<dataflow id="105" from="load_data_5_read" to="load_data_5_read_1" fromId="69" toId="9">
</dataflow>
<dataflow id="106" from="_ssdm_op_Read.ap_auto.i8" to="load_data_4_read_1" fromId="91" toId="10">
</dataflow>
<dataflow id="107" from="load_data_4_read" to="load_data_4_read_1" fromId="68" toId="10">
</dataflow>
<dataflow id="108" from="_ssdm_op_Read.ap_auto.i8" to="load_data_3_read_1" fromId="91" toId="11">
</dataflow>
<dataflow id="109" from="load_data_3_read" to="load_data_3_read_1" fromId="67" toId="11">
</dataflow>
<dataflow id="110" from="_ssdm_op_Read.ap_auto.i8" to="load_data_2_read_1" fromId="91" toId="12">
</dataflow>
<dataflow id="111" from="load_data_2_read" to="load_data_2_read_1" fromId="66" toId="12">
</dataflow>
<dataflow id="112" from="_ssdm_op_Read.ap_auto.i8" to="load_data_1_read_1" fromId="91" toId="13">
</dataflow>
<dataflow id="113" from="load_data_1_read" to="load_data_1_read_1" fromId="65" toId="13">
</dataflow>
<dataflow id="114" from="_ssdm_op_Read.ap_auto.i8" to="load_data_0_read_1" fromId="91" toId="14">
</dataflow>
<dataflow id="115" from="load_data_0_read" to="load_data_0_read_1" fromId="64" toId="14">
</dataflow>
<dataflow id="116" from="_ssdm_op_Read.ap_auto.i8" to="din_read" fromId="91" toId="15">
</dataflow>
<dataflow id="117" from="din" to="din_read" fromId="63" toId="15">
</dataflow>
<dataflow id="118" from="regs_7_10" to="regs_7_10_load" fromId="77" toId="16">
</dataflow>
<dataflow id="119" from="load_read" to="select_ln15" fromId="2" toId="17">
</dataflow>
<dataflow id="120" from="load_data_11_read_1" to="select_ln15" fromId="3" toId="17">
</dataflow>
<dataflow id="121" from="regs_7_10_load" to="select_ln15" fromId="16" toId="17">
</dataflow>
<dataflow id="122" from="regs_7_9" to="regs_7_9_load" fromId="78" toId="18">
</dataflow>
<dataflow id="123" from="load_read" to="select_ln15_1" fromId="2" toId="19">
</dataflow>
<dataflow id="124" from="load_data_10_read_1" to="select_ln15_1" fromId="4" toId="19">
</dataflow>
<dataflow id="125" from="regs_7_9_load" to="select_ln15_1" fromId="18" toId="19">
</dataflow>
<dataflow id="126" from="select_ln15_1" to="store_ln16" fromId="19" toId="20">
</dataflow>
<dataflow id="127" from="regs_7_10" to="store_ln16" fromId="77" toId="20">
</dataflow>
<dataflow id="128" from="regs_7_8" to="regs_7_8_load" fromId="79" toId="21">
</dataflow>
<dataflow id="129" from="load_read" to="select_ln15_2" fromId="2" toId="22">
</dataflow>
<dataflow id="130" from="load_data_9_read_1" to="select_ln15_2" fromId="5" toId="22">
</dataflow>
<dataflow id="131" from="regs_7_8_load" to="select_ln15_2" fromId="21" toId="22">
</dataflow>
<dataflow id="132" from="select_ln15_2" to="store_ln16" fromId="22" toId="23">
</dataflow>
<dataflow id="133" from="regs_7_9" to="store_ln16" fromId="78" toId="23">
</dataflow>
<dataflow id="134" from="regs_7_7" to="regs_7_7_load" fromId="80" toId="24">
</dataflow>
<dataflow id="135" from="load_read" to="select_ln15_3" fromId="2" toId="25">
</dataflow>
<dataflow id="136" from="load_data_8_read_1" to="select_ln15_3" fromId="6" toId="25">
</dataflow>
<dataflow id="137" from="regs_7_7_load" to="select_ln15_3" fromId="24" toId="25">
</dataflow>
<dataflow id="138" from="select_ln15_3" to="store_ln16" fromId="25" toId="26">
</dataflow>
<dataflow id="139" from="regs_7_8" to="store_ln16" fromId="79" toId="26">
</dataflow>
<dataflow id="140" from="regs_7_6" to="regs_7_6_load" fromId="81" toId="27">
</dataflow>
<dataflow id="141" from="load_read" to="select_ln15_4" fromId="2" toId="28">
</dataflow>
<dataflow id="142" from="load_data_7_read_1" to="select_ln15_4" fromId="7" toId="28">
</dataflow>
<dataflow id="143" from="regs_7_6_load" to="select_ln15_4" fromId="27" toId="28">
</dataflow>
<dataflow id="144" from="select_ln15_4" to="store_ln16" fromId="28" toId="29">
</dataflow>
<dataflow id="145" from="regs_7_7" to="store_ln16" fromId="80" toId="29">
</dataflow>
<dataflow id="146" from="regs_7_5" to="regs_7_5_load" fromId="82" toId="30">
</dataflow>
<dataflow id="147" from="load_read" to="select_ln15_5" fromId="2" toId="31">
</dataflow>
<dataflow id="148" from="load_data_6_read_1" to="select_ln15_5" fromId="8" toId="31">
</dataflow>
<dataflow id="149" from="regs_7_5_load" to="select_ln15_5" fromId="30" toId="31">
</dataflow>
<dataflow id="150" from="select_ln15_5" to="store_ln16" fromId="31" toId="32">
</dataflow>
<dataflow id="151" from="regs_7_6" to="store_ln16" fromId="81" toId="32">
</dataflow>
<dataflow id="152" from="regs_7_4" to="regs_7_4_load" fromId="83" toId="33">
</dataflow>
<dataflow id="153" from="load_read" to="select_ln15_6" fromId="2" toId="34">
</dataflow>
<dataflow id="154" from="load_data_5_read_1" to="select_ln15_6" fromId="9" toId="34">
</dataflow>
<dataflow id="155" from="regs_7_4_load" to="select_ln15_6" fromId="33" toId="34">
</dataflow>
<dataflow id="156" from="select_ln15_6" to="store_ln16" fromId="34" toId="35">
</dataflow>
<dataflow id="157" from="regs_7_5" to="store_ln16" fromId="82" toId="35">
</dataflow>
<dataflow id="158" from="regs_7_3" to="regs_7_3_load" fromId="84" toId="36">
</dataflow>
<dataflow id="159" from="load_read" to="select_ln15_7" fromId="2" toId="37">
</dataflow>
<dataflow id="160" from="load_data_4_read_1" to="select_ln15_7" fromId="10" toId="37">
</dataflow>
<dataflow id="161" from="regs_7_3_load" to="select_ln15_7" fromId="36" toId="37">
</dataflow>
<dataflow id="162" from="select_ln15_7" to="store_ln16" fromId="37" toId="38">
</dataflow>
<dataflow id="163" from="regs_7_4" to="store_ln16" fromId="83" toId="38">
</dataflow>
<dataflow id="164" from="regs_7_2" to="regs_7_2_load" fromId="85" toId="39">
</dataflow>
<dataflow id="165" from="load_read" to="select_ln15_8" fromId="2" toId="40">
</dataflow>
<dataflow id="166" from="load_data_3_read_1" to="select_ln15_8" fromId="11" toId="40">
</dataflow>
<dataflow id="167" from="regs_7_2_load" to="select_ln15_8" fromId="39" toId="40">
</dataflow>
<dataflow id="168" from="select_ln15_8" to="store_ln16" fromId="40" toId="41">
</dataflow>
<dataflow id="169" from="regs_7_3" to="store_ln16" fromId="84" toId="41">
</dataflow>
<dataflow id="170" from="regs_7_1" to="regs_7_1_load" fromId="86" toId="42">
</dataflow>
<dataflow id="171" from="load_read" to="select_ln15_9" fromId="2" toId="43">
</dataflow>
<dataflow id="172" from="load_data_2_read_1" to="select_ln15_9" fromId="12" toId="43">
</dataflow>
<dataflow id="173" from="regs_7_1_load" to="select_ln15_9" fromId="42" toId="43">
</dataflow>
<dataflow id="174" from="select_ln15_9" to="store_ln16" fromId="43" toId="44">
</dataflow>
<dataflow id="175" from="regs_7_2" to="store_ln16" fromId="85" toId="44">
</dataflow>
<dataflow id="176" from="regs_7_0" to="regs_7_0_load" fromId="87" toId="45">
</dataflow>
<dataflow id="177" from="load_read" to="select_ln15_10" fromId="2" toId="46">
</dataflow>
<dataflow id="178" from="load_data_1_read_1" to="select_ln15_10" fromId="13" toId="46">
</dataflow>
<dataflow id="179" from="regs_7_0_load" to="select_ln15_10" fromId="45" toId="46">
</dataflow>
<dataflow id="180" from="select_ln15_10" to="store_ln16" fromId="46" toId="47">
</dataflow>
<dataflow id="181" from="regs_7_1" to="store_ln16" fromId="86" toId="47">
</dataflow>
<dataflow id="182" from="load_read" to="select_ln15_11" fromId="2" toId="48">
</dataflow>
<dataflow id="183" from="load_data_0_read_1" to="select_ln15_11" fromId="14" toId="48">
</dataflow>
<dataflow id="184" from="din_read" to="select_ln15_11" fromId="15" toId="48">
</dataflow>
<dataflow id="185" from="select_ln15_11" to="store_ln16" fromId="48" toId="49">
</dataflow>
<dataflow id="186" from="regs_7_0" to="store_ln16" fromId="87" toId="49">
</dataflow>
<dataflow id="188" from="StgValue_187" to="mrv" fromId="187" toId="50">
</dataflow>
<dataflow id="189" from="select_ln15_11" to="mrv" fromId="48" toId="50">
</dataflow>
<dataflow id="190" from="mrv" to="mrv_1" fromId="50" toId="51">
</dataflow>
<dataflow id="191" from="select_ln15_10" to="mrv_1" fromId="46" toId="51">
</dataflow>
<dataflow id="192" from="mrv_1" to="mrv_2" fromId="51" toId="52">
</dataflow>
<dataflow id="193" from="select_ln15_9" to="mrv_2" fromId="43" toId="52">
</dataflow>
<dataflow id="194" from="mrv_2" to="mrv_3" fromId="52" toId="53">
</dataflow>
<dataflow id="195" from="select_ln15_8" to="mrv_3" fromId="40" toId="53">
</dataflow>
<dataflow id="196" from="mrv_3" to="mrv_4" fromId="53" toId="54">
</dataflow>
<dataflow id="197" from="select_ln15_7" to="mrv_4" fromId="37" toId="54">
</dataflow>
<dataflow id="198" from="mrv_4" to="mrv_5" fromId="54" toId="55">
</dataflow>
<dataflow id="199" from="select_ln15_6" to="mrv_5" fromId="34" toId="55">
</dataflow>
<dataflow id="200" from="mrv_5" to="mrv_6" fromId="55" toId="56">
</dataflow>
<dataflow id="201" from="select_ln15_5" to="mrv_6" fromId="31" toId="56">
</dataflow>
<dataflow id="202" from="mrv_6" to="mrv_7" fromId="56" toId="57">
</dataflow>
<dataflow id="203" from="select_ln15_4" to="mrv_7" fromId="28" toId="57">
</dataflow>
<dataflow id="204" from="mrv_7" to="mrv_8" fromId="57" toId="58">
</dataflow>
<dataflow id="205" from="select_ln15_3" to="mrv_8" fromId="25" toId="58">
</dataflow>
<dataflow id="206" from="mrv_8" to="mrv_9" fromId="58" toId="59">
</dataflow>
<dataflow id="207" from="select_ln15_2" to="mrv_9" fromId="22" toId="59">
</dataflow>
<dataflow id="208" from="mrv_9" to="mrv_10" fromId="59" toId="60">
</dataflow>
<dataflow id="209" from="select_ln15_1" to="mrv_10" fromId="19" toId="60">
</dataflow>
<dataflow id="210" from="mrv_10" to="mrv_s" fromId="60" toId="61">
</dataflow>
<dataflow id="211" from="select_ln15" to="mrv_s" fromId="17" toId="61">
</dataflow>
<dataflow id="212" from="mrv_s" to="ret_ln30" fromId="61" toId="62">
</dataflow>
<dataflow id="213" from="load_read" to="StgValue_1" fromId="2" toId="1">
</dataflow>
</dataflows>


</stg>
