{
  "Top": "shift_reg",
  "RtlTop": "shift_reg",
  "RtlPrefix": "",
  "SourceLanguage": "cpp",
  "ResetStyle": "control",
  "GenerateBdFiles": "0",
  "HostMachineBits": "64",
  "Target": {
    "Family": "zynq",
    "Device": "xc7z020",
    "Package": "-clg400",
    "Speed": "-1"
  },
  "HlsSolution": {"Config": [
      "config_export -format=ip_catalog",
      "config_export -rtl=verilog",
      "config_export -vivado_optimization_level=2",
      "config_export -vivado_phys_opt=place",
      "config_export -vivado_report_level=0",
      "config_sdx -optimization_level=none",
      "config_sdx -target=none"
    ]},
  "Args": {
    "din0": {
      "index": "0",
      "type": {
        "dataType": "signed",
        "dataWidth": "8",
        "interfaceRef": "din0"
      }
    },
    "din1": {
      "index": "1",
      "type": {
        "dataType": "int",
        "dataWidth": "32",
        "interfaceRef": "din1"
      }
    },
    "load_data": {
      "index": "2",
      "type": {
        "kinds": ["array"],
        "dataType": "signed",
        "dataWidth": "8",
        "arraySizes": ["12"]
      }
    },
    "dout0": {
      "index": "3",
      "type": {
        "kinds": ["array"],
        "dataType": "signed",
        "dataWidth": "8",
        "arraySizes": ["12"]
      }
    },
    "dout1": {
      "index": "4",
      "type": {
        "kinds": ["array"],
        "dataType": "int",
        "dataWidth": "32",
        "arraySizes": ["4"]
      }
    },
    "srst": {
      "index": "5",
      "type": {
        "dataType": "bool",
        "dataWidth": "1",
        "interfaceRef": "srst"
      }
    },
    "load": {
      "index": "6",
      "type": {
        "dataType": "bool",
        "dataWidth": "1",
        "interfaceRef": "load"
      }
    },
    "en": {
      "index": "7",
      "type": {
        "dataType": "bool",
        "dataWidth": "1",
        "interfaceRef": "en"
      }
    },
    "select": {
      "index": "8",
      "type": {
        "dataType": "ap_uint",
        "dataWidth": "3",
        "interfaceRef": "select_V"
      }
    }
  },
  "Return": {
    
  },
  "ClockInfo": {
    "ClockName": "ap_clk",
    "ClockPeriod": "10",
    "IsCombLogic": "0",
    "II": "x",
    "Latency": "1",
    "Uncertainty": "1.25"
  },
  "Xdc": {"OocClocks": ["create_clock -name ap_clk -period 10.000 [get_ports ap_clk]"]},
  "Ipx": {
    "Vendor": "xilinx.com",
    "Library": "hls",
    "Name": "shift_reg",
    "Version": "1.0",
    "DisplayName": "Shift_reg",
    "Revision": "",
    "Description": "An IP generated by Vivado HLS",
    "Taxonomy": "\/VIVADO_HLS_IP",
    "AutoFamilySupport": ""
  },
  "Files": {
    "CSource": [
      "..\/shift_reg.cpp",
      "..\/shift_reg_basic.cpp",
      "..\/shift_reg_class.cpp",
      "..\/shift_reg_en.cpp",
      "..\/shift_reg_ip.cpp",
      "..\/shift_reg_load.cpp",
      "..\/shift_reg_sreset.cpp",
      "..\/shift_reg_template.cpp"
    ],
    "Vhdl": [
      "impl\/vhdl\/shift_reg_basic.vhd",
      "impl\/vhdl\/shift_reg_class.vhd",
      "impl\/vhdl\/shift_reg_en.vhd",
      "impl\/vhdl\/shift_reg_ip.vhd",
      "impl\/vhdl\/shift_reg_ip_Sregbkb.vhd",
      "impl\/vhdl\/shift_reg_load.vhd",
      "impl\/vhdl\/shift_reg_sreset.vhd",
      "impl\/vhdl\/shift_reg_template.vhd",
      "impl\/vhdl\/shift_reg.vhd"
    ],
    "Verilog": [
      "impl\/verilog\/shift_reg_basic.v",
      "impl\/verilog\/shift_reg_class.v",
      "impl\/verilog\/shift_reg_en.v",
      "impl\/verilog\/shift_reg_ip.v",
      "impl\/verilog\/shift_reg_ip_Sregbkb.v",
      "impl\/verilog\/shift_reg_load.v",
      "impl\/verilog\/shift_reg_sreset.v",
      "impl\/verilog\/shift_reg_template.v",
      "impl\/verilog\/shift_reg.v"
    ],
    "Misc": ["impl\/misc\/logo.png"],
    "DesignXml": "D:\/Repo\/hls\/labA\/Shift_Register\/solution1\/.autopilot\/db\/shift_reg.design.xml",
    "DebugDir": "D:\/Repo\/hls\/labA\/Shift_Register\/solution1\/.debug",
    "ProtoInst": [
      "D:\/Repo\/hls\/labA\/Shift_Register\/solution1\/.debug\/shift_reg.protoinst",
      "D:\/Repo\/hls\/labA\/Shift_Register\/solution1\/.debug\/shift_reg_basic.protoinst",
      "D:\/Repo\/hls\/labA\/Shift_Register\/solution1\/.debug\/shift_reg_class.protoinst",
      "D:\/Repo\/hls\/labA\/Shift_Register\/solution1\/.debug\/shift_reg_en.protoinst",
      "D:\/Repo\/hls\/labA\/Shift_Register\/solution1\/.debug\/shift_reg_template.protoinst"
    ]
  },
  "SubcoreInfo": {
    "HasXpmMemory": false,
    "HasClockedDsp": false,
    "IP": []
  },
  "Interfaces": {
    "ap_clk": {
      "type": "clock",
      "ctype": {"CLK": {"Type": "bool"}},
      "bundle_name": "ap_clk",
      "bundle_role": "default",
      "reset": "ap_rst"
    },
    "ap_ctrl": {
      "type": "ap_ctrl",
      "ctrl_ports": "ap_start ap_done ap_idle ap_ready",
      "ctype": {
        "start": {"Type": "bool"},
        "done": {"Type": "bool"},
        "idle": {"Type": "bool"},
        "ready": {"Type": "bool"}
      }
    },
    "ap_rst": {
      "type": "reset",
      "polarity": "ACTIVE_HIGH",
      "ctype": {"RST": {"Type": "bool"}},
      "bundle_name": "ap_rst",
      "bundle_role": "default"
    },
    "din0": {
      "type": "data",
      "dir": "in",
      "width": "8",
      "ctype": {"DATA": {
          "Type": "integer signed",
          "Width": "8"
        }},
      "bundle_name": "din0",
      "bundle_role": "default"
    },
    "din1": {
      "type": "data",
      "dir": "in",
      "width": "32",
      "ctype": {"DATA": {
          "Type": "integer signed",
          "Width": "32"
        }},
      "bundle_name": "din1",
      "bundle_role": "default"
    },
    "dout0_0": {
      "type": "data",
      "dir": "out",
      "width": "8",
      "ctype": {"DATA": {
          "Type": "integer signed",
          "Width": "8"
        }},
      "bundle_name": "dout0_0",
      "bundle_role": "default"
    },
    "dout0_1": {
      "type": "data",
      "dir": "out",
      "width": "8",
      "ctype": {"DATA": {
          "Type": "integer signed",
          "Width": "8"
        }},
      "bundle_name": "dout0_1",
      "bundle_role": "default"
    },
    "dout0_2": {
      "type": "data",
      "dir": "out",
      "width": "8",
      "ctype": {"DATA": {
          "Type": "integer signed",
          "Width": "8"
        }},
      "bundle_name": "dout0_2",
      "bundle_role": "default"
    },
    "dout0_3": {
      "type": "data",
      "dir": "out",
      "width": "8",
      "ctype": {"DATA": {
          "Type": "integer signed",
          "Width": "8"
        }},
      "bundle_name": "dout0_3",
      "bundle_role": "default"
    },
    "dout0_4": {
      "type": "data",
      "dir": "out",
      "width": "8",
      "ctype": {"DATA": {
          "Type": "integer signed",
          "Width": "8"
        }},
      "bundle_name": "dout0_4",
      "bundle_role": "default"
    },
    "dout0_5": {
      "type": "data",
      "dir": "out",
      "width": "8",
      "ctype": {"DATA": {
          "Type": "integer signed",
          "Width": "8"
        }},
      "bundle_name": "dout0_5",
      "bundle_role": "default"
    },
    "dout0_6": {
      "type": "data",
      "dir": "out",
      "width": "8",
      "ctype": {"DATA": {
          "Type": "integer signed",
          "Width": "8"
        }},
      "bundle_name": "dout0_6",
      "bundle_role": "default"
    },
    "dout0_7": {
      "type": "data",
      "dir": "out",
      "width": "8",
      "ctype": {"DATA": {
          "Type": "integer signed",
          "Width": "8"
        }},
      "bundle_name": "dout0_7",
      "bundle_role": "default"
    },
    "dout0_8": {
      "type": "data",
      "dir": "out",
      "width": "8",
      "ctype": {"DATA": {
          "Type": "integer signed",
          "Width": "8"
        }},
      "bundle_name": "dout0_8",
      "bundle_role": "default"
    },
    "dout0_9": {
      "type": "data",
      "dir": "out",
      "width": "8",
      "ctype": {"DATA": {
          "Type": "integer signed",
          "Width": "8"
        }},
      "bundle_name": "dout0_9",
      "bundle_role": "default"
    },
    "dout0_10": {
      "type": "data",
      "dir": "out",
      "width": "8",
      "ctype": {"DATA": {
          "Type": "integer signed",
          "Width": "8"
        }},
      "bundle_name": "dout0_10",
      "bundle_role": "default"
    },
    "dout0_11": {
      "type": "data",
      "dir": "out",
      "width": "8",
      "ctype": {"DATA": {
          "Type": "integer signed",
          "Width": "8"
        }},
      "bundle_name": "dout0_11",
      "bundle_role": "default"
    },
    "dout1_0": {
      "type": "data",
      "dir": "out",
      "width": "32",
      "ctype": {"DATA": {
          "Type": "integer signed",
          "Width": "32"
        }},
      "bundle_name": "dout1_0",
      "bundle_role": "default"
    },
    "dout1_1": {
      "type": "data",
      "dir": "out",
      "width": "32",
      "ctype": {"DATA": {
          "Type": "integer signed",
          "Width": "32"
        }},
      "bundle_name": "dout1_1",
      "bundle_role": "default"
    },
    "dout1_2": {
      "type": "data",
      "dir": "out",
      "width": "32",
      "ctype": {"DATA": {
          "Type": "integer signed",
          "Width": "32"
        }},
      "bundle_name": "dout1_2",
      "bundle_role": "default"
    },
    "dout1_3": {
      "type": "data",
      "dir": "out",
      "width": "32",
      "ctype": {"DATA": {
          "Type": "integer signed",
          "Width": "32"
        }},
      "bundle_name": "dout1_3",
      "bundle_role": "default"
    },
    "en": {
      "type": "data",
      "dir": "in",
      "width": "1",
      "ctype": {"DATA": {
          "Type": "null",
          "Width": "1"
        }},
      "bundle_name": "en",
      "bundle_role": "default"
    },
    "load": {
      "type": "data",
      "dir": "in",
      "width": "1",
      "ctype": {"DATA": {
          "Type": "null",
          "Width": "1"
        }},
      "bundle_name": "load",
      "bundle_role": "default"
    },
    "load_data_0": {
      "type": "data",
      "dir": "in",
      "width": "8",
      "ctype": {"DATA": {
          "Type": "integer signed",
          "Width": "8"
        }},
      "bundle_name": "load_data_0",
      "bundle_role": "default"
    },
    "load_data_1": {
      "type": "data",
      "dir": "in",
      "width": "8",
      "ctype": {"DATA": {
          "Type": "integer signed",
          "Width": "8"
        }},
      "bundle_name": "load_data_1",
      "bundle_role": "default"
    },
    "load_data_2": {
      "type": "data",
      "dir": "in",
      "width": "8",
      "ctype": {"DATA": {
          "Type": "integer signed",
          "Width": "8"
        }},
      "bundle_name": "load_data_2",
      "bundle_role": "default"
    },
    "load_data_3": {
      "type": "data",
      "dir": "in",
      "width": "8",
      "ctype": {"DATA": {
          "Type": "integer signed",
          "Width": "8"
        }},
      "bundle_name": "load_data_3",
      "bundle_role": "default"
    },
    "load_data_4": {
      "type": "data",
      "dir": "in",
      "width": "8",
      "ctype": {"DATA": {
          "Type": "integer signed",
          "Width": "8"
        }},
      "bundle_name": "load_data_4",
      "bundle_role": "default"
    },
    "load_data_5": {
      "type": "data",
      "dir": "in",
      "width": "8",
      "ctype": {"DATA": {
          "Type": "integer signed",
          "Width": "8"
        }},
      "bundle_name": "load_data_5",
      "bundle_role": "default"
    },
    "load_data_6": {
      "type": "data",
      "dir": "in",
      "width": "8",
      "ctype": {"DATA": {
          "Type": "integer signed",
          "Width": "8"
        }},
      "bundle_name": "load_data_6",
      "bundle_role": "default"
    },
    "load_data_7": {
      "type": "data",
      "dir": "in",
      "width": "8",
      "ctype": {"DATA": {
          "Type": "integer signed",
          "Width": "8"
        }},
      "bundle_name": "load_data_7",
      "bundle_role": "default"
    },
    "load_data_8": {
      "type": "data",
      "dir": "in",
      "width": "8",
      "ctype": {"DATA": {
          "Type": "integer signed",
          "Width": "8"
        }},
      "bundle_name": "load_data_8",
      "bundle_role": "default"
    },
    "load_data_9": {
      "type": "data",
      "dir": "in",
      "width": "8",
      "ctype": {"DATA": {
          "Type": "integer signed",
          "Width": "8"
        }},
      "bundle_name": "load_data_9",
      "bundle_role": "default"
    },
    "load_data_10": {
      "type": "data",
      "dir": "in",
      "width": "8",
      "ctype": {"DATA": {
          "Type": "integer signed",
          "Width": "8"
        }},
      "bundle_name": "load_data_10",
      "bundle_role": "default"
    },
    "load_data_11": {
      "type": "data",
      "dir": "in",
      "width": "8",
      "ctype": {"DATA": {
          "Type": "integer signed",
          "Width": "8"
        }},
      "bundle_name": "load_data_11",
      "bundle_role": "default"
    },
    "select_V": {
      "type": "data",
      "dir": "in",
      "width": "3",
      "ctype": {"DATA": {
          "Type": "integer unsigned",
          "Width": "3"
        }},
      "bundle_name": "select_V",
      "bundle_role": "default"
    },
    "srst": {
      "type": "data",
      "dir": "in",
      "width": "1",
      "ctype": {"DATA": {
          "Type": "null",
          "Width": "1"
        }},
      "bundle_name": "srst",
      "bundle_role": "default"
    }
  },
  "RtlPorts": {
    "ap_clk": {
      "dir": "in",
      "width": "1"
    },
    "ap_rst": {
      "dir": "in",
      "width": "1"
    },
    "ap_start": {
      "dir": "in",
      "width": "1"
    },
    "ap_done": {
      "dir": "out",
      "width": "1"
    },
    "ap_idle": {
      "dir": "out",
      "width": "1"
    },
    "ap_ready": {
      "dir": "out",
      "width": "1"
    },
    "din0": {
      "dir": "in",
      "width": "8"
    },
    "din1": {
      "dir": "in",
      "width": "32"
    },
    "load_data_0": {
      "dir": "in",
      "width": "8"
    },
    "load_data_1": {
      "dir": "in",
      "width": "8"
    },
    "load_data_2": {
      "dir": "in",
      "width": "8"
    },
    "load_data_3": {
      "dir": "in",
      "width": "8"
    },
    "load_data_4": {
      "dir": "in",
      "width": "8"
    },
    "load_data_5": {
      "dir": "in",
      "width": "8"
    },
    "load_data_6": {
      "dir": "in",
      "width": "8"
    },
    "load_data_7": {
      "dir": "in",
      "width": "8"
    },
    "load_data_8": {
      "dir": "in",
      "width": "8"
    },
    "load_data_9": {
      "dir": "in",
      "width": "8"
    },
    "load_data_10": {
      "dir": "in",
      "width": "8"
    },
    "load_data_11": {
      "dir": "in",
      "width": "8"
    },
    "dout0_0": {
      "dir": "out",
      "width": "8"
    },
    "dout0_0_ap_vld": {
      "dir": "out",
      "width": "1"
    },
    "dout0_1": {
      "dir": "out",
      "width": "8"
    },
    "dout0_1_ap_vld": {
      "dir": "out",
      "width": "1"
    },
    "dout0_2": {
      "dir": "out",
      "width": "8"
    },
    "dout0_2_ap_vld": {
      "dir": "out",
      "width": "1"
    },
    "dout0_3": {
      "dir": "out",
      "width": "8"
    },
    "dout0_3_ap_vld": {
      "dir": "out",
      "width": "1"
    },
    "dout0_4": {
      "dir": "out",
      "width": "8"
    },
    "dout0_4_ap_vld": {
      "dir": "out",
      "width": "1"
    },
    "dout0_5": {
      "dir": "out",
      "width": "8"
    },
    "dout0_5_ap_vld": {
      "dir": "out",
      "width": "1"
    },
    "dout0_6": {
      "dir": "out",
      "width": "8"
    },
    "dout0_6_ap_vld": {
      "dir": "out",
      "width": "1"
    },
    "dout0_7": {
      "dir": "out",
      "width": "8"
    },
    "dout0_7_ap_vld": {
      "dir": "out",
      "width": "1"
    },
    "dout0_8": {
      "dir": "out",
      "width": "8"
    },
    "dout0_8_ap_vld": {
      "dir": "out",
      "width": "1"
    },
    "dout0_9": {
      "dir": "out",
      "width": "8"
    },
    "dout0_9_ap_vld": {
      "dir": "out",
      "width": "1"
    },
    "dout0_10": {
      "dir": "out",
      "width": "8"
    },
    "dout0_10_ap_vld": {
      "dir": "out",
      "width": "1"
    },
    "dout0_11": {
      "dir": "out",
      "width": "8"
    },
    "dout0_11_ap_vld": {
      "dir": "out",
      "width": "1"
    },
    "dout1_0": {
      "dir": "out",
      "width": "32"
    },
    "dout1_0_ap_vld": {
      "dir": "out",
      "width": "1"
    },
    "dout1_1": {
      "dir": "out",
      "width": "32"
    },
    "dout1_1_ap_vld": {
      "dir": "out",
      "width": "1"
    },
    "dout1_2": {
      "dir": "out",
      "width": "32"
    },
    "dout1_2_ap_vld": {
      "dir": "out",
      "width": "1"
    },
    "dout1_3": {
      "dir": "out",
      "width": "32"
    },
    "dout1_3_ap_vld": {
      "dir": "out",
      "width": "1"
    },
    "srst": {
      "dir": "in",
      "width": "1"
    },
    "load": {
      "dir": "in",
      "width": "1"
    },
    "en": {
      "dir": "in",
      "width": "1"
    },
    "select_V": {
      "dir": "in",
      "width": "3"
    }
  },
  "ModuleInfo": {
    "Hierarchy": {
      "ModuleName": "shift_reg",
      "Instances": [
        {
          "ModuleName": "shift_reg_class",
          "InstanceName": "grp_shift_reg_class_fu_470"
        },
        {
          "ModuleName": "shift_reg_en",
          "InstanceName": "grp_shift_reg_en_fu_522"
        },
        {
          "ModuleName": "shift_reg_load",
          "InstanceName": "call_ret4_shift_reg_load_fu_554"
        },
        {
          "ModuleName": "shift_reg_sreset",
          "InstanceName": "call_ret5_shift_reg_sreset_fu_598"
        },
        {
          "ModuleName": "shift_reg_ip",
          "InstanceName": "grp_shift_reg_ip_fu_626"
        },
        {
          "ModuleName": "shift_reg_basic",
          "InstanceName": "call_ret2_shift_reg_basic_fu_636"
        },
        {
          "ModuleName": "shift_reg_template",
          "InstanceName": "call_ret1_shift_reg_template_fu_663"
        }
      ]
    },
    "Info": {
      "shift_reg_ip": {
        "FunctionProtocol": "ap_ctrl_hs",
        "isTaskLevelControl": "1",
        "isPipelined": "0",
        "isCombinational": "0",
        "isOneStateSeq": "0"
      },
      "shift_reg_class": {
        "FunctionProtocol": "ap_ctrl_hs",
        "isTaskLevelControl": "1",
        "isPipelined": "0",
        "isCombinational": "0",
        "isOneStateSeq": "0"
      },
      "shift_reg_sreset": {
        "FunctionProtocol": "ap_ctrl_hs",
        "isTaskLevelControl": "1",
        "isPipelined": "0",
        "isCombinational": "0",
        "isOneStateSeq": "1"
      },
      "shift_reg_load": {
        "FunctionProtocol": "ap_ctrl_hs",
        "isTaskLevelControl": "1",
        "isPipelined": "0",
        "isCombinational": "0",
        "isOneStateSeq": "1"
      },
      "shift_reg_en": {
        "FunctionProtocol": "ap_ctrl_hs",
        "isTaskLevelControl": "1",
        "isPipelined": "0",
        "isCombinational": "0",
        "isOneStateSeq": "0"
      },
      "shift_reg_basic": {
        "FunctionProtocol": "ap_ctrl_hs",
        "isTaskLevelControl": "1",
        "isPipelined": "0",
        "isCombinational": "0",
        "isOneStateSeq": "1"
      },
      "shift_reg_template": {
        "FunctionProtocol": "ap_ctrl_hs",
        "isTaskLevelControl": "1",
        "isPipelined": "0",
        "isCombinational": "0",
        "isOneStateSeq": "1"
      },
      "shift_reg": {
        "FunctionProtocol": "ap_ctrl_hs",
        "isTaskLevelControl": "1",
        "isPipelined": "0",
        "isCombinational": "0",
        "isOneStateSeq": "0"
      }
    },
    "Metrics": {
      "shift_reg_ip": {
        "Latency": {
          "LatencyBest": "12",
          "LatencyAvg": "12",
          "LatencyWorst": "12",
          "PipelineII": "12",
          "PipelineDepth": "",
          "PipelineType": "none"
        },
        "Timing": {
          "Target": "10.00",
          "Uncertainty": "1.25",
          "Estimate": "1.617"
        },
        "Area": {
          "BRAM_18K": "0",
          "FF": "165",
          "LUT": "165",
          "DSP48E": "0",
          "URAM": "0"
        }
      },
      "shift_reg_class": {
        "Latency": {
          "LatencyBest": "1",
          "LatencyAvg": "1",
          "LatencyWorst": "1",
          "PipelineII": "1",
          "PipelineDepth": "",
          "PipelineType": "none"
        },
        "Timing": {
          "Target": "10.00",
          "Uncertainty": "1.25",
          "Estimate": "1.769"
        },
        "Area": {
          "FF": "282",
          "LUT": "354",
          "BRAM_18K": "0",
          "DSP48E": "0",
          "URAM": "0"
        }
      },
      "shift_reg_sreset": {
        "Latency": {
          "LatencyBest": "0",
          "LatencyAvg": "0",
          "LatencyWorst": "0",
          "PipelineII": "0",
          "PipelineDepth": "",
          "PipelineType": "none"
        },
        "Timing": {
          "Target": "10.00",
          "Uncertainty": "1.25",
          "Estimate": "1.248"
        },
        "Area": {
          "FF": "185",
          "LUT": "204",
          "BRAM_18K": "0",
          "DSP48E": "0",
          "URAM": "0"
        }
      },
      "shift_reg_load": {
        "Latency": {
          "LatencyBest": "0",
          "LatencyAvg": "0",
          "LatencyWorst": "0",
          "PipelineII": "0",
          "PipelineDepth": "",
          "PipelineType": "none"
        },
        "Timing": {
          "Target": "10.00",
          "Uncertainty": "1.25",
          "Estimate": "1.248"
        },
        "Area": {
          "FF": "185",
          "LUT": "204",
          "BRAM_18K": "0",
          "DSP48E": "0",
          "URAM": "0"
        }
      },
      "shift_reg_en": {
        "Latency": {
          "LatencyBest": "1",
          "LatencyAvg": "1",
          "LatencyWorst": "1",
          "PipelineII": "1",
          "PipelineDepth": "",
          "PipelineType": "none"
        },
        "Timing": {
          "Target": "10.00",
          "Uncertainty": "1.25",
          "Estimate": "1.769"
        },
        "Area": {
          "FF": "282",
          "LUT": "222",
          "BRAM_18K": "0",
          "DSP48E": "0",
          "URAM": "0"
        }
      },
      "shift_reg_basic": {
        "Latency": {
          "LatencyBest": "0",
          "LatencyAvg": "0",
          "LatencyWorst": "0",
          "PipelineII": "0",
          "PipelineDepth": "",
          "PipelineType": "none"
        },
        "Timing": {
          "Target": "10.00",
          "Uncertainty": "1.25",
          "Estimate": "0.000"
        },
        "Area": {
          "FF": "185",
          "LUT": "108",
          "BRAM_18K": "0",
          "DSP48E": "0",
          "URAM": "0"
        }
      },
      "shift_reg_template": {
        "Latency": {
          "LatencyBest": "0",
          "LatencyAvg": "0",
          "LatencyWorst": "0",
          "PipelineII": "0",
          "PipelineDepth": "",
          "PipelineType": "none"
        },
        "Timing": {
          "Target": "10.00",
          "Uncertainty": "1.25",
          "Estimate": "0.000"
        },
        "Area": {
          "FF": "345",
          "LUT": "108",
          "BRAM_18K": "0",
          "DSP48E": "0",
          "URAM": "0"
        }
      },
      "shift_reg": {
        "Latency": {
          "LatencyBest": "1",
          "LatencyAvg": "3",
          "LatencyWorst": "13",
          "PipelineIIMin": "2",
          "PipelineIIMax": "14",
          "PipelineII": "2 ~ 14",
          "PipelineDepth": "",
          "PipelineType": "none"
        },
        "Timing": {
          "Target": "10.00",
          "Uncertainty": "1.25",
          "Estimate": "3.017"
        },
        "Area": {
          "BRAM_18K": "0",
          "FF": "1634",
          "LUT": "1862",
          "DSP48E": "0",
          "URAM": "0"
        }
      }
    }
  },
  "Sdx": {
    "Target": "none",
    "ProfileOption": "0",
    "ProfileType": "none",
    "XO": "",
    "KernelName": "shift_reg",
    "EnableXoSwEmu": "1"
  },
  "GenData": {
    "DataVersion": "0.2",
    "Time": "2021-04-08 07:05:24 +0800",
    "ToolName": "vivado_hls",
    "ToolVersion": "2019.2"
  }
}
